year,movie_title,color,director_name,num_critic_for_reviews,duration,director_facebook_likes,actor_3_facebook_likes,actor_2_name,actor_1_facebook_likes,grossmillions,genres,actor_1_name,num_voted_users,cast_total_facebook_likes,actor_3_name,facenumber_in_poster,plot_keywords,movie_imdb_link,num_user_for_reviews,language,country,content_rating,budgetmillions,actor_2_facebook_likes,imdb_score,aspect_ratio,movie_facebook_likes
2015,b'Spectre',Color,Sam Mendes,602,148,0,161,Rory Kinnear,11000,200.074175,Action|Adventure|Thriller,Christoph Waltz,275868,11700,Stephanie Sigman,1,bomb|espionage|sequel|spy|terrorist,http://www.imdb.com/title/tt2379713/?ref_=fn_tt_tt_1,994,English,UK,PG-13,245,393,6.8,2.35,85000
2012,b'The Dark Knight Rises',Color,Christopher Nolan,813,164,22000,23000,Christian Bale,27000,448.130642,Action|Thriller,Tom Hardy,1144337,106759,Joseph Gordon-Levitt,0,deception|imprisonment|lawlessness|police officer|terrorist plot,http://www.imdb.com/title/tt1345836/?ref_=fn_tt_tt_1,2701,English,USA,PG-13,250,23000,8.5,2.35,164000
2012,b'John Carter',Color,Andrew Stanton,462,132,475,530,Samantha Morton,640,73.058679,Action|Adventure|Sci-Fi,Daryl Sabara,212204,1873,Polly Walker,1,alien|american civil war|male nipple|mars|princess,http://www.imdb.com/title/tt0401729/?ref_=fn_tt_tt_1,738,English,USA,PG-13,263.7,632,6.6,2.35,24000
2010,b'Tangled',Color,Nathan Greno,324,100,15,284,Donna Murphy,799,200.807262,Adventure|Animation|Comedy|Family|Fantasy|Musical|Romance,Brad Garrett,294810,2036,M.C. Gainey,1,17th century|based on fairy tale|disney|flower|tower,http://www.imdb.com/title/tt0398286/?ref_=fn_tt_tt_1,387,English,USA,PG,260,553,7.8,1.85,29000
2015,b'Avengers: Age of Ultron',Color,Joss Whedon,635,141,0,19000,Robert Downey Jr.,26000,458.991599,Action|Adventure|Sci-Fi,Chris Hemsworth,462669,92000,Scarlett Johansson,4,artificial intelligence|based on comic book|captain america|marvel cinematic universe|superhero,http://www.imdb.com/title/tt2395427/?ref_=fn_tt_tt_1,1117,English,USA,PG-13,250,21000,7.5,2.35,118000
2009,b'Harry Potter and the Half-Blood Prince',Color,David Yates,375,153,282,10000,Daniel Radcliffe,25000,301.95698,Adventure|Family|Fantasy|Mystery,Alan Rickman,321795,58753,Rupert Grint,3,blood|book|love|potion|professor,http://www.imdb.com/title/tt0417741/?ref_=fn_tt_tt_1,973,English,UK,PG,250,11000,7.5,2.35,10000
2016,b'Batman v Superman: Dawn of Justice',Color,Zack Snyder,673,183,0,2000,Lauren Cohan,15000,330.249062,Action|Adventure|Sci-Fi,Henry Cavill,371639,24450,Alan D. Purwin,0,based on comic book|batman|sequel to a reboot|superhero|superman,http://www.imdb.com/title/tt2975590/?ref_=fn_tt_tt_1,3018,English,USA,PG-13,250,4000,6.9,2.35,197000
2006,"b""Pirates of the Caribbean: Dead Man's Chest""",Color,Gore Verbinski,313,151,563,1000,Orlando Bloom,40000,423.032628,Action|Adventure|Fantasy,Johnny Depp,522040,48486,Jack Davenport,2,box office hit|giant squid|heart|liar's dice|monster,http://www.imdb.com/title/tt0383574/?ref_=fn_tt_tt_1,1832,English,USA,PG-13,225,5000,7.3,2.35,5000
2013,b'The Lone Ranger',Color,Gore Verbinski,450,150,563,1000,Ruth Wilson,40000,89.28991,Action|Adventure|Western,Johnny Depp,181792,45757,Tom Wilkinson,1,horse|outlaw|texas|texas ranger|train,http://www.imdb.com/title/tt1210819/?ref_=fn_tt_tt_1,711,English,USA,PG-13,215,2000,6.5,2.35,48000
2013,b'Man of Steel',Color,Zack Snyder,733,143,0,748,Christopher Meloni,15000,291.021565,Action|Adventure|Fantasy|Sci-Fi,Henry Cavill,548573,20495,Harry Lennix,0,based on comic book|british actor playing american character|final battle|origin of hero|reboot,http://www.imdb.com/title/tt0770828/?ref_=fn_tt_tt_1,2536,English,USA,PG-13,225,3000,7.2,2.35,118000
2011,b'Pirates of the Caribbean: On Stranger Tides',Color,Rob Marshall,448,136,252,1000,Sam Claflin,40000,241.063875,Action|Adventure|Fantasy,Johnny Depp,370704,54083,Stephen Graham,4,blackbeard|captain|pirate|revenge|soldier,http://www.imdb.com/title/tt1298650/?ref_=fn_tt_tt_1,484,English,USA,PG-13,250,11000,6.7,2.35,58000
2012,b'Men in Black 3',Color,Barry Sonnenfeld,451,106,188,718,Michael Stuhlbarg,10000,179.020854,Action|Adventure|Comedy|Family|Fantasy|Sci-Fi,Will Smith,268154,12572,Nicole Scherzinger,1,alien|criminal|m.i.b.|maximum security prison|prison,http://www.imdb.com/title/tt1409024/?ref_=fn_tt_tt_1,341,English,USA,PG-13,225,816,6.8,1.85,40000
2014,b'The Hobbit: The Battle of the Five Armies',Color,Peter Jackson,422,164,0,773,Adam Brown,5000,255.10837,Adventure|Fantasy,Aidan Turner,354228,9152,James Nesbitt,0,army|elf|hobbit|middle earth|orc,http://www.imdb.com/title/tt2310332/?ref_=fn_tt_tt_1,802,English,New Zealand,PG-13,250,972,7.5,2.35,65000
2012,b'The Amazing Spider-Man',Color,Marc Webb,599,153,464,963,Andrew Garfield,15000,262.030663,Action|Adventure|Fantasy,Emma Stone,451803,28489,Chris Zylka,0,lizard|outcast|spider|spider man|teenager,http://www.imdb.com/title/tt0948470/?ref_=fn_tt_tt_1,1225,English,USA,PG-13,230,10000,7,2.35,56000
2010,b'Robin Hood',Color,Ridley Scott,343,156,0,738,William Hurt,891,105.219735,Action|Adventure|Drama|History,Mark Addy,211765,3244,Scott Grimes,0,1190s|archer|england|king of england|robin hood,http://www.imdb.com/title/tt0955308/?ref_=fn_tt_tt_1,546,English,USA,PG-13,200,882,6.7,2.35,17000
2013,b'The Hobbit: The Desolation of Smaug',Color,Peter Jackson,509,186,0,773,Adam Brown,5000,258.355354,Adventure|Fantasy,Aidan Turner,483540,9152,James Nesbitt,6,dwarf|elf|lake town|mountain|sword and sorcery,http://www.imdb.com/title/tt1170358/?ref_=fn_tt_tt_1,951,English,USA,PG-13,225,972,7.9,2.35,83000
2016,b'Captain America: Civil War',Color,Anthony Russo,516,147,94,11000,Scarlett Johansson,21000,407.197282,Action|Adventure|Sci-Fi,Robert Downey Jr.,272670,64798,Chris Evans,0,based on comic book|knife|marvel cinematic universe|returning character killed off|superhero,http://www.imdb.com/title/tt3498820/?ref_=fn_tt_tt_1,1022,English,USA,PG-13,250,19000,8.2,2.35,72000
2012,b'Battleship',Color,Peter Berg,377,131,532,627,Alexander Skarsgård,14000,65.17316,Action|Adventure|Sci-Fi|Thriller,Liam Neeson,202382,26679,Tadanobu Asano,0,box office flop|hawaii|naval|oahu hawaii|ship,http://www.imdb.com/title/tt1440129/?ref_=fn_tt_tt_1,751,English,USA,PG-13,209,10000,5.9,2.35,44000
2012,b'Skyfall',Color,Sam Mendes,750,143,0,393,Helen McCrory,883,304.360277,Action|Adventure|Thriller,Albert Finney,522030,2039,Rory Kinnear,0,brawl|childhood home|computer cracker|intelligence agency|terrorist cell,http://www.imdb.com/title/tt1074638/?ref_=fn_tt_tt_1,1498,English,UK,PG-13,200,563,7.8,2.35,80000
2013,b'Iron Man 3',Color,Shane Black,608,189,1000,3000,Jon Favreau,21000,408.992272,Action|Adventure|Sci-Fi,Robert Downey Jr.,557489,30426,Don Cheadle,3,armor|explosion|human bomb|missile attack|terrorist,http://www.imdb.com/title/tt1300854/?ref_=fn_tt_tt_1,1187,English,USA,PG-13,200,4000,7.2,2.35,95000
2010,b'Alice in Wonderland',Color,Tim Burton,451,108,13000,11000,Alan Rickman,40000,334.185206,Adventure|Family|Fantasy,Johnny Depp,306320,79957,Anne Hathaway,0,alice in wonderland|mistaking reality for dream|queen|shrinking|shrinking potion,http://www.imdb.com/title/tt1014759/?ref_=fn_tt_tt_1,736,English,USA,PG,200,25000,6.5,1.85,24000
2013,b'Monsters University',Color,Dan Scanlon,376,104,37,760,Tyler Labine,12000,268.488329,Adventure|Animation|Comedy|Family|Fantasy,Steve Buscemi,235025,14863,Sean Hayes,0,cheating|fraternity|monster|singing in a car|university,http://www.imdb.com/title/tt1453405/?ref_=fn_tt_tt_1,265,English,USA,G,200,779,7.3,1.85,44000
2014,b'Transformers: Age of Extinction',Color,Michael Bay,378,165,0,808,Sophia Myles,974,245.428137,Action|Adventure|Sci-Fi,Bingbing Li,242420,3988,Kelsey Grammer,2,blockbuster|bumblebee the character|semi truck and trailer|texas|truck,http://www.imdb.com/title/tt2109248/?ref_=fn_tt_tt_1,918,English,USA,PG-13,210,956,5.7,2.35,56000
2013,b'Oz the Great and Powerful',Color,Sam Raimi,525,130,0,11000,Mila Kunis,44000,234.903076,Adventure|Family|Fantasy,Tim Holmes,175409,73441,James Franco,4,circus|magic|magician|oz|witch,http://www.imdb.com/title/tt1623205/?ref_=fn_tt_tt_1,511,English,USA,PG,215,15000,6.4,2.35,60000
2014,b'The Amazing Spider-Man 2',Color,Marc Webb,495,142,464,825,Andrew Garfield,15000,202.853933,Action|Adventure|Fantasy|Sci-Fi,Emma Stone,321227,28631,B.J. Novak,0,costumed hero|death of girlfriend|masked vigilante|returning character killed off|teenager,http://www.imdb.com/title/tt1872181/?ref_=fn_tt_tt_1,1067,English,USA,PG-13,200,10000,6.7,2.35,41000
2010,b'TRON: Legacy',Color,Joseph Kosinski,469,125,364,1000,Olivia Wilde,12000,172.051787,Action|Adventure|Sci-Fi,Jeff Bridges,264183,25550,James Frain,0,arcade|bridge|disappearance|escape|warrior,http://www.imdb.com/title/tt1104001/?ref_=fn_tt_tt_1,665,English,USA,PG,170,10000,6.8,2.35,30000
2011,b'Cars 2',Color,John Lasseter,304,106,487,776,Thomas Kretschmann,1000,191.450875,Adventure|Animation|Comedy|Family|Sport,Joe Mantegna,101178,4482,Eddie Izzard,0,best friend|car race|conspiracy|gadget car|spy,http://www.imdb.com/title/tt1216475/?ref_=fn_tt_tt_1,283,English,USA,G,200,919,6.3,2.35,10000
2011,b'Green Lantern',Color,Martin Campbell,436,123,258,326,Temuera Morrison,16000,116.593191,Action|Adventure|Sci-Fi,Ryan Reynolds,223393,17657,Taika Waititi,2,autopsy|lantern|planet|ring|test pilot,http://www.imdb.com/title/tt1133985/?ref_=fn_tt_tt_1,550,English,USA,PG-13,200,368,5.6,2.35,24000
2010,b'Toy Story 3',Color,Lee Unkrich,453,103,125,721,John Ratzenberger,15000,414.984497,Adventure|Animation|Comedy|Family|Fantasy,Tom Hanks,544884,19085,Don Rickles,3,college|day care|escape|teddy bear|toy,http://www.imdb.com/title/tt0435761/?ref_=fn_tt_tt_1,733,English,USA,G,200,1000,8.3,1.85,30000
2015,b'Furious 7',Color,James Wan,424,140,0,14000,Paul Walker,26000,350.03411,Action|Crime|Thriller,Jason Statham,278232,79150,Vin Diesel,0,car falling off a cliff|hospital|revenge|star died before release|terrorist,http://www.imdb.com/title/tt2820852/?ref_=fn_tt_tt_1,657,English,USA,PG-13,190,23000,7.2,2.35,94000
2013,b'World War Z',Color,Marc Forster,654,123,395,1000,Brad Pitt,17000,202.351611,Action|Adventure|Horror|Sci-Fi|Thriller,Peter Capaldi,465019,32392,Mireille Enos,0,chaos|disease|infection|pandemic|zombie,http://www.imdb.com/title/tt0816711/?ref_=fn_tt_tt_1,995,English,USA,PG-13,190,11000,7,2.35,129000
2014,b'X-Men: Days of Future Past',Color,Bryan Singer,539,149,0,20000,Peter Dinklage,34000,233.914986,Action|Adventure|Fantasy|Sci-Fi|Thriller,Jennifer Lawrence,514125,91434,Hugh Jackman,7,dystopia|super strength|supernatural power|time paradox|time travel,http://www.imdb.com/title/tt1877832/?ref_=fn_tt_tt_1,752,English,USA,PG-13,200,22000,8,2.35,82000
2013,b'Star Trek Into Darkness',Color,J.J. Abrams,590,132,14000,928,Bruce Greenwood,19000,228.756232,Action|Adventure|Sci-Fi,Benedict Cumberbatch,395573,21411,Noel Clarke,0,admiral|captain|manhunt|mission|space,http://www.imdb.com/title/tt1408101/?ref_=fn_tt_tt_1,1171,English,USA,PG-13,190,981,7.8,2.35,92000
2013,b'Jack the Giant Slayer',Color,Bryan Singer,338,114,0,140,Ewen Bremner,979,65.17186,Adventure|Fantasy,Eddie Marsan,106416,1766,Ralph Brown,1,bean|giant|king|no opening credits|princess,http://www.imdb.com/title/tt1351685/?ref_=fn_tt_tt_1,205,English,USA,PG-13,195,557,6.3,2.35,22000
2013,b'The Great Gatsby',Color,Baz Luhrmann,490,143,1000,77,Elizabeth Debicki,29000,144.812796,Drama|Romance,Leonardo DiCaprio,362912,29770,Steve Bisley,4,ingratitude|mansion|party|title appears in writing|tragedy,http://www.imdb.com/title/tt1343092/?ref_=fn_tt_tt_1,753,English,Australia,PG-13,105,509,7.3,2.35,115000
2010,b'Prince of Persia: The Sands of Time',Color,Mike Newell,306,116,179,236,Richard Coyle,15000,90.755643,Action|Adventure|Fantasy|Romance,Jake Gyllenhaal,222403,16149,Reece Ritchie,2,alamut|dagger|king|persia|princess,http://www.imdb.com/title/tt0473075/?ref_=fn_tt_tt_1,453,English,USA,PG-13,200,567,6.6,2.35,23000
2013,b'Pacific Rim',Color,Guillermo del Toro,575,131,0,919,Clifton Collins Jr.,16000,101.785482,Action|Adventure|Sci-Fi,Charlie Hunnam,381148,19166,Larry Joe Campbell,0,giant monster|kaiju|pilot|portal|robot,http://www.imdb.com/title/tt1663662/?ref_=fn_tt_tt_1,1106,English,USA,PG-13,190,968,7,1.85,83000
2011,b'Transformers: Dark of the Moon',Color,Michael Bay,428,154,0,581,Lester Speight,894,352.358779,Action|Adventure|Sci-Fi,Glenn Morshower,326180,2593,Kevin Dunn,2,autobot|decepticon|job interview|moon|spacecraft,http://www.imdb.com/title/tt1399103/?ref_=fn_tt_tt_1,899,English,USA,PG-13,195,829,6.3,2.35,46000
2008,b'Indiana Jones and the Kingdom of the Crystal Skull',Color,Steven Spielberg,470,122,14000,1000,Ray Winstone,11000,317.011114,Action|Adventure|Fantasy,Harrison Ford,333847,14959,Jim Broadbent,2,cult figure|femme fatale|indiana jones|unsubtitled foreign language|year 1957,http://www.imdb.com/title/tt0367882/?ref_=fn_tt_tt_1,2054,English,USA,PG-13,185,1000,6.2,2.35,5000
2015,b'The Good Dinosaur',Color,Peter Sohn,298,93,113,113,Jack McGraw,275,123.070338,Adventure|Animation|Comedy|Family|Fantasy,A.J. Buckley,62836,696,Peter Sohn,0,apatosaurus|asteroid|dinosaur|fear|river,http://www.imdb.com/title/tt1979388/?ref_=fn_tt_tt_1,345,English,USA,PG,0,150,6.8,2.35,20000
2012,b'Brave',Color,Mark Andrews,488,93,56,838,John Ratzenberger,2000,237.282182,Adventure|Animation|Comedy|Family|Fantasy,Kelly Macdonald,273556,5005,Julie Walters,0,archery|coming of age|female warrior|princess|rebellious daughter,http://www.imdb.com/title/tt1217209/?ref_=fn_tt_tt_1,428,English,USA,PG,185,1000,7.2,2.35,39000
2016,b'Star Trek Beyond',Color,Justin Lin,322,122,681,105,Melissa Roxburgh,998,130.468626,Action|Adventure|Sci-Fi|Thriller,Sofia Boutella,53607,1327,Lydia Wilson,4,hatred|sequel|space opera|star trek|third part,http://www.imdb.com/title/tt2660888/?ref_=fn_tt_tt_1,432,English,USA,PG-13,185,119,7.5,2.35,30000
2008,b'WALLE',Color,Andrew Stanton,421,98,475,522,Fred Willard,1000,223.806889,Adventure|Animation|Family|Sci-Fi,John Ratzenberger,718837,2975,Jeff Garlin,0,earth|obesity|plant|robot|soil,http://www.imdb.com/title/tt0910970/?ref_=fn_tt_tt_1,1043,English,USA,G,180,729,8.4,2.35,16000
2009,b'2012',Color,Roland Emmerich,367,158,776,310,Liam James,1000,166.112167,Action|Adventure|Sci-Fi,Oliver Platt,283418,2144,Tom McCarthy,0,ark|catastrophe|geologist|president|writer,http://www.imdb.com/title/tt1190080/?ref_=fn_tt_tt_1,1055,English,USA,PG-13,200,468,5.8,2.35,13000
2015,b'Jupiter Ascending',Color,Lana Wachowski,384,127,0,13000,Mila Kunis,17000,47.375327,Action|Adventure|Sci-Fi,Channing Tatum,139593,47334,Eddie Redmayne,1,box office flop|critically bashed|planet earth|space opera|woman in bra and panties,http://www.imdb.com/title/tt1617661/?ref_=fn_tt_tt_1,720,English,USA,PG-13,176,15000,5.4,2.35,44000
2016,b'The Legend of Tarzan',Color,David Yates,248,110,282,103,Alexander Skarsgård,11000,124.051759,Action|Adventure|Drama|Romance,Christoph Waltz,42372,21175,Casper Crump,2,africa|capture|jungle|male objectification|tarzan,http://www.imdb.com/title/tt0918940/?ref_=fn_tt_tt_1,239,English,USA,PG-13,180,10000,6.6,2.35,29000
2016,b'X-Men: Apocalypse',Color,Bryan Singer,396,144,0,1000,Michael Fassbender,34000,154.985087,Action|Adventure|Sci-Fi,Jennifer Lawrence,148379,49684,Tye Sheridan,6,mutant|superhero|superhero team|x men|year 1983,http://www.imdb.com/title/tt3385516/?ref_=fn_tt_tt_1,622,English,USA,PG-13,178,13000,7.3,2.35,54000
2009,b'Up',Color,Pete Docter,408,96,0,262,Delroy Lindo,1000,292.979556,Adventure|Animation|Comedy|Family,John Ratzenberger,665575,2635,Jess Harnell,1,balloon|house|promise|retirement|skeleton,http://www.imdb.com/title/tt1049413/?ref_=fn_tt_tt_1,704,English,USA,PG,175,848,8.3,1.85,27000
2008,b'Iron Man',Color,Jon Favreau,486,126,4000,4000,Jeff Bridges,21000,318.29818,Action|Adventure|Sci-Fi,Robert Downey Jr.,696338,39252,Jon Favreau,3,afghanistan|billionaire|inventor|playboy|u.s. air force,http://www.imdb.com/title/tt0371746/?ref_=fn_tt_tt_1,1055,English,USA,PG-13,140,12000,7.9,2.35,10000
2011,b'Hugo',Color,Martin Scorsese,682,126,17000,1000,Christopher Lee,17000,73.820094,Adventure|Drama|Family|Mystery,Chloë Grace Moretz,245333,36017,Ray Winstone,0,automaton|mechanical|railway station|steampunk|train,http://www.imdb.com/title/tt0970179/?ref_=fn_tt_tt_1,678,English,USA,PG,170,16000,7.5,1.85,42000
2016,b'Suicide Squad',Color,David Ayer,418,123,452,329,Robin Atkin Downes,10000,161.087183,Action|Adventure|Comedy|Sci-Fi,Will Smith,118992,11287,Ike Barinholtz,8,based on comic book|critically bashed|father daughter relationship|reference to superman|super villain,http://www.imdb.com/title/tt1386697/?ref_=fn_tt_tt_1,971,English,USA,PG-13,175,336,6.9,2.35,80000
2007,b'Evan Almighty',Color,Tom Shadyac,186,96,293,7000,Morgan Freeman,87000,100.28969,Comedy|Family|Fantasy,Jimmy Bennett,115099,108016,Steve Carell,0,ark|change|congressman|depiction of god|flood,http://www.imdb.com/title/tt0413099/?ref_=fn_tt_tt_1,257,English,USA,PG,175,11000,5.4,2.35,2000
2014,b'Edge of Tomorrow',Color,Doug Liman,585,113,218,509,Lara Pulver,10000,100.189501,Action|Adventure|Sci-Fi,Tom Cruise,431620,12652,Noah Taylor,1,alien|combat|dying repeatedly|end of the world|time loop,http://www.imdb.com/title/tt1631867/?ref_=fn_tt_tt_1,741,English,USA,PG-13,178,854,7.9,2.35,77000
2015,b'Inside Out',Color,Pete Docter,536,95,0,384,Mindy Kaling,1000,356.454367,Adventure|Animation|Comedy|Drama|Family|Fantasy,Amy Poehler,345198,2944,Phyllis Smith,1,anger|joy|memory|running away|sadness,http://www.imdb.com/title/tt2096673/?ref_=fn_tt_tt_1,773,English,USA,PG,175,767,8.3,1.85,118000
2016,b'The Jungle Book',Color,Jon Favreau,370,106,4000,591,Bill Murray,19000,362.645141,Adventure|Drama|Family|Fantasy,Scarlett Johansson,106072,32921,Garry Shandling,0,fire|jungle|remake|tiger|wolf,http://www.imdb.com/title/tt3040964/?ref_=fn_tt_tt_1,398,English,UK,PG,175,13000,7.8,1.85,65000
2010,b'Iron Man 2',Color,Jon Favreau,453,124,4000,4000,Scarlett Johansson,21000,312.057433,Action|Adventure|Sci-Fi,Robert Downey Jr.,522371,48638,Jon Favreau,4,hammer|military|monaco|revenge|tony stark,http://www.imdb.com/title/tt1228705/?ref_=fn_tt_tt_1,723,English,USA,PG-13,200,19000,7,2.35,18000
2012,b'Snow White and the Huntsman',Color,Rupert Sanders,416,132,274,11000,Kristen Stewart,26000,155.111815,Action|Adventure|Drama|Fantasy,Chris Hemsworth,228554,72881,Sam Claflin,0,evil queen|fairy tale|magic|queen|snow white,http://www.imdb.com/title/tt1735898/?ref_=fn_tt_tt_1,710,English,USA,PG-13,170,17000,6.1,2.35,53000
2014,b'Maleficent',Color,Robert Stromberg,401,97,171,846,Sharlto Copley,11000,241.407328,Action|Adventure|Family|Fantasy|Romance,Angelina Jolie Pitt,252257,15516,Sam Riley,2,curse|dark fantasy|fairy|king|kingdom,http://www.imdb.com/title/tt1587310/?ref_=fn_tt_tt_1,634,English,USA,PG,180,2000,7,2.35,89000
2014,b'Dawn of the Planet of the Apes',Color,Matt Reeves,521,130,198,884,Judy Greer,10000,208.543795,Action|Adventure|Drama|Sci-Fi,Gary Oldman,317542,14363,Kodi Smit-McPhee,0,ape|dam|leader|post apocalypse|sequel,http://www.imdb.com/title/tt2103281/?ref_=fn_tt_tt_1,620,English,USA,PG-13,170,2000,7.6,1.85,45000
2015,b'The Lovers',Color,Roland Joffé,10,109,596,283,Alice Englert,622,0,Action|Adventure|Romance|Sci-Fi,Tamsin Egerton,2138,1982,Bipasha Basu,3,1770s|british india|great barrier reef|india|ring,http://www.imdb.com/title/tt1321869/?ref_=fn_tt_tt_1,15,English,Belgium,R,0,525,4.5,0,677
2013,b'47 Ronin',Color,Carl Rinsch,218,128,47,982,Cary-Hiroyuki Tagawa,18000,38.297305,Action|Adventure|Drama|Fantasy,Keanu Reeves,116994,20965,Jin Akanishi,2,box office flop|ronin|samurai|shogun|tournament,http://www.imdb.com/title/tt1335975/?ref_=fn_tt_tt_1,324,English,USA,PG-13,175,1000,6.3,2.35,35000
2014,b'Captain America: The Winter Soldier',Color,Anthony Russo,576,136,94,2000,Chris Evans,19000,259.746958,Action|Adventure|Sci-Fi,Scarlett Johansson,496749,36188,Hayley Atwell,1,conspiracy|heroism|megalomaniac|super soldier|world domination,http://www.imdb.com/title/tt1843866/?ref_=fn_tt_tt_1,742,English,USA,PG-13,170,11000,7.8,2.35,55000
2015,b'Tomorrowland',Color,Brad Bird,443,130,663,604,Chris Bauer,2000,93.417865,Action|Adventure|Family|Mystery|Sci-Fi,Judy Greer,128306,5046,Thomas Robinson,2,boy genius|futuristic city|inventor|teenage girl|time travel,http://www.imdb.com/title/tt1964418/?ref_=fn_tt_tt_1,497,English,USA,PG,190,638,6.5,2.2,37000
2014,b'Big Hero 6',Color,Don Hall,384,102,38,562,Daniel Henney,756,222.487711,Action|Adventure|Animation|Comedy|Drama|Family|Sci-Fi,Damon Wayans Jr.,279093,2963,Abraham Benrubi,0,high tech|martial arts|masked man|robot|superhero,http://www.imdb.com/title/tt2245084/?ref_=fn_tt_tt_1,433,English,USA,PG,165,719,7.9,2.39,41000
2012,b'Wreck-It Ralph',Color,Rich Moore,377,101,66,833,Sarah Silverman,975,189.412677,Adventure|Animation|Comedy|Family|Sci-Fi,Jack McBrayer,272534,4451,Joe Lo Truglio,1,arcade|candy|glitch|king|medal,http://www.imdb.com/title/tt1772341/?ref_=fn_tt_tt_1,345,English,USA,PG,165,931,7.8,2.35,40000
2004,b'The Polar Express',Color,Robert Zemeckis,188,100,0,267,Eddie Deezen,15000,0.665426,Adventure|Animation|Family|Fantasy,Tom Hanks,120798,16264,Peter Scolari,0,boy|christmas|christmas eve|north pole|train,http://www.imdb.com/title/tt0338348/?ref_=fn_tt_tt_1,444,English,USA,G,165,726,6.6,2.35,10000
2016,b'Independence Day: Resurgence',Color,Roland Emmerich,286,120,776,535,Sela Ward,890,102.315545,Action|Adventure|Sci-Fi,Vivica A. Fox,58137,3233,Judd Hirsch,0,alien|battle|defense|independence day|mothership,http://www.imdb.com/title/tt1628841/?ref_=fn_tt_tt_1,520,English,USA,PG-13,165,812,5.5,2.35,67000
2010,b'How to Train Your Dragon',Color,Dean DeBlois,288,98,255,759,America Ferrera,18000,217.387997,Adventure|Animation|Family|Fantasy,Gerard Butler,485430,20453,Craig Ferguson,0,dragon|island|training|viking|village,http://www.imdb.com/title/tt0892769/?ref_=fn_tt_tt_1,492,English,USA,PG,165,953,8.2,2.35,33000
2014,b'Guardians of the Galaxy',Color,James Gunn,653,121,571,3000,Vin Diesel,14000,333.130696,Action|Adventure|Sci-Fi,Bradley Cooper,682155,32438,Djimon Hounsou,3,bounty hunter|outer space|raccoon|talking animal|tree,http://www.imdb.com/title/tt2015381/?ref_=fn_tt_tt_1,1097,English,USA,PG-13,170,14000,8.1,2.35,96000
2014,b'Interstellar',Color,Christopher Nolan,712,169,22000,6000,Anne Hathaway,11000,187.991439,Adventure|Drama|Sci-Fi,Matthew McConaughey,928227,31488,Mackenzie Foy,1,black hole|father daughter relationship|saving the world|space travel|wormhole,http://www.imdb.com/title/tt0816692/?ref_=fn_tt_tt_1,2725,English,USA,PG-13,165,11000,8.6,2.35,349000
2010,b'Inception',Color,Christopher Nolan,642,148,22000,23000,Tom Hardy,29000,292.568851,Action|Adventure|Sci-Fi|Thriller,Leonardo DiCaprio,1468200,81115,Joseph Gordon-Levitt,0,ambiguous ending|corporate espionage|dream|subconscious|thief,http://www.imdb.com/title/tt1375666/?ref_=fn_tt_tt_1,2803,English,USA,PG-13,160,27000,8.8,2.35,175000
2012,b'The Hobbit: An Unexpected Journey',Color,Peter Jackson,645,182,0,773,Adam Brown,5000,303.001229,Adventure|Fantasy,Aidan Turner,637246,9152,James Nesbitt,0,dragon|dwarf|hobbit|orc|wizard,http://www.imdb.com/title/tt0903624/?ref_=fn_tt_tt_1,1367,English,USA,PG-13,180,972,7.9,2.35,166000
2001,b'The Fast and the Furious',Color,Rob Cohen,187,106,357,4000,Vin Diesel,23000,144.51231,Action|Crime|Thriller,Paul Walker,272223,45327,Jordana Brewster,2,eighteen wheeler|illegal street racing|truck|trucker|undercover cop,http://www.imdb.com/title/tt0232500/?ref_=fn_tt_tt_1,988,English,USA,PG-13,38,14000,6.7,2.35,14000
2008,b'The Curious Case of Benjamin Button',Color,David Fincher,362,166,21000,919,Jason Flemyng,11000,127.490802,Drama|Fantasy|Romance,Brad Pitt,459346,13333,Julia Ormond,2,deformed baby|diary|lingerie slip|older man younger woman relationship|premature aging,http://www.imdb.com/title/tt0421715/?ref_=fn_tt_tt_1,822,English,USA,PG-13,150,1000,7.8,2.35,23000
2011,b'X-Men: First Class',Color,Matthew Vaughn,500,132,905,1000,Michael Fassbender,34000,146.405371,Action|Adventure|Sci-Fi,Jennifer Lawrence,518537,50983,Oliver Platt,3,cia|cia agent|mutant|nuclear war|professor,http://www.imdb.com/title/tt1270798/?ref_=fn_tt_tt_1,698,English,USA,PG-13,160,13000,7.8,2.35,54000
2015,b'The Hunger Games: Mockingjay - Part 2',Color,Francis Lawrence,389,137,508,14000,Philip Seymour Hoffman,34000,281.666058,Adventure|Sci-Fi,Jennifer Lawrence,166137,81385,Josh Hutcherson,1,death of sister|dystopia|execution|rebellion|revolution,http://www.imdb.com/title/tt1951266/?ref_=fn_tt_tt_1,383,English,USA,PG-13,160,22000,6.6,2.35,38000
2010,"b""The Sorcerer's Apprentice""",Color,Jon Turteltaub,235,109,226,370,Omar Benson Miller,12000,63.143812,Action|Adventure|Family|Fantasy,Nicolas Cage,124185,13388,Robert Capron,0,chosen one|enchanted object|love|spell|training,http://www.imdb.com/title/tt0963966/?ref_=fn_tt_tt_1,238,English,USA,PG,150,418,6.1,2.35,11000
2016,b'Alice Through the Looking Glass',Color,James Bobin,218,113,33,11000,Alan Rickman,40000,76.846624,Adventure|Family|Fantasy,Johnny Depp,21352,80806,Anne Hathaway,1,clock|dark fantasy|mad hatter|queen|sequel,http://www.imdb.com/title/tt2567026/?ref_=fn_tt_tt_1,131,English,USA,PG,170,25000,6.4,1.85,30000
2016,b'Warcraft',Color,Duncan Jones,275,123,0,648,Callum Rennie,3000,46.978995,Action|Adventure|Fantasy,Dominic Cooper,111609,5505,Ruth Negga,0,based on video game|fictional language|fictional war|orc|sword and sorcery,http://www.imdb.com/title/tt0803096/?ref_=fn_tt_tt_1,781,English,USA,PG-13,160,716,7.3,2.35,89000
2015,b'Terminator Genisys',Color,Alan Taylor,474,126,230,2000,Emilia Clarke,24000,89.732035,Action|Adventure|Sci-Fi,J.K. Simmons,188457,38873,Matt Smith,2,alternate timeline|cyborg|future|robot|time machine,http://www.imdb.com/title/tt1340138/?ref_=fn_tt_tt_1,867,English,USA,PG-13,155,10000,6.6,2.35,82000
2010,b'The Chronicles of Narnia: The Voyage of the Dawn Treader',Color,Michael Apted,228,113,150,59,Shane Rangi,531,104.383624,Adventure|Family|Fantasy,Bruce Spence,106446,764,Laura Brent,4,dragon|king|mouse|quest|warrior,http://www.imdb.com/title/tt0980970/?ref_=fn_tt_tt_1,227,English,USA,PG,155,82,6.3,1.78,11000
2007,b'Transformers',Color,Michael Bay,396,144,0,581,Michael O'Neill,662,318.759914,Action|Adventure|Sci-Fi,Zack Ward,513158,2333,Kevin Dunn,0,alien contact|autobot|decepticon|robot vs. robot|teenage hero,http://www.imdb.com/title/tt0418279/?ref_=fn_tt_tt_1,1782,English,USA,PG-13,150,599,7.1,2.35,8000
2007,b'I Am Legend',Color,Francis Lawrence,323,104,508,558,Alice Braga,10000,256.386216,Drama|Horror|Sci-Fi,Will Smith,530870,13076,Willow Smith,0,new york city|pandemic|post apocalypse|survivalist|virus,http://www.imdb.com/title/tt0480249/?ref_=fn_tt_tt_1,1413,English,USA,PG-13,150,1000,7.2,2.35,11000
2007,b'Ratatouille',Color,Brad Bird,318,111,663,954,John Ratzenberger,1000,206.435493,Animation|Comedy|Family|Fantasy,Janeane Garofalo,473887,4764,Brian Dennehy,0,chef|food|french|rat|restaurant,http://www.imdb.com/title/tt0382932/?ref_=fn_tt_tt_1,626,English,USA,G,150,1000,8,2.35,10000
2005,b'Batman Begins',Color,Christopher Nolan,478,128,22000,11000,Liam Neeson,23000,205.343774,Action|Adventure,Christian Bale,980946,59558,Morgan Freeman,0,armored car|gangster|gotham|mixed martial arts|social decay,http://www.imdb.com/title/tt0372784/?ref_=fn_tt_tt_1,2685,English,USA,PG-13,150,14000,8.3,2.35,15000
2009,b'Night at the Museum: Battle of the Smithsonian',Color,Shawn Levy,185,105,189,1000,Rami Malek,49000,177.243721,Adventure|Comedy|Family|Fantasy,Robin Williams,130272,54039,Steve Coogan,2,hdtv|motorcycle|museum|security guard|tyrannosaurus rex,http://www.imdb.com/title/tt1078912/?ref_=fn_tt_tt_1,209,English,USA,PG,150,3000,5.9,2.35,2000
2013,b'Frozen',Color,Chris Buck,406,102,69,490,Maurice LaMarche,1000,400.7366,Adventure|Animation|Comedy|Family|Fantasy|Musical,Josh Gad,421658,2582,Livvy Stubenrauch,0,magic|sister love|sister sister relationship|snow|snowman,http://www.imdb.com/title/tt2294629/?ref_=fn_tt_tt_1,904,English,USA,PG,150,523,7.6,2.24,58000
2013,b'Thor: The Dark World',Color,Alan Taylor,486,112,230,12000,Natalie Portman,26000,206.360018,Action|Adventure|Fantasy,Chris Hemsworth,414070,59803,Anthony Hopkins,3,arrest|portal|thor|warrior|weapon,http://www.imdb.com/title/tt1981115/?ref_=fn_tt_tt_1,532,English,USA,PG-13,170,20000,7.1,2.35,63000
2015,b'Mad Max: Fury Road',Color,George Miller,739,120,750,943,Charlize Theron,27000,153.629485,Action|Adventure|Sci-Fi|Thriller,Tom Hardy,552503,40025,Zoë Kravitz,0,australia|desert|escape|on the run|post apocalypse,http://www.imdb.com/title/tt1392190/?ref_=fn_tt_tt_1,1588,English,Australia,R,150,9000,8.1,2.35,191000
2011,b'Thor',Color,Kenneth Branagh,516,115,0,12000,Natalie Portman,26000,181.015141,Action|Adventure|Fantasy,Chris Hemsworth,536314,60059,Anthony Hopkins,1,battle|marvel cinematic universe|scientist|thor|throne,http://www.imdb.com/title/tt0800369/?ref_=fn_tt_tt_1,738,English,USA,PG-13,150,20000,7,2.35,63000
2012,b'Wrath of the Titans',Color,Jonathan Liebesman,310,99,473,502,Edgar Ramírez,14000,83.640426,Action|Adventure|Fantasy,Liam Neeson,152826,16184,Lily James,0,ares|hades|titan|underworld|zeus,http://www.imdb.com/title/tt1646987/?ref_=fn_tt_tt_1,253,English,USA,PG-13,150,897,5.8,1.85,19000
2012,b'Dark Shadows',Color,Tim Burton,526,113,13000,16000,Chloë Grace Moretz,40000,79.711678,Comedy|Fantasy|Horror,Johnny Depp,199039,80849,Christopher Lee,7,camera shot of feet|cartoon on tv|female stockinged feet|female stockinged soles|foot closeup,http://www.imdb.com/title/tt1077368/?ref_=fn_tt_tt_1,479,English,USA,PG-13,100,17000,6.2,1.85,82000
2015,b'Mission: Impossible - Rogue Nation',Color,Christopher McQuarrie,465,131,188,641,Jeremy Renner,10000,195.000874,Action|Adventure|Thriller,Tom Cruise,232187,21840,Sean Harris,0,capture|computer hacker|mission|rogue agent|spy,http://www.imdb.com/title/tt2381249/?ref_=fn_tt_tt_1,440,English,China,PG-13,150,10000,7.4,2.35,47000
2016,b'The Legend of Tarzan',Color,David Yates,248,110,282,103,Alexander Skarsgård,11000,124.051759,Action|Adventure|Drama|Romance,Christoph Waltz,42372,21175,Casper Crump,2,africa|capture|jungle|male objectification|tarzan,http://www.imdb.com/title/tt0918940/?ref_=fn_tt_tt_1,239,English,USA,PG-13,180,10000,6.6,2.35,29000
2011,b'Kung Fu Panda 2',Color,Jennifer Yuh Nelson,284,90,90,15,Gary Oldman,11000,165.230261,Action|Adventure|Animation|Comedy|Family,Angelina Jolie Pitt,182718,21015,Mike Bell,0,china|kung fu|panda|peacock|tigress,http://www.imdb.com/title/tt1302011/?ref_=fn_tt_tt_1,209,English,USA,PG,150,10000,7.3,2.35,20000
2010,b'The Last Airbender',Color,M. Night Shyamalan,280,103,0,346,Noah Ringer,1000,131.564731,Action|Adventure|Family|Fantasy,Seychelle Gabriel,118951,2857,Aasif Mandvi,0,avatar|fire|kingdom|tribe|water,http://www.imdb.com/title/tt0938283/?ref_=fn_tt_tt_1,1382,English,USA,PG,150,756,4.2,2.35,18000
2013,b'White House Down',Color,Roland Emmerich,339,131,776,256,Jake Weber,17000,73.103784,Action|Drama|Thriller,Channing Tatum,164238,18204,Matt Craven,2,black u.s. president|president|secret service|tour|white house,http://www.imdb.com/title/tt2334879/?ref_=fn_tt_tt_1,434,English,USA,PG-13,150,551,6.4,2.35,33000
2015,b'Pan',Color,Joe Wright,256,111,456,394,Cara Delevingne,20000,34.964818,Adventure|Family|Fantasy,Hugh Jackman,39956,21393,Nonso Anozie,4,1940s|child hero|fantasy world|orphan|reference to peter pan,http://www.imdb.com/title/tt3332064/?ref_=fn_tt_tt_1,186,English,USA,PG,150,548,5.8,2.35,24000
2014,b'Mr. Peabody & Sherman',Color,Rob Minkoff,196,92,50,517,Zach Callison,3000,111.505642,Adventure|Animation|Comedy|Family|Sci-Fi,Ty Burrell,47900,5810,Karan Brar,2,dog|father son relationship|inventor|talking dog|time travel,http://www.imdb.com/title/tt0864835/?ref_=fn_tt_tt_1,130,English,USA,PG,145,1000,6.9,1.85,11000
2012,"b""Madagascar 3: Europe's Most Wanted""",Color,Eric Darnell,211,93,35,436,Martin Short,851,216.366733,Adventure|Animation|Comedy|Family,Jada Pinkett Smith,119213,2444,Cedric the Entertainer,0,animal|circus|island name in title|lemur|penguin,http://www.imdb.com/title/tt1277953/?ref_=fn_tt_tt_1,154,English,USA,PG,145,770,6.9,1.85,17000
2016,b'Ghostbusters',Color,Paul Feig,464,116,176,322,Kate McKinnon,783,118.099659,Action|Comedy|Fantasy|Sci-Fi,Ed Begley Jr.,69757,2097,Zach Woods,4,ghost|ghostbuster|ghostbusters|male objectification|reboot,http://www.imdb.com/title/tt1289401/?ref_=fn_tt_tt_1,1211,English,USA,PG-13,144,370,5.5,2.35,62000
1998,b'Armageddon',Color,Michael Bay,167,153,0,537,Steve Buscemi,13000,201.573391,Action|Adventure|Sci-Fi|Thriller,Bruce Willis,322395,26029,Will Patton,0,asteroid|astronaut|bomb|meteorite|outer space,http://www.imdb.com/title/tt0120591/?ref_=fn_tt_tt_1,1171,English,USA,PG-13,140,12000,6.6,2.35,11000
2002,b'Men in Black II',Color,Barry Sonnenfeld,208,88,188,826,Rosario Dawson,10000,190.418803,Action|Adventure|Comedy|Family|Fantasy|Mystery|Sci-Fi,Will Smith,270207,14823,Rip Torn,2,alien|lingerie|lingerie model|m.i.b.|pug,http://www.imdb.com/title/tt0120912/?ref_=fn_tt_tt_1,606,English,USA,PG-13,140,3000,6.1,1.85,2000
2007,b'Beowulf',Color,Robert Zemeckis,287,115,0,964,Anthony Hopkins,18000,82.161969,Action|Adventure|Animation|Fantasy,Robin Wright,142440,31523,Sebastian Roché,1,creature|demon|king|reward|warrior,http://www.imdb.com/title/tt0442933/?ref_=fn_tt_tt_1,505,English,USA,PG-13,150,12000,6.3,2.35,3000
2016,b'Kung Fu Panda 3',Color,Alessandro Carloni,210,95,5,967,Angelina Jolie Pitt,24000,143.523463,Action|Adventure|Animation|Comedy|Family,J.K. Simmons,64322,36095,Wayne Knight,0,china|kung fu|panda|pig|village,http://www.imdb.com/title/tt2267968/?ref_=fn_tt_tt_1,145,English,USA,PG,145,11000,7.2,2.35,24000
2011,b'Mission: Impossible - Ghost Protocol',Color,Brad Bird,432,133,663,690,Jeremy Renner,10000,209.364921,Action|Adventure|Thriller,Tom Cruise,365104,21768,Michael Nyqvist,3,dubai|kremlin|race against time|russian|terrorist,http://www.imdb.com/title/tt1229238/?ref_=fn_tt_tt_1,512,English,USA,PG-13,145,10000,7.4,2.35,35000
2012,b'Rise of the Guardians',Color,Peter Ramsey,256,97,52,161,Kamil McFadden,20000,103.400692,Adventure|Animation|Family|Fantasy,Hugh Jackman,123553,20645,Khamani Griffin,0,belief|box office hit|children|new york city|tooth,http://www.imdb.com/title/tt1446192/?ref_=fn_tt_tt_1,174,English,USA,PG,145,315,7.3,1.85,25000
2005,b'Fun with Dick and Jane',Color,Dean Parisot,135,90,23,233,Richard Burgi,957,110.332737,Comedy|Crime,John Michael Higgins,110788,1997,David Herman,1,animal abuse|ceo|heist|suburb|unemployment,http://www.imdb.com/title/tt0369441/?ref_=fn_tt_tt_1,258,English,USA,PG-13,100,550,6.1,2.35,2000
2014,b'Exodus: Gods and Kings',Color,Ridley Scott,314,150,0,748,María Valverde,23000,65.007045,Action|Adventure|Drama,Christian Bale,128682,26490,Ben Mendelsohn,0,egypt|exodus|moses|pharaoh|plague,http://www.imdb.com/title/tt1528100/?ref_=fn_tt_tt_1,657,English,UK,PG-13,140,893,6.1,2.35,51000
2009,b'Star Trek',Color,J.J. Abrams,518,127,14000,981,Leonard Nimoy,26000,257.704099,Action|Adventure|Sci-Fi,Chris Hemsworth,504419,39284,Bruce Greenwood,0,box office hit|future|lifted by the throat|star trek|vulcan,http://www.imdb.com/title/tt0796366/?ref_=fn_tt_tt_1,1559,English,USA,PG-13,150,12000,8,2.35,19000
2002,b'Spider-Man',Color,Sam Raimi,291,121,0,4000,James Franco,24000,403.706375,Action|Adventure|Fantasy|Romance,J.K. Simmons,544665,40484,Kirsten Dunst,0,evil|goblin|spider|spider man|superhero,http://www.imdb.com/title/tt0145487/?ref_=fn_tt_tt_1,2012,English,USA,PG-13,139,11000,7.3,1.85,5000
2014,b'How to Train Your Dragon 2',Color,Dean DeBlois,292,102,255,953,Djimon Hounsou,18000,176.997107,Action|Adventure|Animation|Comedy|Family|Fantasy,Gerard Butler,221128,23378,America Ferrera,5,dragon|father son relationship|husband wife relationship|mother son relationship|viking,http://www.imdb.com/title/tt1646971/?ref_=fn_tt_tt_1,343,English,USA,PG,145,3000,7.9,2.35,46000
2016,b'Gods of Egypt',Color,Alex Proyas,184,126,295,284,Elodie Yung,18000,31.141074,Action|Adventure|Fantasy,Gerard Butler,51892,19769,Bryan Brown,4,ancient egypt|egypt|egyptian|egyptian god|egyptian goddess,http://www.imdb.com/title/tt2404233/?ref_=fn_tt_tt_1,273,English,USA,PG-13,140,934,5.5,2.35,24000
2009,b'Watchmen',Color,Zack Snyder,451,189,0,413,Billy Crudup,986,107.503316,Action|Drama|Mystery|Sci-Fi,Matt Frewer,392474,2530,Stephen McHattie,1,conspiracy|cynicism|false promise of the american dream|male full frontal nudity|male nudity,http://www.imdb.com/title/tt0409459/?ref_=fn_tt_tt_1,1229,English,USA,R,130,745,7.7,2.35,18000
2013,b'G.I. Joe: Retaliation',Color,Jon M. Chu,351,122,209,934,Dwayne Johnson,17000,122.512052,Action|Adventure|Sci-Fi|Thriller,Channing Tatum,146352,31958,Elodie Yung,6,general|gi joe|martial arts|ninja|president,http://www.imdb.com/title/tt1583421/?ref_=fn_tt_tt_1,288,English,USA,PG-13,130,12000,5.8,2.35,42000
2011,b'Captain America: The First Avenger',Color,Joe Johnston,510,124,394,2000,Dominic Cooper,11000,176.636816,Action|Adventure|Sci-Fi,Chris Evans,508818,19761,Hayley Atwell,0,arctic|captain america|scientist|tesseract|war bond,http://www.imdb.com/title/tt0458339/?ref_=fn_tt_tt_1,679,English,USA,PG-13,140,3000,6.9,2.35,46000
1999,b'The World Is Not Enough',Color,Michael Apted,197,128,150,244,Maria Grazia Cucinotta,766,126.93066,Action|Adventure|Thriller,Colin Salmon,157519,2037,Desmond Llewelyn,2,british|oil|scientist|terrorist|tycoon,http://www.imdb.com/title/tt0143145/?ref_=fn_tt_tt_1,683,English,UK,PG-13,135,536,6.4,2.35,2000
2012,b'The Twilight Saga: Breaking Dawn - Part 2',Color,Bill Condon,322,115,386,12000,Kristen Stewart,21000,292.298923,Adventure|Drama|Fantasy|Romance,Robert Pattinson,185394,59177,Taylor Lautner,3,battle|friend|super strength|vampire|vision,http://www.imdb.com/title/tt1673434/?ref_=fn_tt_tt_1,329,English,USA,PG-13,120,17000,5.5,2.35,65000
2016,b'The BFG',Color,Steven Spielberg,252,117,14000,358,Penelope Wilton,535,52.792307,Adventure|Family|Fantasy,Mark Rylance,12572,1950,Rafe Spall,0,cannibal|evil brother|giant|london england|queen,http://www.imdb.com/title/tt3691740/?ref_=fn_tt_tt_1,106,English,UK,PG,140,400,6.8,2.35,27000
2015,b'The Revenant',Color,Alejandro G. Iñárritu,556,156,0,733,Tom Hardy,29000,183.635922,Adventure|Drama|Thriller|Western,Leonardo DiCaprio,406020,57108,Lukas Haas,0,bear attack|cauterizing a wound|native american|revenge|survival,http://www.imdb.com/title/tt1663202/?ref_=fn_tt_tt_1,1188,English,USA,R,135,27000,8.1,2.35,190000
2013,b'Turbo',Color,David Soren,166,96,13,463,Snoop Dogg,16000,83.0249,Adventure|Animation|Comedy|Family|Sport,Ryan Reynolds,62424,17416,Ben Schwartz,0,accident|freak accident|race|snail|underdog,http://www.imdb.com/title/tt1860353/?ref_=fn_tt_tt_1,90,English,USA,PG,135,881,6.5,2.35,13000
2011,b'Rango',Color,Gore Verbinski,362,107,563,939,Ray Winstone,40000,123.207194,Adventure|Animation|Comedy|Family|Western,Johnny Depp,183208,43291,Stephen Root,0,chameleon|lizard|sheriff|water|western town,http://www.imdb.com/title/tt1192628/?ref_=fn_tt_tt_1,337,English,USA,PG,135,1000,7.2,2.35,26000
2014,b'Penguins of Madagascar',Color,Eric Darnell,153,92,35,179,Annet Mahendru,19000,83.34892,Adventure|Animation|Comedy|Family,Benedict Cumberbatch,60230,19963,Andy Richter,0,little girl|park|spy|statue of liberty|television van,http://www.imdb.com/title/tt1911658/?ref_=fn_tt_tt_1,118,English,USA,PG,132,411,6.7,1.85,11000
2008,b'Kung Fu Panda',Color,Mark Osborne,266,92,54,562,Wayne Knight,11000,215.395021,Action|Adventure|Animation|Comedy|Family,Angelina Jolie Pitt,307029,12754,Dan Fogler,0,kung fu|kung fu master|master|panda|snow leopard,http://www.imdb.com/title/tt0441773/?ref_=fn_tt_tt_1,360,English,USA,PG,130,967,7.6,2.35,6000
2015,b'Ant-Man',Color,Peyton Reed,517,117,235,680,Hayley Atwell,2000,180.191634,Action|Adventure|Comedy|Sci-Fi,Judy Greer,313866,5730,T.I.,6,ant|chinatown san francisco|heist|sabotage|vault,http://www.imdb.com/title/tt0478970/?ref_=fn_tt_tt_1,549,English,USA,PG-13,130,2000,7.4,1.85,61000
2013,b'The Hunger Games: Catching Fire',Color,Francis Lawrence,502,146,508,523,Josh Hutcherson,34000,424.645577,Adventure|Sci-Fi|Thriller,Jennifer Lawrence,498397,49355,Sandra Ellis Lafferty,1,president|snow|television|tour|uprising,http://www.imdb.com/title/tt1951264/?ref_=fn_tt_tt_1,706,English,USA,PG-13,130,14000,7.6,2.35,82000
2012,b'The Twilight Saga: Breaking Dawn - Part 2',Color,Bill Condon,322,115,386,12000,Kristen Stewart,21000,292.298923,Adventure|Drama|Fantasy|Romance,Robert Pattinson,185394,59177,Taylor Lautner,3,battle|friend|super strength|vampire|vision,http://www.imdb.com/title/tt1673434/?ref_=fn_tt_tt_1,329,English,USA,PG-13,120,17000,5.5,2.35,65000
2015,b'Home',Color,Tim Johnson,165,94,12,183,Matt Jones,17000,177.343675,Adventure|Animation|Comedy|Family|Fantasy|Sci-Fi,Jim Parsons,70121,17883,April Winchell,0,alien friendship|alien invasion|australia|flying car|mother daughter relationship,http://www.imdb.com/title/tt2224026/?ref_=fn_tt_tt_1,214,English,USA,PG,135,523,6.7,1.85,26000
2011,b'Puss in Boots',Color,Chris Miller,246,90,50,397,Constance Marie,4000,149.234747,Action|Adventure|Animation|Comedy|Family|Fantasy,Salma Hayek,114287,5046,Amy Sedaris,0,betrayal|egg|friend|goose|hero,http://www.imdb.com/title/tt0448694/?ref_=fn_tt_tt_1,137,English,USA,PG,130,442,6.7,2.35,16000
2010,b'Salt',Color,Phillip Noyce,330,101,176,282,Andre Braugher,11000,118.311368,Action|Crime|Mystery|Thriller,Angelina Jolie Pitt,245621,12406,August Diehl,1,cia|on the run|russian|russian spy|strong female lead,http://www.imdb.com/title/tt0944835/?ref_=fn_tt_tt_1,514,English,USA,PG-13,110,702,6.4,2.35,23000
2014,b'Noah',Color,Darren Aronofsky,434,138,0,8000,Emma Watson,12000,101.160529,Action|Adventure|Drama,Anthony Hopkins,200022,32355,Logan Lerman,2,ark|flood|noah's ark|water|wrath of god,http://www.imdb.com/title/tt1959490/?ref_=fn_tt_tt_1,1240,English,USA,PG-13,125,9000,5.8,1.85,71000
2011,b'The Adventures of Tintin',Color,Steven Spielberg,440,107,14000,845,Mackenzie Crook,2000,77.564037,Action|Adventure|Family|Mystery,Toby Jones,177383,4631,Tony Curran,1,captain|morocco|ship|tintin|treasure,http://www.imdb.com/title/tt0983193/?ref_=fn_tt_tt_1,447,English,USA,PG,135,871,7.4,2.35,44000
2004,b'Harry Potter and the Prisoner of Azkaban',Color,Alfonso Cuarón,274,142,0,10000,Gary Oldman,11000,249.358727,Adventure|Family|Fantasy|Mystery,Daniel Radcliffe,382255,33284,Rupert Grint,3,magic|muggle|serial killer|traitor|wizard,http://www.imdb.com/title/tt0304141/?ref_=fn_tt_tt_1,1504,English,UK,PG,130,10000,7.8,2.35,11000
2013,b'After Earth',Color,M. Night Shyamalan,349,100,0,894,Zoë Kravitz,10000,60.522097,Action|Adventure|Sci-Fi,Will Smith,158720,14168,Glenn Morshower,0,box office flop|father son team|fear|race against time|real life father and son playing father and son,http://www.imdb.com/title/tt1815862/?ref_=fn_tt_tt_1,744,English,USA,PG-13,130,943,4.9,2.35,37000
2011,b'Harry Potter and the Deathly Hallows: Part II',Color,Matt Birch,1,0,0,159,Dave Legeno,10000,0,Action|Fantasy,Rupert Grint,381,11036,Ralph Ineson,1,0,http://www.imdb.com/title/tt1680310/?ref_=fn_tt_tt_1,2,English,UK,0,0,570,7.5,0,40
2014,b'Night at the Museum: Secret of the Tomb',Color,Shawn Levy,154,98,189,1000,Rami Malek,49000,113.733726,Adventure|Comedy|Family|Fantasy,Robin Williams,67223,53587,Steve Coogan,7,museum|museum of natural history manhattan new york city|night watchman|star died before release|tablet,http://www.imdb.com/title/tt2692250/?ref_=fn_tt_tt_1,126,English,USA,PG,127,3000,6.2,1.85,11000
2010,b'Megamind',Color,Tom McGrath,233,95,96,8000,Brad Pitt,24000,148.337537,Action|Animation|Comedy|Family|Sci-Fi,J.K. Simmons,172754,46120,Will Ferrell,3,battle|city|planet|prison|superhero,http://www.imdb.com/title/tt1001526/?ref_=fn_tt_tt_1,187,English,USA,PG,130,11000,7.3,2.35,13000
2001,"b""Harry Potter and the Sorcerer's Stone""",Color,Chris Columbus,258,159,0,645,Fiona Shaw,11000,317.557891,Adventure|Family|Fantasy,Daniel Radcliffe,444683,13191,Verne Troyer,4,based on novel|birthday|evil wizard|quidditch|wizard,http://www.imdb.com/title/tt0241527/?ref_=fn_tt_tt_1,1571,English,UK,PG,125,687,7.5,2.35,16000
2013,b'R.I.P.D.',Color,Robert Schwentke,208,96,124,1000,Jeff Bridges,16000,33.592415,Action|Comedy|Fantasy,Ryan Reynolds,91640,31549,Stephanie Szostak,2,drug dealer|gold|partner|police|undead,http://www.imdb.com/title/tt0790736/?ref_=fn_tt_tt_1,210,English,USA,PG-13,130,12000,5.6,2.35,20000
2003,b'Pirates of the Caribbean: The Curse of the Black Pearl',Color,Gore Verbinski,271,143,563,1000,Orlando Bloom,40000,305.388685,Action|Adventure|Fantasy,Johnny Depp,809474,48184,Jack Davenport,3,caribbean|curse|governor|pirate|undead,http://www.imdb.com/title/tt0325980/?ref_=fn_tt_tt_1,2113,English,USA,PG-13,140,5000,8.1,2.35,10000
2010,b'Harry Potter and the Deathly Hallows: Part I',Color,Matt Birch,4,0,0,1000,Toby Jones,10000,0,Fantasy,Rupert Grint,252,14719,Alfred Enoch,1,0,http://www.imdb.com/title/tt1571403/?ref_=fn_tt_tt_1,2,English,UK,0,0,2000,6.4,0,25
2014,b'The Hunger Games: Mockingjay - Part 1',Color,Francis Lawrence,403,123,508,14000,Philip Seymour Hoffman,34000,337.103873,Adventure|Sci-Fi|Thriller,Jennifer Lawrence,305008,81385,Josh Hutcherson,1,based on young adult novel|manipulation|rebellion|symbol|uprising,http://www.imdb.com/title/tt1951265/?ref_=fn_tt_tt_1,591,English,USA,PG-13,125,22000,6.7,2.35,52000
2011,b'Fast Five',Color,Justin Lin,342,132,681,12000,Vin Diesel,23000,209.805005,Action|Crime|Thriller,Paul Walker,284792,55345,Dwayne Johnson,3,drug lord|drugs|federal agent|heist|police,http://www.imdb.com/title/tt1596343/?ref_=fn_tt_tt_1,366,English,USA,PG-13,125,14000,7.3,2.35,54000
2011,b'Sherlock Holmes: A Game of Shadows',Color,Guy Ritchie,382,129,0,154,Eddie Marsan,21000,186.830669,Action|Adventure|Crime|Mystery|Thriller,Robert Downey Jr.,338635,22403,Paul Anderson,2,factory|gypsy|investigation|sherlock holmes|train,http://www.imdb.com/title/tt1515091/?ref_=fn_tt_tt_1,412,English,USA,PG-13,125,979,7.5,2.35,39000
2010,b'Clash of the Titans',Color,Louis Leterrier,344,106,255,850,Jason Flemyng,14000,163.192114,Action|Adventure|Fantasy,Liam Neeson,229679,18003,Alexa Davalos,0,famous line|hand to hand combat|kraken|rape|zeus,http://www.imdb.com/title/tt0800320/?ref_=fn_tt_tt_1,637,English,USA,PG-13,125,1000,5.8,2.35,15000
2012,b'The Bourne Legacy',Color,Tony Gilroy,436,135,209,602,Scott Glenn,10000,113.165635,Action|Adventure|Thriller,Jeremy Renner,229823,12175,Stacy Keach,0,assassin|cia|drone|pill|wolf,http://www.imdb.com/title/tt1194173/?ref_=fn_tt_tt_1,504,English,USA,PG-13,125,826,6.7,2.35,31000
2004,b'The Day After Tomorrow',Color,Roland Emmerich,239,124,776,812,Dennis Quaid,15000,186.739919,Action|Adventure|Sci-Fi|Thriller,Jake Gyllenhaal,333248,20553,Sela Ward,0,climate|end of the world|global warming|natural disaster|weather,http://www.imdb.com/title/tt0319262/?ref_=fn_tt_tt_1,1159,English,USA,PG-13,125,2000,6.4,2.35,19000
2012,b'Life of Pi',Color,Ang Lee,552,127,0,341,Rafe Spall,774,124.976634,Adventure|Drama|Fantasy,Suraj Sharma,440084,2121,Tabu,0,animal|faith|india|journey|tiger,http://www.imdb.com/title/tt0454876/?ref_=fn_tt_tt_1,755,English,USA,PG,120,358,8,1.85,122000
2016,b'Jason Bourne',Color,Paul Greengrass,267,123,521,265,Riz Ahmed,13000,108.521835,Action|Thriller,Matt Damon,40123,13752,Ato Essandoh,0,black ops|chase|cia|cia agent|repeated scene,http://www.imdb.com/title/tt4196776/?ref_=fn_tt_tt_1,297,English,UK,PG-13,120,365,7.1,2.35,31000
2012,b'Prometheus',Color,Ridley Scott,775,124,0,641,Charlize Theron,13000,126.464904,Adventure|Mystery|Sci-Fi,Michael Fassbender,456260,24098,Sean Harris,0,cave painting|medical scanner|planet|pregnant with an alien fetus|suspended animation,http://www.imdb.com/title/tt1446714/?ref_=fn_tt_tt_1,2326,English,USA,R,130,9000,7,2.35,97000
2002,b'Stuart Little 2',Color,Rob Minkoff,71,77,50,537,Brad Garrett,886,64.736114,Adventure|Animation|Comedy|Family|Fantasy,Nathan Lane,36471,2682,Melanie Griffith,0,anthropomorphic mouse|falcon|marshmallow|second part|soccer,http://www.imdb.com/title/tt0243585/?ref_=fn_tt_tt_1,69,English,USA,PG,120,799,5.4,1.85,459
2013,b'Elysium',Color,Neill Blomkamp,476,109,662,1000,Sharlto Copley,13000,93.050117,Action|Drama|Sci-Fi|Thriller,Matt Damon,338087,17689,Alice Braga,0,christ figure|class differences|messiah|saviour|social commentary,http://www.imdb.com/title/tt1535108/?ref_=fn_tt_tt_1,814,English,USA,R,115,2000,6.6,2.35,61000
2014,b'RoboCop',Color,José Padilha,492,117,294,1000,Abbie Cornish,10000,58.607007,Action|Crime|Sci-Fi|Thriller,Gary Oldman,182899,14161,Jennifer Ehle,0,law enforcement|police|robocop|robot|technology,http://www.imdb.com/title/tt1234721/?ref_=fn_tt_tt_1,630,English,USA,PG-13,100,2000,6.2,2.35,60000
2010,b'Knight and Day',Color,James Mangold,283,117,446,877,Marc Blucas,10000,76.418654,Action|Comedy|Romance,Tom Cruise,148280,12731,Jordi Mollà,0,chase|fbi|garage|spy|surveillance,http://www.imdb.com/title/tt1013743/?ref_=fn_tt_tt_1,348,English,USA,PG-13,117,973,6.3,2.35,11000
2013,b'Oblivion',Color,Joseph Kosinski,539,124,364,1000,Tom Cruise,11000,89.021735,Action|Adventure|Mystery|Sci-Fi,Morgan Freeman,387436,22004,Zoë Bell,0,cabin in the woods|drone|flying through a thunderstorm|post apocalypse|sex in a pool,http://www.imdb.com/title/tt1483013/?ref_=fn_tt_tt_1,892,English,USA,PG-13,120,10000,7,2.35,71000
2005,b'Star Wars: Episode III - Revenge of the Sith',Color,George Lucas,359,140,0,4000,Christopher Lee,20000,380.262555,Action|Adventure|Fantasy|Sci-Fi,Natalie Portman,520104,44042,Hayden Christensen,4,elongated cry of no|friends become enemies|kicked in the butt|robotic midwife|vision,http://www.imdb.com/title/tt0121766/?ref_=fn_tt_tt_1,3286,English,USA,PG-13,113,16000,7.6,2.35,10000
2013,b'The Wolverine',Color,James Mangold,440,138,446,929,Tao Okamoto,20000,132.55096,Action|Adventure|Sci-Fi|Thriller,Hugh Jackman,328067,23755,Rila Fukushima,1,healing power|marvel comics|mecha|regeneration|self healing,http://www.imdb.com/title/tt1430132/?ref_=fn_tt_tt_1,533,English,USA,PG-13,120,992,6.7,2.35,68000
1999,b'Star Wars: Episode I - The Phantom Menace',Color,George Lucas,320,136,0,1000,Liam Neeson,20000,474.544677,Action|Adventure|Fantasy|Sci-Fi,Natalie Portman,534658,37723,Ian McDiarmid,1,alien|character says i have a bad feeling about this|hand to hand combat|seven word title|wilhelm scream,http://www.imdb.com/title/tt0120915/?ref_=fn_tt_tt_1,3597,English,USA,PG,115,14000,6.5,2.35,13000
2013,b'The Croods',Color,Kirk De Micco,257,98,16,12000,Emma Stone,16000,187.165546,Adventure|Animation|Comedy|Family|Fantasy,Ryan Reynolds,150618,43286,Nicolas Cage,3,cave|caveman|journey|strict father|survival,http://www.imdb.com/title/tt0481499/?ref_=fn_tt_tt_1,195,English,USA,PG,135,15000,7.3,2.35,28000
2008,b'Asterix at the Olympic Games',Color,Frédéric Forestier,33,116,0,141,Santiago Segura,936,0,Adventure|Comedy|Family|Fantasy,Alain Delon,20567,1609,Vanessa Hessler,1,1st century b.c.|lightsaber|local blockbuster|magical potion|potion,http://www.imdb.com/title/tt0463872/?ref_=fn_tt_tt_1,36,French,France,0,78,276,5.1,2.35,291
2016,"b""The Huntsman: Winter's War""",Color,Cedric Nicolas-Troyan,231,120,19,9000,Sam Claflin,26000,47.95202,Action|Adventure|Drama|Fantasy,Chris Hemsworth,37750,46719,Charlize Theron,2,based on fairy tale|dark fantasy|fairy tale|second part|sequel,http://www.imdb.com/title/tt2381991/?ref_=fn_tt_tt_1,134,English,USA,PG-13,115,11000,6.1,2.35,16000
2014,b'Teenage Mutant Ninja Turtles',Color,Jonathan Liebesman,348,101,473,429,Danny Woodburn,833,190.87124,Action|Adventure|Comedy|Sci-Fi,Noel Fisher,167085,2690,Jeremy Howard,0,18 wheeler|mutant|ninja|sewer|turtle,http://www.imdb.com/title/tt1291150/?ref_=fn_tt_tt_1,491,English,USA,PG-13,125,809,5.9,2.35,62000
2013,b'Gravity',Color,Alfonso Cuarón,738,91,0,13,Basher Savage,39,274.084951,Adventure|Drama|Sci-Fi|Thriller,Phaldut Sharma,582917,87,Amy Warren,0,box office hit|long take|sole survivor|space|space station,http://www.imdb.com/title/tt1454468/?ref_=fn_tt_tt_1,1885,English,UK,PG-13,100,23,7.8,2.35,147000
2016,b'Teenage Mutant Ninja Turtles: Out of the Shadows',Color,Dave Green,181,112,13,799,Noel Fisher,5000,81.638674,Action|Adventure|Comedy|Sci-Fi,Stephen Amell,17533,8306,Brad Garrett,0,based on comic book|brother brother relationship|rat|sequel|turtle,http://www.imdb.com/title/tt3949660/?ref_=fn_tt_tt_1,115,English,USA,PG-13,135,833,6.3,2.35,12000
2015,b'Fantastic Four',Color,Josh Trank,369,100,128,78,Reg E. Cathey,596,56.114221,Action|Adventure|Sci-Fi,Tim Blake Nelson,110486,1261,Tim Heidecker,3,box office flop|critically bashed|portal|teleportation|troubled production,http://www.imdb.com/title/tt1502712/?ref_=fn_tt_tt_1,695,English,USA,PG-13,120,360,4.3,2.35,41000
2006,b'Night at the Museum',Color,Shawn Levy,179,108,189,1000,Rami Malek,49000,250.863268,Action|Adventure|Comedy|Family|Fantasy,Robin Williams,234480,55486,Steve Coogan,2,chaos|museum|museum of natural history|night watchman|watchman,http://www.imdb.com/title/tt0477347/?ref_=fn_tt_tt_1,444,English,USA,PG,110,3000,6.4,1.85,3000
2015,b'San Andreas',Color,Brad Peyton,358,114,62,884,Ioan Gruffudd,12000,155.181732,Action|Adventure|Drama|Thriller,Dwayne Johnson,147497,16718,Archie Panjabi,0,disaster movie|earthquake|journey|natural disaster|san andreas fault,http://www.imdb.com/title/tt2126355/?ref_=fn_tt_tt_1,499,English,USA,PG-13,110,2000,6.1,2.35,52000
2000,b'The Patriot',Color,Roland Emmerich,192,142,776,1000,Adam Baldwin,13000,113.330342,Action|Drama|History|War,Heath Ledger,207613,19454,Tom Wilkinson,1,american revolution|british|french|hero|standoff,http://www.imdb.com/title/tt0187393/?ref_=fn_tt_tt_1,1144,English,USA,R,110,2000,7.1,2.35,4000
2015,b'Insurgent',Color,Robert Schwentke,263,119,124,1000,Theo James,14000,129.995817,Adventure|Sci-Fi|Thriller,Kate Winslet,154621,22622,Mekhi Phifer,0,action heroine|falling from height|mind control|trainhopping|truth serum,http://www.imdb.com/title/tt2908446/?ref_=fn_tt_tt_1,258,English,USA,PG-13,110,5000,6.3,2.35,27000
2011,b'The Green Hornet',Color,Michel Gondry,447,119,1000,741,Tom Wilkinson,11000,98.780042,Action|Comedy|Crime|Sci-Fi|Thriller,Christoph Waltz,136019,13391,Chad L. Coleman,0,heir|kung fu|party|playboy|superhero,http://www.imdb.com/title/tt0990407/?ref_=fn_tt_tt_1,443,English,USA,PG-13,120,1000,5.8,2.35,14000
2014,b'300: Rise of an Empire',Color,Noam Murro,366,102,263,1000,Sullivan Stapleton,6000,106.369117,Action|Drama|Fantasy|War,Eva Green,225273,10583,Peter Mensah,0,army|commander|female rear nudity|greek|navy,http://www.imdb.com/title/tt1253863/?ref_=fn_tt_tt_1,523,English,USA,R,110,1000,6.2,2.35,71000
2011,b'The Smurfs',Color,Raja Gosnell,172,103,67,111,Tim Gunn,383,142.614158,Adventure|Animation|Comedy|Family|Fantasy,Mahadeo Shivraj,66593,692,Madison McKinley,3,blue|new york|new york city|no opening credits|smurf,http://www.imdb.com/title/tt0472181/?ref_=fn_tt_tt_1,153,English,USA,PG,110,113,5.5,1.78,31000
2004,b'Home on the Range',Color,Will Finn,104,76,6,421,Roseanne Barr,12000,50.026353,Animation|Comedy|Family|Music|Western,Steve Buscemi,13581,13607,G.W. Bailey,0,cattle|cow|dairy farm|farm|rustler,http://www.imdb.com/title/tt0299172/?ref_=fn_tt_tt_1,88,English,USA,PG,110,513,5.4,1.78,304
2016,b'Allegiant',Color,Robert Schwentke,181,120,124,943,Theo James,6000,66.002193,Action|Adventure|Mystery|Sci-Fi|Thriller,Naomi Watts,44296,12452,Zoë Kravitz,3,based on young adult novel|dystopia|genetic experimentation|strong female character|strong female lead,http://www.imdb.com/title/tt3410834/?ref_=fn_tt_tt_1,144,English,USA,PG-13,110,5000,5.8,2.35,12000
2011,b'Real Steel',Color,Shawn Levy,327,127,189,544,Torey Michael Adkins,20000,85.463309,Action|Drama|Sci-Fi|Sport,Hugh Jackman,254841,22254,Olga Fonda,1,arena|boxing|boxing movie|robot|robot battle,http://www.imdb.com/title/tt0433035/?ref_=fn_tt_tt_1,426,English,USA,PG-13,110,929,7.1,2.35,36000
1997,b'Speed 2: Cruise Control',Color,Jan de Bont,79,121,101,202,Temuera Morrison,673,48.068396,Action|Crime|Romance|Thriller,Jason Patric,60573,2027,Lois Chiles,0,collision course|computer|cruise|diamonds|ship run aground,http://www.imdb.com/title/tt0120179/?ref_=fn_tt_tt_1,248,English,USA,PG-13,160,368,3.7,2.35,894
2013,"b""Ender's Game""",Color,Gavin Hood,326,114,151,430,Moises Arias,11000,61.656849,Action|Sci-Fi,Harrison Ford,184561,12908,Aramis Knight,4,alien|future|manipulation|simulation|training,http://www.imdb.com/title/tt1731141/?ref_=fn_tt_tt_1,554,English,USA,PG-13,110,635,6.7,2.35,123000
2001,b'The Lord of the Rings: The Fellowship of the Ring',Color,Peter Jackson,297,171,0,857,Orlando Bloom,16000,313.837577,Action|Adventure|Drama|Fantasy,Christopher Lee,1238746,22342,Billy Boyd,2,elf|hobbit|middle earth|quest|ring,http://www.imdb.com/title/tt0120737/?ref_=fn_tt_tt_1,5060,English,New Zealand,PG-13,93,5000,8.8,2.35,21000
2003,b'The Cat in the Hat',Color,Bo Welch,109,82,34,434,Kelly Preston,760,100.446895,Adventure|Comedy|Family|Fantasy,Sean Hayes,36033,2762,Spencer Breslin,1,based on cult comic book|cat|home alone|imagination|talking cat,http://www.imdb.com/title/tt0312528/?ref_=fn_tt_tt_1,456,English,USA,PG,109,743,3.8,1.85,946
2009,b'The Princess and the Frog',Color,Ron Clements,228,97,63,525,Jenifer Lewis,852,104.374107,Animation|Family|Fantasy|Musical|Romance,Oprah Winfrey,89351,2480,Anika Noni Rose,0,amphibian|dream|frog|frog prince|waitress,http://www.imdb.com/title/tt0780521/?ref_=fn_tt_tt_1,214,English,USA,G,105,578,7.1,1.85,5000
2015,b'The Martian',Color,Ridley Scott,568,151,0,372,Donald Glover,13000,228.430993,Adventure|Drama|Sci-Fi,Matt Damon,472488,14831,Benedict Wong,1,astronaut|international cooperation|left for dead|nasa|space habitat,http://www.imdb.com/title/tt3659388/?ref_=fn_tt_tt_1,1023,English,USA,PG-13,108,801,8.1,2.35,153000
2001,b'Town & Country',Color,Peter Chelsom,62,104,23,591,Warren Beatty,752,6.712451,Comedy|Romance,Del Zamora,4102,3133,Garry Shandling,0,anniversary|architect|cellist|friend|hardware store,http://www.imdb.com/title/tt0141907/?ref_=fn_tt_tt_1,89,English,New Line,R,90,631,4.4,1.85,53
2000,b'Gladiator',Color,Ridley Scott,265,171,0,695,Connie Nielsen,3000,187.670866,Action|Drama|Romance,Djimon Hounsou,982637,6521,Oliver Reed,0,battlefield|blood|combat|gladiator|roman empire,http://www.imdb.com/title/tt0172495/?ref_=fn_tt_tt_1,2368,English,USA,R,103,933,8.5,2.35,21000
1991,b'Terminator 2: Judgment Day',Color,James Cameron,210,153,0,539,Jenette Goldstein,780,204.84335,Action|Sci-Fi,Joe Morton,744891,2829,S. Epatha Merkerson,0,future|liquid metal|multiple cameos|sexy woman|time travel,http://www.imdb.com/title/tt0103064/?ref_=fn_tt_tt_1,983,English,USA,R,102,604,8.5,2.35,13000
2010,b'The Other Guys',Color,Adam McKay,265,116,285,107,Will Ferrell,12000,119.219978,Action|Comedy|Crime,Dwayne Johnson,189806,20233,Derek Jeter,2,capitalist|detective|investigation|new york city|police,http://www.imdb.com/title/tt1386588/?ref_=fn_tt_tt_1,316,English,USA,PG-13,100,8000,6.7,2.35,16000
2012,b'Django Unchained',Color,Quentin Tarantino,765,165,16000,265,Christoph Waltz,29000,162.804648,Drama|Western,Leonardo DiCaprio,955174,40978,Ato Essandoh,1,dynamite|historically inaccurate|ku klux klan|n word|slavery,http://www.imdb.com/title/tt1853728/?ref_=fn_tt_tt_1,1193,English,USA,R,100,11000,8.5,2.35,199000
2012,b'The Expendables 2',Color,Simon West,383,103,165,13000,Sylvester Stallone,26000,85.017401,Action|Adventure|Thriller,Jason Statham,246803,57881,Bruce Willis,3,church|hostage|mine|plutonium|revenge,http://www.imdb.com/title/tt1764651/?ref_=fn_tt_tt_1,474,English,USA,R,92,13000,6.7,2.35,108000
2009,b'Where the Wild Things Are',Color,Spike Jonze,333,101,0,279,Ryan Corr,925,77.222184,Adventure|Drama|Family|Fantasy,Catherine O'Hara,87677,1738,Max Records,0,based on children's book|creature|igloo|imagination|king,http://www.imdb.com/title/tt0386117/?ref_=fn_tt_tt_1,388,English,Germany,PG,100,468,6.8,2.35,11000
2015,b'Pan',Color,Joe Wright,256,111,456,394,Cara Delevingne,20000,34.964818,Adventure|Family|Fantasy,Hugh Jackman,39956,21393,Nonso Anozie,4,1940s|child hero|fantasy world|orphan|reference to peter pan,http://www.imdb.com/title/tt3332064/?ref_=fn_tt_tt_1,186,English,USA,PG,150,548,5.8,2.35,24000
2013,b'Epic',Color,Chris Wedge,203,102,77,120,Emma Kenney,14000,107.515297,Adventure|Animation|Family|Fantasy,Josh Hutcherson,85833,14552,Troy Evans,2,father daughter relationship|forest|miniature person|shrinking|sword and fantasy,http://www.imdb.com/title/tt0848537/?ref_=fn_tt_tt_1,113,English,USA,PG,100,151,6.7,2.35,17000
2010,b'The Tourist',Color,Florian Henckel von Donnersmarck,321,103,207,3000,Angelina Jolie Pitt,40000,67.631157,Action|Romance|Thriller,Johnny Depp,176598,55175,Rufus Sewell,0,police surveillance|surveillance van|tailing a suspect|tourist|venice italy,http://www.imdb.com/title/tt1243957/?ref_=fn_tt_tt_1,374,English,USA,PG-13,100,11000,6,2.35,25000
1999,b'End of Days',Color,Peter Hyams,174,121,0,595,Mark Margolis,1000,66.862068,Action|Fantasy|Horror|Mystery,CCH Pounder,89509,3903,Udo Kier,0,atheist|ex cop|female masturbation|female nudity|lucifer,http://www.imdb.com/title/tt0146675/?ref_=fn_tt_tt_1,524,English,USA,R,83,1000,5.7,2.35,2000
2006,b'Blood Diamond',Color,Edward Zwick,166,143,380,452,Djimon Hounsou,29000,57.366262,Adventure|Drama|Thriller,Leonardo DiCaprio,400292,33160,Stephen Collins,0,diamond|elephant|fisherman|rebel|sierra leone,http://www.imdb.com/title/tt0450259/?ref_=fn_tt_tt_1,657,English,Germany,R,100,3000,8,2.35,14000
2013,b'The Wolf of Wall Street',Color,Martin Scorsese,606,189,17000,4000,Matthew McConaughey,29000,116.866727,Biography|Comedy|Crime|Drama,Leonardo DiCaprio,780588,46057,Jon Favreau,3,based on true story|fellatio|female rear nudity|sex in an airplane|stockbroker,http://www.imdb.com/title/tt0993846/?ref_=fn_tt_tt_1,1138,English,USA,R,100,11000,8.2,2.35,138000
2012,b'Cloud Atlas',Color,Tom Tykwer,511,172,670,1000,Jim Sturgess,15000,27.09858,Drama|Sci-Fi,Tom Hanks,284825,22686,Jim Broadbent,5,composer|future|letter|nonlinear timeline|nursing home,http://www.imdb.com/title/tt1371111/?ref_=fn_tt_tt_1,828,English,Germany,R,102,5000,7.5,2.35,124000
2010,"b""Legend of the Guardians: The Owls of Ga'Hoole""",Color,Zack Snyder,188,101,0,577,Richard Roxburgh,2000,55.673333,Action|Adventure|Animation|Family|Fantasy,Abbie Cornish,65785,4286,Anthony LaPaglia,1,barn owl|escape|owl|ruler|soldier,http://www.imdb.com/title/tt1219342/?ref_=fn_tt_tt_1,160,English,USA,PG,80,653,7,2.35,16000
2014,b'Hercules',Color,Brett Ratner,245,101,420,467,Rufus Sewell,12000,72.660029,Action|Adventure,Dwayne Johnson,115687,16235,Ingrid Bolsø Berdal,0,army|greek mythology|hercules|king|mercenary,http://www.imdb.com/title/tt1267297/?ref_=fn_tt_tt_1,269,English,USA,PG-13,100,3000,6,2.35,21000
2014,b'The Expendables 3',Color,Patrick Hughes,320,131,385,11000,Sylvester Stallone,26000,39.292022,Action|Adventure|Thriller,Jason Statham,127258,52610,Harrison Ford,15,battle|fight|mission|pg 13 sequel to r rated franchise|rescue,http://www.imdb.com/title/tt2333784/?ref_=fn_tt_tt_1,351,English,USA,PG-13,90,13000,6.1,2.35,56000
2015,b'Point Break',Color,Ericson Core,163,114,19,848,Edgar Ramírez,1000,28.772222,Action|Crime|Sport|Thriller,Ray Winstone,33953,3962,Delroy Lindo,1,athlete|extreme sports|fbi|fbi agent|heist,http://www.imdb.com/title/tt2058673/?ref_=fn_tt_tt_1,163,English,USA,PG-13,105,897,5.3,2.35,37000
2005,b'Son of the Mask',Color,Lawrence Guterman,78,94,6,227,Traylor Howard,490,17.010646,Comedy|Family|Fantasy,Jamie Kennedy,40751,1195,Ben Stein,0,baby|cartoon on tv|cartoonist|dog|mask,http://www.imdb.com/title/tt0362165/?ref_=fn_tt_tt_1,239,English,USA,PG,84,294,2.2,1.85,881
2015,b'In the Heart of the Sea',Color,Ron Howard,289,122,2000,571,Benjamin Walker,26000,24.985612,Action|Adventure|Biography|Drama|History|Thriller,Chris Hemsworth,71782,28328,Frank Dillane,0,emaciation|ship|starvation|vomiting|whale,http://www.imdb.com/title/tt1390411/?ref_=fn_tt_tt_1,161,English,USA,PG-13,100,911,7,1.85,27000
2002,b'The Adventures of Pluto Nash',Color,Ron Underwood,66,95,31,683,Randy Quaid,3000,4.411102,Action|Comedy|Sci-Fi,Rosario Dawson,20295,6161,Burt Young,1,casino|future|laser gun|moon|nightclub,http://www.imdb.com/title/tt0180052/?ref_=fn_tt_tt_1,164,English,USA,PG-13,100,695,3.8,1.85,416
2015,b'The Peanuts Movie',Color,Steve Martino,208,88,20,36,Venus Schultheis,144,130.174897,Adventure|Animation|Comedy|Family,Francesca Capaldi,27918,309,Bill Melendez,0,dog|girl|imagination|peanuts|red hair,http://www.imdb.com/title/tt2452042/?ref_=fn_tt_tt_1,155,English,USA,G,99,42,7.2,1.85,33000
1997,b'The Spanish Prisoner',Color,David Mamet,97,110,342,393,Felicity Huffman,623,10.2,Drama|Mystery|Thriller,Ben Gazzara,18697,1722,Campbell Scott,0,brother sister relationship|extradition|fbi|japanese tourist|secret,http://www.imdb.com/title/tt0120176/?ref_=fn_tt_tt_1,263,English,USA,PG,10,508,7.3,1.85,578
2011,b'The Flowers of War',Color,Yimou Zhang,136,146,611,28,Ni Ni,23000,0.009213,Drama|History|Romance|War,Christian Bale,38690,23240,Shigeo Kobayashi,2,abusive stepfather|attempted rape|food shortage|sexual abuse|starving child,http://www.imdb.com/title/tt1410063/?ref_=fn_tt_tt_1,130,Mandarin,China,R,94,196,7.6,2.35,13000
2001,b'Black Hawk Down',Color,Ridley Scott,200,152,0,557,Sam Shepard,2000,108.638745,Drama|History|War,Ioan Gruffudd,292022,4270,Ewen Bremner,0,army|helicopter|somali|somalia|warlord,http://www.imdb.com/title/tt0265086/?ref_=fn_tt_tt_1,1103,English,USA,R,92,820,7.7,2.35,10000
2012,b'The Campaign',Color,Jay Roach,255,85,116,329,Thomas Middleditch,8000,86.897182,Comedy,Will Ferrell,106790,9271,Katherine LaNasa,0,campaigning|congressman|north carolina|title at the end|u.s. congressman,http://www.imdb.com/title/tt1790886/?ref_=fn_tt_tt_1,177,English,USA,R,95,331,6.2,1.85,18000
1997,b'The Fifth Element',Color,Luc Besson,173,126,0,10000,Bruce Willis,14000,63.54002,Action|Adventure|Sci-Fi,Milla Jovovich,343274,39319,Gary Oldman,2,1910s|alien|artificially created woman|love|taxi driver,http://www.imdb.com/title/tt0119116/?ref_=fn_tt_tt_1,742,English,France,PG-13,93,13000,7.7,2.35,18000
2012,b'Ice Age: Continental Drift',Color,Steve Martino,233,88,20,916,Josh Gad,22000,161.317423,Adventure|Animation|Comedy|Family,Peter Dinklage,145321,25354,Drake,0,acorn|herd|iceberg|ocean|pirate,http://www.imdb.com/title/tt1667889/?ref_=fn_tt_tt_1,139,English,USA,PG,95,1000,6.6,2.35,14000
2015,b'Cinderella',Color,Kenneth Branagh,343,105,0,502,Derek Jacobi,2000,201.148159,Drama|Family|Fantasy|Romance,Hayley Atwell,103737,4671,Lily James,1,dress|duke|fairy godmother|fairy tale|pumpkin,http://www.imdb.com/title/tt1661199/?ref_=fn_tt_tt_1,322,English,USA,PG,95,520,7,2.35,56000
2009,b'The Lovely Bones',Color,Peter Jackson,308,135,0,310,AJ Michalka,873,43.982842,Drama|Fantasy|Thriller,Michael Imperioli,125109,2370,Tom McCarthy,1,1970s|afterlife|heaven|pedophile|rape,http://www.imdb.com/title/tt0380510/?ref_=fn_tt_tt_1,593,English,USA,PG-13,65,560,6.7,2.35,16000
2003,b'Finding Nemo',Color,Andrew Stanton,301,100,475,799,Stephen Root,1000,380.83887,Adventure|Animation|Comedy|Family,Alexander Gould,692482,5641,Brad Garrett,0,great barrier reef|protective father|separation from family|shark|short term memory loss,http://www.imdb.com/title/tt0266543/?ref_=fn_tt_tt_1,866,English,USA,G,94,939,8.2,1.85,11000
2003,b'The Lord of the Rings: The Return of the King',Color,Peter Jackson,328,189,0,416,Billy Boyd,5000,377.019252,Action|Adventure|Drama|Fantasy,Orlando Bloom,1215718,6434,Bernard Hill,2,battle|epic|king|orc|ring,http://www.imdb.com/title/tt0167260/?ref_=fn_tt_tt_1,3189,English,USA,PG-13,94,857,8.9,2.35,16000
2002,b'The Lord of the Rings: The Two Towers',Color,Peter Jackson,294,172,0,857,Orlando Bloom,16000,340.478898,Action|Adventure|Drama|Fantasy,Christopher Lee,1100446,23052,Billy Boyd,1,epic|evil wizard|middle earth|ring|wizard,http://www.imdb.com/title/tt0167261/?ref_=fn_tt_tt_1,2417,English,USA,PG-13,94,5000,8.7,2.35,10000
2014,b'Seventh Son',Color,Sergey Bodrov,175,102,44,766,Djimon Hounsou,12000,17.1769,Action|Adventure|Fantasy,Jeff Bridges,54501,17098,Olivia Williams,4,apprentice|demon|exorcism|master apprentice relationship|witch,http://www.imdb.com/title/tt1121096/?ref_=fn_tt_tt_1,154,English,USA,PG-13,95,3000,5.5,2.35,16000
2014,b'Transcendence',Color,Wally Pfister,355,119,0,968,Morgan Freeman,40000,23.014504,Drama|Mystery|Romance|Sci-Fi|Thriller,Johnny Depp,172707,54031,Clifton Collins Jr.,1,artificial intelligence|consciousness|power outage|scientist|technology,http://www.imdb.com/title/tt2209764/?ref_=fn_tt_tt_1,462,English,UK,PG-13,100,11000,6.3,2.35,37000
2011,b'Rise of the Planet of the Apes',Color,Rupert Wyatt,529,105,81,779,David Oyelowo,11000,176.74065,Action|Drama|Sci-Fi|Thriller,James Franco,403836,13118,Tyler Labine,0,alzheimer's disease|ape|chimpanzee|fire|when animals attack,http://www.imdb.com/title/tt1318514/?ref_=fn_tt_tt_1,646,English,USA,PG-13,93,1000,7.6,2.35,47000
2013,b'A Good Day to Die Hard',Color,John Moore,412,101,212,476,Cole Hauser,13000,67.344392,Action|Thriller,Bruce Willis,165618,15481,Megalyn Echikunwoke,2,bomb|cia|courthouse|escape|russian,http://www.imdb.com/title/tt1606378/?ref_=fn_tt_tt_1,503,English,USA,R,92,787,5.3,1.85,66000
2004,b'The Alamo',Color,John Lee Hancock,106,137,102,877,Marc Blucas,2000,22.406362,Drama|History|War|Western,Dennis Quaid,16832,5780,Jordi Mollà,0,army|dictator|general|texan|texas,http://www.imdb.com/title/tt0318974/?ref_=fn_tt_tt_1,267,English,USA,PG-13,107,973,6,2.35,701
1995,b'Cutthroat Island',Color,Renny Harlin,61,124,212,810,Frank Langella,1000,11,Action|Adventure|Comedy,Christopher Masterson,21102,3611,Matthew Modine,3,latin|pirate|pirate ship|treasure|treasure map,http://www.imdb.com/title/tt0112760/?ref_=fn_tt_tt_1,169,English,USA,PG-13,98,903,5.6,2.35,1000
2010,b'Percy Jackson & the Olympians: The Lightning Thief',Color,Chris Columbus,217,118,0,1000,Rosario Dawson,8000,88.76172,Adventure|Family|Fantasy,Logan Lerman,141179,14024,Steve Coogan,0,greek|lightning|lightning bolt|poseidon|teenager,http://www.imdb.com/title/tt0814255/?ref_=fn_tt_tt_1,419,English,UK,PG,95,3000,5.9,2.35,9000
2010,b'Unstoppable',Color,Tony Scott,316,98,12000,1000,Rosario Dawson,18000,81.557479,Action|Thriller,Denzel Washington,149947,25780,Ethan Suplee,1,freight train|race against time|runaway train|train|train engineer,http://www.imdb.com/title/tt0477080/?ref_=fn_tt_tt_1,326,English,USA,PG-13,100,3000,6.8,2.35,18000
2013,b'The Secret Life of Walter Mitty',Color,Ben Stiller,362,114,0,423,Adrian Martinez,3000,58.22912,Adventure|Comedy|Drama|Fantasy|Romance,Adam Scott,236421,5095,Joey Slotnick,1,daydream|life magazine|magazine|photographer|snow leopard,http://www.imdb.com/title/tt0359950/?ref_=fn_tt_tt_1,515,English,USA,PG,90,806,7.3,2.35,70000
2006,b'The Departed',Color,Martin Scorsese,352,151,17000,1000,Matt Damon,29000,132.373442,Crime|Drama|Thriller,Leonardo DiCaprio,873649,45648,Ray Winstone,0,boston|mole|police|undercover|undercover cop,http://www.imdb.com/title/tt0407887/?ref_=fn_tt_tt_1,2054,English,USA,R,90,13000,8.5,2.35,29000
1998,b'Mulan',Color,Tony Bancroft,143,88,7,484,Harvey Fierstein,2000,120.618403,Adventure|Animation|Family|Fantasy|Musical|War,Ming-Na Wen,171792,4478,June Foray,0,based on poem|based on true story|china|one word title|the huns,http://www.imdb.com/title/tt0120762/?ref_=fn_tt_tt_1,222,English,USA,G,90,500,7.5,1.66,12000
2011,b'The Girl with the Dragon Tattoo',Color,David Fincher,517,158,21000,585,Goran Visnjic,18000,102.515793,Crime|Drama|Mystery|Thriller,Robin Wright,330152,20388,Joely Richardson,1,computer hacker|hacker|investigation|journalist|punk,http://www.imdb.com/title/tt1568346/?ref_=fn_tt_tt_1,632,English,USA,R,90,1000,7.8,2.35,54000
2009,b'Sherlock Holmes',Color,Guy Ritchie,415,128,0,727,Eddie Marsan,21000,209.019489,Action|Adventure|Crime|Mystery|Thriller,Robert Downey Jr.,477300,23996,Robert Maillet,3,black magic|bridge construction|professor moriarty|scotland yard inspector|sherlock holmes,http://www.imdb.com/title/tt0988045/?ref_=fn_tt_tt_1,621,English,USA,PG-13,90,979,7.6,1.85,20000
2015,b'Pixels',Color,Chris Columbus,253,106,0,1000,Adam Sandler,22000,78.747585,Action|Animation|Comedy|Sci-Fi,Peter Dinklage,89770,35367,Josh Gad,0,alien|arcade game|chase|driving in reverse|video gamer,http://www.imdb.com/title/tt2120120/?ref_=fn_tt_tt_1,342,English,USA,PG-13,88,11000,5.6,2.35,39000
2001,b'A.I. Artificial Intelligence',Color,Steven Spielberg,281,146,14000,681,William Hurt,3000,78.616689,Adventure|Drama|Sci-Fi,Haley Joel Osment,238747,6217,Kevin Sussman,0,affection|boy|fairy|future|robot,http://www.imdb.com/title/tt0212720/?ref_=fn_tt_tt_1,2153,English,USA,PG-13,100,882,7.1,1.85,11000
2003,b'The Haunted Mansion',Color,Rob Minkoff,122,88,50,441,Rachael Harris,691,75.817994,Comedy|Family|Fantasy|Horror|Mystery,Marsha Thomason,32049,2622,Marc John Jefferies,0,arachnophobia|crystal ball|ghost|haunted house|thunderstorm,http://www.imdb.com/title/tt0338094/?ref_=fn_tt_tt_1,179,English,USA,PG,90,569,4.9,2.35,988
1997,b'Contact',Color,Robert Zemeckis,159,150,0,135,Tom Skerritt,11000,100.853835,Drama|Mystery|Sci-Fi|Thriller,Matthew McConaughey,200556,12289,Larry King,2,message from outer space|religion|religion versus science|scientist|universe,http://www.imdb.com/title/tt0118884/?ref_=fn_tt_tt_1,611,English,USA,PG,90,1000,7.4,2.35,15000
2013,b'Percy Jackson: Sea of Monsters',Color,Thor Freudenthal,183,106,87,918,Leven Rambin,8000,68.558662,Adventure|Family|Fantasy,Logan Lerman,86627,10882,Brandon T. Jackson,0,golden fleece|half brother|magical tree|sea|tree,http://www.imdb.com/title/tt1854564/?ref_=fn_tt_tt_1,204,English,USA,PG,90,956,5.9,2.35,28000
2016,b'Now You See Me 2',Color,Jon M. Chu,196,129,209,886,Morgan Freeman,11000,64.685359,Action|Adventure|Comedy|Crime|Mystery|Thriller,Daniel Radcliffe,40862,23031,Sanaa Lathan,6,card trick|london england|magician|rain machine|rooftop,http://www.imdb.com/title/tt3110958/?ref_=fn_tt_tt_1,139,English,USA,PG-13,90,11000,6.9,2.35,15000
2011,b'Rio',Color,Carlos Saldanha,240,96,107,350,Wanda Sykes,11000,143.618384,Adventure|Animation|Comedy|Family|Musical,Anne Hathaway,165333,12071,Will.i.am,0,bird|brazilian|cockatoo|macaw|minnesota,http://www.imdb.com/title/tt1436562/?ref_=fn_tt_tt_1,186,English,USA,G,90,560,7,2.35,19000
1997,b'Volcano',Color,Mick Jackson,84,104,81,612,Anne Heche,3000,47.474112,Action|Drama|Sci-Fi|Thriller,Don Cheadle,58227,5062,Gaby Hoffmann,0,earthquake|fire|lava|rescue|volcano,http://www.imdb.com/title/tt0120461/?ref_=fn_tt_tt_1,181,English,USA,PG-13,90,643,5.4,1.85,2000
1997,"b""The Devil's Own""",Color,Alan J. Pakula,66,111,79,2000,Brad Pitt,11000,42.877165,Action|Crime|Drama|Thriller,Harrison Ford,45602,26088,Natascha McElhone,0,friendship|murder|northern ireland|police officer|terrorist,http://www.imdb.com/title/tt0118972/?ref_=fn_tt_tt_1,114,English,USA,R,86,11000,6.1,2.35,979
2015,b'Fantastic Four',Color,Josh Trank,369,100,128,78,Reg E. Cathey,596,56.114221,Action|Adventure|Sci-Fi,Tim Blake Nelson,110486,1261,Tim Heidecker,3,box office flop|critically bashed|portal|teleportation|troubled production,http://www.imdb.com/title/tt1502712/?ref_=fn_tt_tt_1,695,English,USA,PG-13,120,360,4.3,2.35,41000
2010,b'The Nutcracker in 3D',Color,Andrey Konchalovskiy,47,110,96,554,Nathan Lane,887,0.190562,Action|Family|Fantasy|Musical,Shirley Henderson,2508,2728,Richard E. Grant,0,box office flop|christmas|christmas eve|critically bashed|toy comes to life,http://www.imdb.com/title/tt1041804/?ref_=fn_tt_tt_1,24,English,UK,PG,90,886,4.4,2.35,788
2001,b'The Fast and the Furious',Color,Rob Cohen,187,106,357,4000,Vin Diesel,23000,144.51231,Action|Crime|Thriller,Paul Walker,272223,45327,Jordana Brewster,2,eighteen wheeler|illegal street racing|truck|trucker|undercover cop,http://www.imdb.com/title/tt0232500/?ref_=fn_tt_tt_1,988,English,USA,PG-13,38,14000,6.7,2.35,14000
2000,b'Cast Away',Color,Robert Zemeckis,221,143,0,272,Paul Sanchez,15000,233.630478,Adventure|Drama|Romance,Tom Hanks,394317,15838,Nick Searcy,1,christmas|island|love|survival|talking to inanimate object,http://www.imdb.com/title/tt0162222/?ref_=fn_tt_tt_1,1051,English,USA,PG-13,90,410,7.7,1.85,23000
2011,b'The Three Musketeers',Color,Paul W.S. Anderson,228,110,545,5000,Logan Lerman,14000,20.315324,Action|Adventure|Romance,Milla Jovovich,88542,27694,Orlando Bloom,8,box office flop|cardinal richelieu|critically bashed|duel|musketeer,http://www.imdb.com/title/tt1509767/?ref_=fn_tt_tt_1,254,English,Germany,PG-13,75,8000,5.8,2.35,19000
2012,b'Hotel Transylvania',Color,Genndy Tartakovsky,256,91,266,11000,Adam Sandler,12000,148.313048,Animation|Comedy|Family|Fantasy,Steve Buscemi,164148,37142,Jon Lovitz,2,dracula|hotel|invisible man|monster|transylvania,http://www.imdb.com/title/tt0837562/?ref_=fn_tt_tt_1,168,English,USA,PG,85,11000,7.1,1.85,28000
2012,b'Safe House',Color,Daniel Espinosa,298,115,79,820,Ryan Reynolds,18000,126.149655,Action|Crime|Mystery|Thriller,Denzel Washington,166693,36237,Sam Shepard,1,cia|cia agent|consulate|on the run|safe house,http://www.imdb.com/title/tt1599348/?ref_=fn_tt_tt_1,276,English,USA,R,85,16000,6.8,2.35,19000
2000,b'102 Dalmatians',Color,Kevin Lima,84,100,36,439,Eric Idle,2000,66.941559,Adventure|Comedy|Family,Ioan Gruffudd,26413,4182,Jim Carter,1,dog|parole|parole officer|prison|puppy,http://www.imdb.com/title/tt0211181/?ref_=fn_tt_tt_1,77,English,USA,G,85,795,4.8,1.85,372
2006,b'The Holiday',Color,Nancy Meyers,157,138,278,213,Rufus Sewell,14000,63.224849,Comedy|Romance,Kate Winslet,182757,17423,Sarah Parish,3,book|composer|house|love|self esteem,http://www.imdb.com/title/tt0457939/?ref_=fn_tt_tt_1,483,English,USA,PG-13,85,3000,6.9,1.85,19000
2006,b'Open Season',Color,Roger Allers,107,83,28,624,Debra Messing,4000,84.303558,Adventure|Animation|Comedy|Family,Jon Favreau,65270,6081,Jane Krakowski,1,bear|deer|forest|grizzly bear|hunter,http://www.imdb.com/title/tt0400717/?ref_=fn_tt_tt_1,100,English,USA,PG,85,650,6.2,1.85,863
2014,b'Divergent',Color,Neil Burger,459,139,168,1000,Theo James,14000,150.832203,Adventure|Mystery|Sci-Fi,Kate Winslet,341058,22226,Mekhi Phifer,2,army|brother sister relationship|dystopia|father son relationship|narrated by character,http://www.imdb.com/title/tt1840309/?ref_=fn_tt_tt_1,713,English,USA,PG-13,85,5000,6.7,2.35,49000
1998,b'Meet Joe Black',Color,Martin Brest,98,178,102,551,Brad Pitt,12000,44.606335,Drama|Fantasy|Romance,Anthony Hopkins,169023,23950,Jake Weber,0,birthday|death|death personified|fear of death|wealth,http://www.imdb.com/title/tt0119643/?ref_=fn_tt_tt_1,703,English,USA,PG-13,90,11000,7.1,1.85,10000
2002,b'Collateral Damage',Color,Andrew Davis,135,108,99,172,Rick Worthy,672,40.048332,Action|Drama|Thriller,Raymond Cruz,61417,1460,Jsu Garcia,1,bare chested boy|car explosion|colombia|explosion|terrorism,http://www.imdb.com/title/tt0233469/?ref_=fn_tt_tt_1,339,English,USA,R,85,174,5.5,1.85,941
2012,b'Mirror Mirror',Color,Tarsem Singh,382,106,763,809,Nathan Lane,8000,64.93367,Adventure|Comedy|Drama|Family|Fantasy,Julia Roberts,70838,11454,Danny Woodburn,1,kingdom|prince|princess|queen|snow,http://www.imdb.com/title/tt1667353/?ref_=fn_tt_tt_1,208,English,USA,PG,85,886,5.6,1.85,18000
2010,b'Scott Pilgrim vs. the World',Color,Edgar Wright,393,112,1000,719,Kieran Culkin,10000,31.49427,Action|Comedy|Fantasy|Romance,Anna Kendrick,273921,12687,Ellen Wong,0,band|dating|high school|hipster|rock band,http://www.imdb.com/title/tt0446029/?ref_=fn_tt_tt_1,522,English,USA,PG-13,60,1000,7.5,1.85,36000
2000,b'Nutty Professor II: The Klumps',Color,Peter Segal,94,109,88,571,Janet Jackson,611,123.307945,Comedy|Romance|Sci-Fi,Larry Miller,39391,2818,Chris Elliott,1,alter ego|marriage|professor|scientist|serum,http://www.imdb.com/title/tt0144528/?ref_=fn_tt_tt_1,171,English,USA,PG-13,65,592,4.3,1.85,374
2012,b'Dredd',Color,Pete Travis,432,95,38,20,Jason Cope,409,13.401683,Action|Sci-Fi,Wood Harris,203458,578,Rakie Ayola,0,brutality|dark humor|female antagonist|female warrior|post apocalypse,http://www.imdb.com/title/tt1343727/?ref_=fn_tt_tt_1,588,English,UK,R,35,107,7.1,2.35,46000
2006,b'Click',Color,Frank Coraci,173,107,153,233,Cameron Monaghan,11000,137.340146,Comedy|Drama|Fantasy|Romance,Adam Sandler,246492,12700,Julie Kavner,1,architect|frozen time|obese man|remote control|stopped time,http://www.imdb.com/title/tt0389860/?ref_=fn_tt_tt_1,685,English,USA,PG-13,70,1000,6.4,1.85,7000
2008,b'Hellboy II: The Golden Army',Color,Guillermo del Toro,345,120,0,160,Iván Kamarás,3000,75.75467,Action|Adventure|Fantasy|Horror|Sci-Fi,Seth MacFarlane,208422,3632,Brian Steele,0,creature|elf|prince|rebellion|superhero,http://www.imdb.com/title/tt0411477/?ref_=fn_tt_tt_1,342,English,USA,PG-13,85,169,7,1.85,3000
2007,b'Zodiac',Color,David Fincher,377,162,21000,495,Jake Gyllenhaal,21000,33.048353,Crime|Drama|History|Mystery|Thriller,Robert Downey Jr.,301279,36928,Anthony Edwards,0,cartoonist|reporter|serial killer|zodiac|zodiac killer,http://www.imdb.com/title/tt0443706/?ref_=fn_tt_tt_1,589,English,USA,R,65,15000,7.7,2.35,12000
2010,b'The Expendables',Color,Sylvester Stallone,424,113,13000,5000,Sylvester Stallone,26000,102.981571,Action|Adventure|Thriller,Jason Statham,270226,46355,Jet Li,9,action hero|assassination attempt|explosion|machine gun|rescue mission,http://www.imdb.com/title/tt1320253/?ref_=fn_tt_tt_1,741,English,USA,R,80,13000,6.5,2.35,57000
2012,b'The Hunger Games',Color,Gary Ross,673,142,378,575,Josh Hutcherson,34000,407.999255,Adventure|Drama|Sci-Fi|Thriller,Jennifer Lawrence,701607,49942,Anthony Reynolds,0,fight to the death|game|massacre|self survival|suicide attempt,http://www.imdb.com/title/tt1392170/?ref_=fn_tt_tt_1,1959,English,USA,PG-13,78,14000,7.3,2.35,140000
2011,b'The Hangover Part II',Color,Todd Phillips,383,102,480,461,Mason Lee,14000,254.455986,Comedy,Bradley Cooper,375879,16143,Mike Tyson,0,hotel|male frontal nudity|pubic hair|thailand|wedding,http://www.imdb.com/title/tt1411697/?ref_=fn_tt_tt_1,402,English,USA,R,80,670,6.5,2.35,56000
2013,b'RED 2',Color,Dean Parisot,234,116,23,110,Anthony Hopkins,13000,53.215979,Action|Comedy|Crime|Thriller,Bruce Willis,125036,25220,Garrick Hagon,7,cia|cia agent|rescue|russian|team,http://www.imdb.com/title/tt1821694/?ref_=fn_tt_tt_1,205,English,USA,PG-13,84,12000,6.7,2.35,22000
2013,b'Grown Ups 2',Color,Dennis Dugan,139,101,221,11000,Adam Sandler,12000,133.668525,Comedy,Steve Buscemi,107817,39269,Jon Lovitz,4,belching|number in title|party|reference to nicki minaj|sneezing,http://www.imdb.com/title/tt2191701/?ref_=fn_tt_tt_1,255,English,USA,PG-13,80,11000,5.4,1.85,14000
2010,b'Shutter Island',Color,Martin Scorsese,490,138,17000,163,Joseph Sikora,29000,127.968405,Mystery|Thriller,Leonardo DiCaprio,786092,29585,Nellie Sciutto,0,female prisoner|plot twist|self delusion|surprise ending|year 1954,http://www.imdb.com/title/tt1130884/?ref_=fn_tt_tt_1,964,English,USA,R,80,223,8.1,2.35,53000
1997,b'Face/Off',Color,John Woo,155,138,610,805,CCH Pounder,12000,112.225777,Action|Crime|Sci-Fi|Thriller,Nicolas Cage,283967,17087,Joan Allen,0,death of child|face|face transplant|prison|terrorist,http://www.imdb.com/title/tt0119094/?ref_=fn_tt_tt_1,535,English,USA,R,80,1000,7.3,2.35,11000
2011,b'Just Go with It',Color,Dennis Dugan,204,117,221,503,Bailee Madison,11000,103.028109,Comedy|Romance,Adam Sandler,172878,16325,Kevin Nealon,1,chick flick|hawaii|love|plastic surgeon|woman wearing a string bikini,http://www.imdb.com/title/tt1564367/?ref_=fn_tt_tt_1,203,English,USA,PG-13,80,3000,6.4,1.85,19000
2010,b'The Book of Eli',Color,Albert Hughes,325,118,117,10000,Mila Kunis,18000,94.822707,Action|Adventure|Drama|Thriller,Denzel Washington,227072,44797,Gary Oldman,0,blind|book|long take|post apocalypse|water,http://www.imdb.com/title/tt1037705/?ref_=fn_tt_tt_1,560,English,USA,R,80,15000,6.9,2.35,20000
2014,b'Fury',Color,David Ayer,406,134,452,697,Logan Lerman,11000,85.707116,Action|Drama|War,Brad Pitt,303185,20411,Jim Parrack,4,battle|battlefield|brutality|combat|tank,http://www.imdb.com/title/tt2713180/?ref_=fn_tt_tt_1,701,English,USA,R,68,8000,7.6,2.35,82000
2002,b'Spirit: Stallion of the Cimarron',Color,Kelly Asbury,106,83,21,495,Charles Napier,13000,73.21531,Adventure|Animation|Family|Western,Matt Damon,44143,14261,Zahn McClarnon,0,cavalry|escape|herd|stallion|wild stallion,http://www.imdb.com/title/tt0166813/?ref_=fn_tt_tt_1,216,English,USA,G,80,503,7,2.35,4000
1997,b'Dj Vu',Color,Henry Jaglom,19,117,69,87,Stephen Dillane,898,0.821997,Drama|Romance,Vanessa Redgrave,666,1753,Michael Brandon,0,american|love|pin|ruby|stranger,http://www.imdb.com/title/tt0119033/?ref_=fn_tt_tt_1,40,English,USA,PG-13,0,577,7,1.85,91
2015,b'Hotel Transylvania 2',Color,Genndy Tartakovsky,152,89,266,859,Adam Sandler,12000,169.692572,Animation|Comedy|Family|Fantasy,Steve Buscemi,56501,26839,Fran Drescher,0,california|dracula|hotel|transylvania|vampire,http://www.imdb.com/title/tt2510894/?ref_=fn_tt_tt_1,97,English,USA,PG,80,11000,6.7,1.85,16000
1999,b'Fantasia 2000',Color,James Algar,129,74,11,62,Penn Jillette,340,60.507228,Animation|Family|Fantasy|Music,Quincy Jones,27543,814,Russi Taylor,0,abstract|ark|disney|fairy tale|piano,http://www.imdb.com/title/tt0120910/?ref_=fn_tt_tt_1,186,English,USA,G,80,243,7.3,1.78,607
2002,b'The Time Machine',Color,Simon Wells,124,96,25,102,Alan Young,891,56.684819,Action|Adventure|Sci-Fi,Mark Addy,103787,1919,Josh Stamberg,0,hunter|scientist|time machine|time travel|time travel romance,http://www.imdb.com/title/tt0268695/?ref_=fn_tt_tt_1,615,English,USA,PG-13,80,639,5.9,2.35,3000
2005,b'The Legend of Zorro',Color,Martin Campbell,137,129,258,163,Nick Chinlund,2000,45.356386,Action|Adventure|Western,Michael Emerson,71574,2864,Adrian Alonso,1,california|fight|hero|mask|zorro,http://www.imdb.com/title/tt0386140/?ref_=fn_tt_tt_1,244,Spanish,USA,PG,75,277,5.9,2.35,951
1998,b'What Dreams May Come',Color,Vincent Ward,121,113,25,129,Annabella Sciorra,49000,55.350897,Drama|Fantasy|Romance,Robin Williams,83560,49631,Rosalind Chao,1,heaven|hell|soul|soul mate|suicide,http://www.imdb.com/title/tt0120889/?ref_=fn_tt_tt_1,619,English,USA,PG-13,85,448,7,2.35,32000
2015,b'Evolution',Color,Lucile Hadzihalilovic,63,81,92,8,Roxane Duran,23,0,Drama|Horror|Mystery|Sci-Fi,Nissim Renard,979,54,Julie-Marie Parmentier,0,boy|giving birth|nurse|sea|ultrasonography,http://www.imdb.com/title/tt4291590/?ref_=fn_tt_tt_1,3,French,France,0,0,21,6.4,2.35,257
2003,b'Looney Tunes: Back in Action',Color,Joe Dante,101,91,287,695,Jenna Elfman,3000,20.95082,Adventure|Animation|Comedy|Family|Fantasy|Sci-Fi,Brendan Fraser,24183,5593,Heather Locklear,4,diamond|duck|monkey|spy|stuntman,http://www.imdb.com/title/tt0318155/?ref_=fn_tt_tt_1,160,English,Germany,PG,80,739,5.7,2.35,665
1998,b'Babe: Pig in the City',Color,George Miller,61,97,750,231,Elizabeth Daily,1000,18.318,Adventure|Comedy|Drama|Family|Fantasy,Adam Goldberg,24868,2521,Glenne Headly,0,animal|farm|farmer|hotel|pig,http://www.imdb.com/title/tt0120595/?ref_=fn_tt_tt_1,216,English,Australia,G,80,971,5.8,1.85,964
2015,b'The Last Witch Hunter',Color,Breck Eisner,202,106,42,612,Joseph Gilgun,14000,27.35609,Action|Adventure|Fantasy,Vin Diesel,58752,16922,Lotte Verbeek,0,box office flop|burned to death|magic|witch|witch hunter,http://www.imdb.com/title/tt1618442/?ref_=fn_tt_tt_1,117,English,USA,PG-13,90,788,6,2.35,21000
2000,b'Red Planet',Color,Antony Hoffman,145,106,14,0,Val Kilmer,2,17.473245,Action|Sci-Fi|Thriller,Bob Neill,47612,2,Tom Sizemore,1,astronaut|mars|robot|robot as menace|survival,http://www.imdb.com/title/tt0199753/?ref_=fn_tt_tt_1,348,English,USA,PG-13,70,0,5.7,2.35,995
2006,b'Arthur and the Invisibles',Color,Luc Besson,101,94,0,14,Adam LeFevre,563,15.13133,Adventure|Animation|Family|Fantasy,Mia Farrow,25843,683,Penny Balfour,0,boy|debt|garden|princess|treasure,http://www.imdb.com/title/tt0344854/?ref_=fn_tt_tt_1,64,English,France,PG,86,80,6,2.35,941
2005,b'A Sound of Thunder',Color,Peter Hyams,113,102,0,212,Catherine McCormack,1000,1.891821,Action|Adventure|Horror|Sci-Fi|Thriller,David Oyelowo,16474,1890,Jemima Rooper,0,butterfly|hunter|time|time travel|wave,http://www.imdb.com/title/tt0318081/?ref_=fn_tt_tt_1,301,English,UK,PG-13,52,307,4.2,2.35,785
2014,b'Pompeii',Color,Paul W.S. Anderson,272,105,545,74,Currie Graham,795,23.219748,Action|Adventure|Drama|History|Romance,Sasha Roiz,84508,1099,Dylan Schombing,0,arena|lava bomb|mount vesuvius|pompeii|slave,http://www.imdb.com/title/tt1921064/?ref_=fn_tt_tt_1,308,English,Canada,PG-13,80,172,5.6,2.35,20000
2015,b'Top Cat Begins',Color,Andrés Couturier,3,89,0,20,David Hoffman,163,0,Animation|Family,Sariann Monaco,230,370,Ben Diskin,0,0,http://www.imdb.com/title/tt4057916/?ref_=fn_tt_tt_1,1,Spanish,Mexico,PG,8,94,4.4,0,138
2001,b'A Beautiful Mind',Color,Ron Howard,205,135,2000,535,Austin Pendleton,1000,170.708996,Biography|Drama,Adam Goldberg,610568,2827,Judd Hirsch,0,conspiracy|cryptography|mathematician|mental illness|nobel prize,http://www.imdb.com/title/tt0268978/?ref_=fn_tt_tt_1,1171,English,USA,PG-13,58,592,8.2,1.85,29000
1994,b'The Lion King',Color,Roger Allers,186,73,28,847,Nathan Lane,2000,422.783777,Adventure|Animation|Drama|Family|Musical,Matthew Broderick,644348,6458,Niketa Calame,0,king|prince|scar|uncle|unnecessary guilt,http://www.imdb.com/title/tt0110357/?ref_=fn_tt_tt_1,656,English,USA,G,45,886,8.5,1.66,17000
2013,b'Cloudy with a Chance of Meatballs 2',Color,Cody Cameron,169,95,18,18,Khamani Griffin,622,119.793567,Animation|Comedy|Family|Fantasy|Sci-Fi,Will Forte,64387,848,Melissa Sturm,0,food|inventor|island|orangutan|scientist,http://www.imdb.com/title/tt1985966/?ref_=fn_tt_tt_1,85,English,USA,PG,78,161,6.5,2.35,15000
2015,b'The Little Prince',Color,Mark Osborne,119,108,54,6000,James Franco,12000,1.339152,Adventure|Animation|Drama|Family|Fantasy,Jeff Bridges,28276,30230,Mackenzie Foy,1,aviator|based on book|girl|little girl|the little prince,http://www.imdb.com/title/tt1754656/?ref_=fn_tt_tt_1,64,English,France,PG,81.2,11000,7.8,2.35,31000
2000,b'The Adventures of Rocky & Bullwinkle',Color,Des McAnuff,49,92,5,924,Janeane Garofalo,22000,26.00061,Adventure|Animation|Comedy|Family|Fantasy,Robert De Niro,16611,28050,Jonathan Winters,0,deforestation|fbi|lighthouse|moose|squirrel,http://www.imdb.com/title/tt0131704/?ref_=fn_tt_tt_1,197,English,USA,PG,76,1000,4.1,1.85,413
2016,b'The Secret Life of Pets',Color,Yarrow Cheney,165,87,11,745,Eric Stonestreet,1000,323.50554,Animation|Comedy|Family,Steve Coogan,24407,4782,Albert Brooks,0,animal control|lost animal|mongrel|pet|terrier,http://www.imdb.com/title/tt2709768/?ref_=fn_tt_tt_1,155,English,Japan,PG,75,904,6.8,1.85,36000
2013,b'Despicable Me 2',Color,Pierre Coffin,306,98,275,1000,Miranda Cosgrove,7000,368.049635,Animation|Comedy|Family|Sci-Fi,Steve Carell,286877,11905,Steve Coogan,0,dating|minion|overprotective father|undercover spy|woman agent,http://www.imdb.com/title/tt1690953/?ref_=fn_tt_tt_1,284,English,USA,PG,76,2000,7.5,1.85,56000
1996,b'Independence Day',Color,Roland Emmerich,185,154,776,933,Adam Baldwin,10000,306.124059,Action|Adventure|Sci-Fi,Will Smith,430055,16785,Mary McDonnell,0,alien|area 51|military|spacecraft|spaceship,http://www.imdb.com/title/tt0116629/?ref_=fn_tt_tt_1,856,English,USA,PG-13,75,2000,6.9,2.35,16000
2006,b'Children of Men',Color,Alfonso Cuarón,372,109,0,18,Danny Huston,16000,35.286428,Drama|Sci-Fi|Thriller,Charlie Hunnam,361767,16479,Rita Davies,0,chaos|england|long take|survival|violence,http://www.imdb.com/title/tt0206634/?ref_=fn_tt_tt_1,1206,English,USA,R,76,430,7.9,1.85,17000
1996,b'The Rock',Color,Michael Bay,122,136,0,904,Michael Biehn,12000,134.006721,Action|Adventure|Thriller,Nicolas Cage,259492,15999,Bokeem Woodbine,1,alcatraz|fbi|general|hostage|rocket,http://www.imdb.com/title/tt0117500/?ref_=fn_tt_tt_1,415,English,USA,R,75,2000,7.4,2.35,51000
2004,b'50 First Dates',Color,Peter Segal,147,99,88,328,Peter Dante,11000,120.776832,Comedy|Romance,Adam Sandler,266103,12952,Allen Covert,2,dream|hawaii|hawaiian shirt|short term memory loss|veterinarian,http://www.imdb.com/title/tt0343660/?ref_=fn_tt_tt_1,456,English,USA,PG-13,75,427,6.8,2.35,11000
2004,b'Exorcist: The Beginning',Color,Renny Harlin,167,125,212,394,Alan Ford,613,41.814863,Horror|Mystery|Thriller,James D'Arcy,28635,1970,Izabella Scorupco,0,archeologist|church|excavation|faith|relic,http://www.imdb.com/title/tt0204313/?ref_=fn_tt_tt_1,308,English,USA,R,50,422,5.1,2,893
1999,b'Inspector Gadget',Color,David Kellogg,70,110,16,692,Rene Auberjonois,2000,97.360069,Action|Adventure|Comedy|Family|Sci-Fi,Matthew Broderick,36491,5320,Rupert Everett,0,actor playing multiple roles|claw|gadget|inspector|police,http://www.imdb.com/title/tt0141369/?ref_=fn_tt_tt_1,231,English,USA,PG,75,710,4.1,1.85,509
2013,b'Now You See Me',Color,Louis Leterrier,384,125,255,963,Common,11000,117.698894,Crime|Mystery|Thriller,Morgan Freeman,447979,13312,Michael Kelly,6,bank|fbi|heist|interpol|magician,http://www.imdb.com/title/tt1670345/?ref_=fn_tt_tt_1,629,English,USA,PG-13,75,988,7.3,2.35,105000
2010,b'Grown Ups',Color,Dennis Dugan,179,102,221,4000,Adam Sandler,12000,162.001186,Comedy,Steve Buscemi,181443,28497,Salma Hayek,4,basketball|coach|daughter|high school|high school basketball,http://www.imdb.com/title/tt1375670/?ref_=fn_tt_tt_1,311,English,USA,PG-13,80,11000,6,1.85,12000
2004,b'The Terminal',Color,Steven Spielberg,151,128,14000,232,Chi McBride,15000,77.032279,Comedy|Drama,Tom Hanks,303864,16199,Barry Shabaka Henley,0,airport|construction site|fish out of water|flight attendant|man without a country,http://www.imdb.com/title/tt0362227/?ref_=fn_tt_tt_1,596,English,USA,PG-13,60,466,7.3,1.85,16000
2009,b'Hotel for Dogs',Color,Thor Freudenthal,107,100,87,446,Kevin Dillon,3000,73.023275,Comedy|Family,Don Cheadle,16271,5174,Yvette Nicole Brown,4,abandoned hotel|dog|foster home|overalls|playing with a dog,http://www.imdb.com/title/tt0785006/?ref_=fn_tt_tt_1,57,English,USA,PG,35,576,5.4,1.85,1000
2015,b'The Man from U.N.C.L.E.',Color,Guy Ritchie,362,116,0,104,Elizabeth Debicki,15000,45.434443,Action|Adventure|Comedy,Henry Cavill,175960,15735,Christian Berkel,2,box office flop|cia agent|criminal organization|kgb agent|nuclear bomb,http://www.imdb.com/title/tt1638355/?ref_=fn_tt_tt_1,360,English,USA,PG-13,75,509,7.3,2.35,43000
2011,b'Immortals',Color,Tarsem Singh,284,110,763,222,Daniel Sharman,15000,83.503161,Action|Drama|Fantasy|Romance,Henry Cavill,138190,16691,Steve Byers,1,burned alive|castration|olympus|torture|torture device,http://www.imdb.com/title/tt1253864/?ref_=fn_tt_tt_1,405,English,USA,R,75,1000,6.1,1.85,30000
2003,b'Hollywood Homicide',Color,Ron Shelton,132,116,41,541,Bruce Greenwood,11000,30.013346,Action|Comedy|Crime|Thriller,Harrison Ford,31293,14028,Lena Olin,2,audition|kissing while having sex|machismo|murder|sex,http://www.imdb.com/title/tt0329717/?ref_=fn_tt_tt_1,254,English,USA,PG-13,75,982,5.3,2.35,648
2001,b'Monkeybone',Color,Henry Selick,74,93,253,637,Bridget Fonda,3000,5.409517,Animation|Comedy|Fantasy,Brendan Fraser,14280,5580,Megan Mullally,0,carnival|coma|death|monkey|nightmare,http://www.imdb.com/title/tt0166276/?ref_=fn_tt_tt_1,171,English,USA,PG-13,75,889,4.7,1.85,683
2004,b'Flight of the Phoenix',Color,John Moore,114,113,212,568,Tony Curran,2000,21.00918,Action|Adventure|Drama|Thriller,Dennis Quaid,45815,4397,Miranda Otto,4,captain|desert|rescue|stranded|survivor,http://www.imdb.com/title/tt0377062/?ref_=fn_tt_tt_1,222,English,USA,PG-13,45,845,6.1,2.35,1000
2015,b'Minions',Color,Kyle Balda,308,91,22,1000,Jon Hamm,7000,336.02956,Action|Animation|Comedy|Family|Sci-Fi,Steve Carell,142403,13616,Steve Coogan,0,antarctica|minion|queen|super villain|villain,http://www.imdb.com/title/tt2293640/?ref_=fn_tt_tt_1,275,English,USA,PG,74,4000,6.4,1.85,70000
2011,b'Sucker Punch',Color,Zack Snyder,435,128,0,826,Abbie Cornish,4000,36.381716,Action|Fantasy,Jon Hamm,197584,7067,Scott Glenn,4,alternate reality|escape|girl gang|prostitution|samurai,http://www.imdb.com/title/tt0978764/?ref_=fn_tt_tt_1,918,English,USA,PG-13,82,2000,6.1,2.35,42000
1998,b'Snake Eyes',Color,Brian De Palma,117,98,0,697,Mike Starr,12000,55.585389,Crime|Mystery|Thriller,Nicolas Cage,64121,15269,John Heard,1,assassination|boxing|casino|conspiracy|long take,http://www.imdb.com/title/tt0120832/?ref_=fn_tt_tt_1,241,English,USA,R,69,854,5.9,2.35,880
2016,b'The Angry Birds Movie',Color,Clay Kaytis,141,97,6,415,Josh Gad,22000,107.225164,Action|Animation|Comedy|Family,Peter Dinklage,27130,24350,Keegan-Michael Key,0,butt|downward duck|fish|kingfisher|pig,http://www.imdb.com/title/tt1985949/?ref_=fn_tt_tt_1,126,English,USA,PG,73,1000,6.3,1.85,14000
2001,b'Dr. Dolittle 2',Color,Steve Carr,91,87,41,574,Jeffrey Jones,1000,112.950721,Comedy|Family|Fantasy,Raven-Symoné,33884,3287,Kevin Pollak,0,bear|doctor|false accusation|man with glasses|second part,http://www.imdb.com/title/tt0240462/?ref_=fn_tt_tt_1,79,English,USA,PG,72,692,4.6,2.35,266
1995,b'Braveheart',Color,Mel Gibson,132,178,0,403,Patrick McGoohan,906,75.6,Biography|Drama|History|War,Mhairi Calvey,736638,1976,James Robinson,1,14th century|legend|revolt|scotland|tyranny,http://www.imdb.com/title/tt0112573/?ref_=fn_tt_tt_1,1065,English,USA,R,72,466,8.4,2.35,17000
2001,b'Driven',Color,Renny Harlin,109,116,212,462,Estella Warren,13000,32.616869,Action|Drama|Sport,Sylvester Stallone,34435,14780,Cristián de la Fuente,0,car race|german|race car|race car driver|rookie,http://www.imdb.com/title/tt0132245/?ref_=fn_tt_tt_1,346,English,USA,PG-13,72,658,4.5,2.35,886
2004,b'Two Brothers',Color,Jean-Jacques Annaud,88,109,218,8,Jean-Claude Dreyfus,21,18.94763,Adventure|Drama|Family,David Gant,11798,55,Oanh Nguyen,0,circus|death of protagonist|jungle|killing an animal|tiger,http://www.imdb.com/title/tt0338512/?ref_=fn_tt_tt_1,124,English,France,PG,59.66,17,7.1,2.35,2000
1998,b'Doctor Dolittle',Color,Betty Thomas,73,85,84,595,Raven-Symoné,1000,144.156464,Comedy|Family|Fantasy,Oliver Platt,74343,4166,Peter Boyle,0,box office hit|doctor|dog|first part|tiger,http://www.imdb.com/title/tt0118998/?ref_=fn_tt_tt_1,98,English,USA,PG-13,71.5,1000,5.3,1.85,694
2002,b'xXx',Color,Rob Cohen,191,132,357,212,Eve,14000,141.204016,Action|Adventure|Thriller,Vin Diesel,142569,14790,Leila Arcieri,0,agent|nsa|nsa agent|prague|russian,http://www.imdb.com/title/tt0295701/?ref_=fn_tt_tt_1,737,English,USA,PG-13,70,223,5.8,2.35,10000
2015,b'The SpongeBob Movie: Sponge Out of Water',Color,Paul Tibbitt,147,92,5,726,Billy West,870,162.495848,Adventure|Animation|Comedy|Family|Fantasy,Tim Conway,34359,5217,Eddie Deezen,0,book|magic|pirate|plankton|time machine,http://www.imdb.com/title/tt2279373/?ref_=fn_tt_tt_1,133,English,USA,PG,74,861,6,1.85,16000
1996,b'Ransom',Color,Ron Howard,79,139,2000,808,Delroy Lindo,960,136.448821,Crime|Thriller,Lili Taylor,98989,3667,Rene Russo,1,bounty|fbi|millionaire|money|ransom,http://www.imdb.com/title/tt0117438/?ref_=fn_tt_tt_1,158,English,USA,R,80,848,6.6,1.85,1000
2009,b'Inglourious Basterds',Color,Quentin Tarantino,486,153,16000,11000,Brad Pitt,13000,120.523073,Adventure|Drama|War,Michael Fassbender,885175,36741,Christoph Waltz,1,france|german|nazis|revenge|scalping,http://www.imdb.com/title/tt0361748/?ref_=fn_tt_tt_1,1527,English,USA,R,75,11000,8.3,2.35,42000
1991,b'Hook',Color,Steven Spielberg,75,142,14000,5000,Julia Roberts,49000,119.6549,Adventure|Comedy|Family|Fantasy,Robin Williams,182802,64259,Bob Hoskins,1,1990s|caught in a net|children|duel|hero,http://www.imdb.com/title/tt0102057/?ref_=fn_tt_tt_1,363,English,USA,PG,70,8000,6.7,2.35,13000
2014,b'Hercules',Color,Brett Ratner,245,101,420,467,Rufus Sewell,12000,72.660029,Action|Adventure,Dwayne Johnson,115687,16235,Ingrid Bolsø Berdal,0,army|greek mythology|hercules|king|mercenary,http://www.imdb.com/title/tt1267297/?ref_=fn_tt_tt_1,269,English,USA,PG-13,100,3000,6,2.35,21000
2009,b'Alvin and the Chipmunks: The Squeakquel',Color,Betty Thomas,107,88,84,1000,Bridgit Mendler,1000,219.613391,Animation|Comedy|Family|Fantasy|Music,Amy Poehler,31649,5227,Jesse McCartney,0,adidas|chipmunk|hospital|school|waste container,http://www.imdb.com/title/tt1231580/?ref_=fn_tt_tt_1,98,English,USA,PG,75,1000,4.5,1.85,2000
2002,b'We Were Soldiers',Color,Randall Wallace,141,124,130,841,Marc Blucas,4000,78.120196,Action|Drama|History|War,Jon Hamm,103241,6181,Chris Klein,0,air cavalry|battle|major|soldier|vietnamese,http://www.imdb.com/title/tt0277434/?ref_=fn_tt_tt_1,742,English,USA,R,75,973,7.1,2.35,5000
2013,b'Olympus Has Fallen',Color,Antoine Fuqua,358,119,845,992,Morgan Freeman,18000,98.895417,Action|Thriller,Gerard Butler,203154,31782,Radha Mitchell,3,political thriller|politics|president|speaker of the house|u.s. president,http://www.imdb.com/title/tt2302755/?ref_=fn_tt_tt_1,698,English,USA,R,70,11000,6.5,2.35,45000
1998,b'Star Trek: Insurrection',Color,Jonathan Frakes,160,103,906,748,Jonathan Frakes,1000,70.117571,Action|Adventure|Sci-Fi|Thriller,LeVar Burton,56741,6207,Michael Dorn,0,alien|captain|commander|conspiracy|planet,http://www.imdb.com/title/tt0120844/?ref_=fn_tt_tt_1,515,English,USA,PG,58,906,6.4,2.35,1000
2011,b'Battle Los Angeles',Color,Jonathan Liebesman,355,116,473,464,Jim Parrack,833,83.552429,Action|Sci-Fi,Noel Fisher,154955,4001,Ramon Rodriguez,0,alien|extraterrestrial|invasion|marine|mission,http://www.imdb.com/title/tt1217613/?ref_=fn_tt_tt_1,800,English,USA,PG-13,70,697,5.8,2.35,25000
2003,b'Big Fish',Color,Tim Burton,235,125,13000,883,Alison Lohman,12000,66.257002,Adventure|Drama|Fantasy,Steve Buscemi,350698,16138,Albert Finney,0,dog saved from a fire|flashback|growing up|multiple narrators|traveling salesman,http://www.imdb.com/title/tt0319061/?ref_=fn_tt_tt_1,816,English,USA,PG-13,70,1000,8,1.37,26000
2011,b'War Horse', Black and White,Steven Spielberg,388,146,14000,979,Benedict Cumberbatch,25000,79.883359,Drama|War,Jeremy Irvine,116159,46726,Eddie Marsan,1,barbed wire|british|cavalry|horse|world war one,http://www.imdb.com/title/tt1568911/?ref_=fn_tt_tt_1,488,English,USA,PG-13,66,19000,7.2,2.35,28000
2014,b'The Monuments Men',Color,George Clooney,371,118,0,559,Matt Damon,13000,78.03162,Drama|War,Bill Murray,102248,27674,Bob Balaban,7,art|art expert|nazi stolen art|soldier|world war two,http://www.imdb.com/title/tt2177771/?ref_=fn_tt_tt_1,403,English,USA,PG-13,70,13000,6.1,2.35,34000
2010,b'Wall Street: Money Never Sleeps',Color,Oliver Stone,297,136,0,17,Austin Pendleton,903,52.474616,Drama,Frank Langella,84118,1579,John Buffalo Mailer,2,corporate greed|crisis|economy|greed|mentor,http://www.imdb.com/title/tt1027718/?ref_=fn_tt_tt_1,245,English,USA,PG-13,70,592,6.3,2.35,13000
2014,b'Dracula Untold',Color,Gary Shore,261,92,28,423,Sarah Gadon,3000,55.94283,Action|Drama|Fantasy|Horror|War,Dominic Cooper,138582,5178,Zach McGowan,1,death of wife|dracula|tarantula|turk|vampire,http://www.imdb.com/title/tt0829150/?ref_=fn_tt_tt_1,423,English,USA,PG-13,70,692,6.3,2.35,37000
2007,b'Stardust',Color,Matthew Vaughn,228,127,905,271,David Kelly,15000,38.345403,Adventure|Family|Fantasy|Romance,Henry Cavill,212085,16034,Nathaniel Parker,8,king|magic|one word title|pirate|village,http://www.imdb.com/title/tt0486655/?ref_=fn_tt_tt_1,492,English,UK,PG-13,70,588,7.7,2.35,15000
2002,b'Bad Company',Color,Joel Schumacher,128,116,541,384,Brooke Smith,12000,30.157016,Action|Adventure|Comedy|Thriller,Anthony Hopkins,39659,12993,Garcelle Beauvais,2,cia|cia agent|terrorist|twin|twin brother,http://www.imdb.com/title/tt0280486/?ref_=fn_tt_tt_1,189,English,USA,PG-13,70,405,5.6,2.35,792
2002,b'I Spy',Color,Betty Thomas,105,97,84,150,Phill Lewis,989,33.1056,Action|Adventure|Comedy|Thriller,Gary Cole,41663,1576,Tate Taylor,1,boxer|espionage|spy|stealth|top secret,http://www.imdb.com/title/tt0297181/?ref_=fn_tt_tt_1,141,English,USA,PG-13,70,229,5.4,1.37,531
2012,b'Underworld: Awakening',Color,Måns Mårlind,242,88,24,324,Stephen Rea,5000,62.321039,Action|Fantasy|Horror,Theo James,117096,5861,Sandrine Holt,1,battle|cryogenics|detective|scientist|vampire,http://www.imdb.com/title/tt1496025/?ref_=fn_tt_tt_1,271,English,USA,R,70,327,6.4,2.35,24000
2012,b'Rock of Ages',Color,Adam Shankman,360,136,163,66,Shane Hartline,394,38.509342,Comedy|Drama|Musical|Romance,James Martin Kelly,61995,712,Celina Beach,7,concert|love|music industry|panties|pole dancer,http://www.imdb.com/title/tt1336608/?ref_=fn_tt_tt_1,356,English,USA,PG-13,75,217,5.9,2.35,33000
2002,"b""Hart's War""",Color,Gregory Hoblit,112,125,40,407,Cole Hauser,13000,19.076815,Drama|War,Bruce Willis,43651,15916,Rory Cochrane,0,colonel|honor|lieutenant|pilot|racism,http://www.imdb.com/title/tt0251114/?ref_=fn_tt_tt_1,196,English,USA,R,60,787,6.3,2.35,997
2011,b'Killer Elite',Color,Gary McKendry,189,116,5,748,Robert De Niro,26000,25.093607,Action|Crime|Thriller,Jason Statham,105556,49608,Ben Mendelsohn,2,australia|death|mentor|revenge|secret society,http://www.imdb.com/title/tt1448755/?ref_=fn_tt_tt_1,157,English,UK,R,35,22000,6.5,2.35,17000
2002,b'Rollerball',Color,John McTiernan,151,98,323,390,Chris Klein,1000,18.990542,Action|Sci-Fi|Sport,LL Cool J,22264,2763,Andrew Bryniarski,3,ball|blood|skating|song|year 2005,http://www.imdb.com/title/tt0246894/?ref_=fn_tt_tt_1,289,English,USA,R,70,841,3,2.35,584
2002,b'Ballistic: Ecks vs. Sever',Color,Wych Kaosayananda,92,91,8,298,Sandrine Holt,349,14.294842,Action|Crime|Sci-Fi|Thriller,Talisa Soto,16761,1846,Gregg Henry,1,blood splatter|camera shot from inside human body|combat|die hard scenario|fbi,http://www.imdb.com/title/tt0308208/?ref_=fn_tt_tt_1,277,English,USA,R,70,324,3.6,2.35,391
1998,b'Hard Rain',Color,Mikael Salomon,79,97,13,695,Minnie Driver,11000,19.819494,Action|Crime|Drama|Thriller,Morgan Freeman,26893,13628,Randy Quaid,0,dam|flood|money|police|sheriff,http://www.imdb.com/title/tt0120696/?ref_=fn_tt_tt_1,126,English,USA,R,70,893,5.8,2.35,815
2001,b'Osmosis Jones',Color,Bobby Farrelly,81,95,101,443,Brandy Norwood,2000,13.596911,Action|Adventure|Animation|Comedy|Crime|Family|Fantasy,Ron Howard,25572,3734,David Hyde Pierce,0,blood|body|egg|virus|white blood cell,http://www.imdb.com/title/tt0181739/?ref_=fn_tt_tt_1,123,English,USA,PG,70,509,6.2,2.35,2000
2013,"b""Legends of Oz: Dorothy's Return""",Color,Will Finn,51,88,6,854,Oliver Platt,2000,8.46099,Adventure|Animation|Family|Fantasy|Musical,Lea Michele,5116,6946,Jim Belushi,1,jester|kansas|oz|princess|tornado,http://www.imdb.com/title/tt0884726/?ref_=fn_tt_tt_1,54,English,USA,PG,70,1000,5.6,0,5000
2015,b'Blackhat',Color,Michael Mann,261,133,0,301,Archie Kao,26000,7.097125,Action|Crime|Drama|Mystery|Thriller,Chris Hemsworth,38983,28129,Brandon Molale,1,chinese|computer|cybercrime|hacker|one word title,http://www.imdb.com/title/tt2717822/?ref_=fn_tt_tt_1,207,English,USA,R,70,326,5.4,2.35,11000
2006,b'Basic Instinct 2',Color,Michael Caton-Jones,159,116,105,246,Indira Varma,844,5.851188,Crime|Mystery|Thriller,Charlotte Rampling,31124,1899,Neil Maskell,1,drugs|murder|psychiatrist|scotland yard|sex,http://www.imdb.com/title/tt0430912/?ref_=fn_tt_tt_1,313,English,UK,R,70,729,4.2,2.35,764
2013,b'Escape Plan',Color,Mikael Håfström,286,115,101,585,50 Cent,13000,25.121291,Action|Crime|Mystery|Sci-Fi|Thriller,Sylvester Stallone,177653,15708,Matt Gerald,1,cia agent|escape|muslim|prison|ship,http://www.imdb.com/title/tt1211956/?ref_=fn_tt_tt_1,279,English,USA,R,50,1000,6.7,2.35,34000
2014,b'The Legend of Hercules',Color,Renny Harlin,156,99,212,182,Luke Newberry,576,18.821279,Action|Adventure|Fantasy,Roxanne McKee,44891,1520,Gaia Weiss,0,ancient greece|forbidden love|hercules|king|slavery,http://www.imdb.com/title/tt1043726/?ref_=fn_tt_tt_1,202,English,USA,PG-13,70,358,4.2,2.35,12000
2010,b'The Twilight Saga: Eclipse',Color,David Slade,293,124,171,10000,Kristen Stewart,21000,300.523113,Adventure|Drama|Fantasy|Romance,Robert Pattinson,184637,52547,Anna Kendrick,3,friendship|graduation|revenge|vampire|werewolf,http://www.imdb.com/title/tt1325004/?ref_=fn_tt_tt_1,498,English,USA,PG-13,68,17000,4.9,2.35,29000
2010,b'Despicable Me',Color,Pierre Coffin,304,87,275,975,Miranda Cosgrove,7000,251.501645,Animation|Comedy|Family,Steve Carell,385943,11608,Jack McBrayer,0,girl|minion|moon|pyramid|white picket fence,http://www.imdb.com/title/tt1323594/?ref_=fn_tt_tt_1,296,English,USA,PG,69,2000,7.7,1.85,31000
1995,b'Money Train',Color,Joseph Ruben,40,105,29,97,Robert Blake,584,35.324232,Action|Comedy|Crime|Drama|Thriller,Vincent Pastore,32224,1132,Aida Turturro,1,bare breasts|breast|loan shark|subway|train,http://www.imdb.com/title/tt0113845/?ref_=fn_tt_tt_1,62,English,USA,R,68,220,5.6,2.35,617
2015,b'Ted 2',Color,Seth MacFarlane,280,125,3000,3000,Morgan Freeman,14000,81.2575,Comedy,Liam Neeson,117739,30010,Seth MacFarlane,0,baby|f word|fight|lawyer|marriage,http://www.imdb.com/title/tt2637276/?ref_=fn_tt_tt_1,229,English,USA,R,68,11000,6.4,2.35,30000
2009,b'Agora',Color,Alejandro Amenábar,180,141,448,334,Ashraf Barhom,614,0.61784,Adventure|Drama|History|Romance,Max Minghella,52496,1829,Rupert Evans,2,christian|love|philosophy|prefect|slave,http://www.imdb.com/title/tt1186830/?ref_=fn_tt_tt_1,172,English,Spain,R,70,451,7.2,2.35,29000
2011,b'Hall Pass',Color,Bobby Farrelly,237,111,101,681,Larry Joe Campbell,966,45.045037,Comedy|Romance,Jenna Fischer,103230,3393,Stephen Merchant,3,drugged food|female frontal nudity|male frontal nudity|male nudity|marriage,http://www.imdb.com/title/tt0480687/?ref_=fn_tt_tt_1,143,English,USA,R,36,919,5.9,2.35,10000
2016,b'The Finest Hours',Color,Craig Gillespie,178,117,44,531,Abraham Benrubi,788,27.550735,Action|Drama|History|Thriller,Michael Raymond-James,27481,3524,Graham McTavish,0,1950s|coast guard|oil tanker|sinking ship|survival,http://www.imdb.com/title/tt2025690/?ref_=fn_tt_tt_1,113,English,USA,PG-13,0,562,6.8,2.35,12000
2012,b'Abraham Lincoln: Vampire Hunter',Color,Timur Bekmambetov,393,105,335,911,Dominic Cooper,3000,37.516013,Action|Fantasy|Horror,Rufus Sewell,128629,8281,Benjamin Walker,0,chopping down a tree|hanging upside down|shopkeeper|vampire|vampire hunter,http://www.imdb.com/title/tt1611224/?ref_=fn_tt_tt_1,348,English,USA,R,69,3000,5.9,2.35,98000
1998,b'Saving Private Ryan',Color,Steven Spielberg,219,169,14000,13000,Vin Diesel,15000,216.119491,Action|Drama|War,Tom Hanks,881236,44998,Matt Damon,2,army|invasion|killed in action|normandy|soldier,http://www.imdb.com/title/tt0120815/?ref_=fn_tt_tt_1,2277,English,USA,R,70,14000,8.6,1.85,22000
2014,b'Need for Speed',Color,Scott Waugh,327,132,76,464,Dominic Cooper,3000,43.568507,Action|Crime|Drama|Thriller,Rami Malek,136954,7081,Ramon Rodriguez,1,cross country|custom car|illegal street racing|police officer crushed|street racing,http://www.imdb.com/title/tt2369135/?ref_=fn_tt_tt_1,346,English,USA,PG-13,66,3000,6.5,2.35,32000
2002,b'Ice Age',Color,Chris Wedge,193,103,77,835,Stephen Root,1000,176.387405,Adventure|Animation|Comedy|Family,Goran Visnjic,328159,5437,Denis Leary,0,baby|ice|ice age|sleeping|sloth,http://www.imdb.com/title/tt0268380/?ref_=fn_tt_tt_1,467,English,USA,PG,59,939,7.6,1.85,3000
2003,b'Dreamcatcher',Color,Lawrence Kasdan,175,136,759,354,Michael O'Neill,11000,33.685268,Drama|Horror|Sci-Fi|Thriller,Morgan Freeman,75573,12194,Reece Thompson,1,alien|friend|maine|military|woods,http://www.imdb.com/title/tt0285531/?ref_=fn_tt_tt_1,662,English,USA,R,68,599,5.5,2.35,4000
2012,b'Lincoln',Color,Steven Spielberg,538,150,14000,655,Hal Holbrook,23000,182.20444,Biography|Drama|History|War,Joseph Gordon-Levitt,197412,25517,Bruce McGill,0,cultural conflict|politics|president|slavery|u.s. president,http://www.imdb.com/title/tt0443272/?ref_=fn_tt_tt_1,720,English,USA,PG-13,65,826,7.4,2.35,71000
1999,b'The Matrix',Color,Lana Wachowski,313,136,0,99,Marcus Chong,18000,171.383253,Action|Sci-Fi,Keanu Reeves,1217752,18563,Gloria Foster,3,artificial reality|computer|matrix|questioning reality|simulated reality,http://www.imdb.com/title/tt0133093/?ref_=fn_tt_tt_1,3646,English,USA,R,63,145,8.7,2.35,25000
1995,b'Apollo 13',Color,Ron Howard,159,140,2000,552,Miko Hughes,15000,172.071312,Adventure|Drama|History,Tom Hanks,208817,17171,Kathleen Quinlan,0,cape kennedy|news footage|reference to christopher columbus|rocket|trapped in space,http://www.imdb.com/title/tt0112384/?ref_=fn_tt_tt_1,296,English,USA,PG,62,968,7.6,2.35,5000
2002,b'The Santa Clause 2',Color,Michael Lembeck,80,104,54,775,Aisha Tyler,901,139.225854,Comedy|Family|Fantasy,Judge Reinhold,34561,5265,Eric Lloyd,0,christmas|magic|santa claus|son|toy,http://www.imdb.com/title/tt0304669/?ref_=fn_tt_tt_1,116,English,USA,G,60,857,5.5,1.85,1000
2012,b'Les Misrables',Color,Tom Hooper,488,158,0,11000,Eddie Redmayne,20000,148.77546,Drama|Musical|Romance,Hugh Jackman,243834,46204,Anne Hathaway,1,barricade|innkeeper|parole|rebellion|student,http://www.imdb.com/title/tt1707386/?ref_=fn_tt_tt_1,845,English,USA,PG-13,61,13000,7.6,1.85,144000
2010,b'Due Date',Color,Todd Phillips,307,95,480,490,RZA,21000,100.448498,Comedy|Drama,Robert Downey Jr.,272789,23018,Matt Walsh,3,actor|aspiring actor|birth|misadventure|suitcase,http://www.imdb.com/title/tt1231583/?ref_=fn_tt_tt_1,285,English,USA,R,65,561,6.6,2.35,25000
2014,b'Unbroken',Color,Angelina Jolie Pitt,322,137,11000,465,Jack O'Connell,769,115.60398,Biography|Drama|Sport|War,Finn Wittrock,103589,2938,Alex Russell,0,emaciation|male nudity|plane crash|prisoner of war|torture,http://www.imdb.com/title/tt1809398/?ref_=fn_tt_tt_1,351,English,USA,PG-13,65,698,7.2,2.35,35000
2012,b'The Dictator',Color,Larry Charles,313,99,119,174,Aasif Mandvi,600,59.617068,Comedy|Romance,Sayed Badreya,213863,1375,Horatio Sanz,0,dictator|hotel|oil|overalls|sunglasses,http://www.imdb.com/title/tt1645170/?ref_=fn_tt_tt_1,310,English,USA,R,65,346,6.4,2.35,59000
1999,b'Eyes Wide Shut',Color,Stanley Kubrick,280,159,0,521,Vinessa Shaw,10000,55.63768,Drama|Mystery|Thriller,Tom Cruise,227071,11424,Sydney Pollack,1,doctor|orgy|party|pianist|sexual fantasy,http://www.imdb.com/title/tt0120663/?ref_=fn_tt_tt_1,1500,English,UK,R,65,580,7.3,1.66,10000
2014,b'Annie',Color,Will Gluck,176,118,87,929,Dorian Missick,2000,85.911262,Comedy|Drama|Family|Musical,Quvenzhané Wallis,24735,4796,David Zayas,6,billionaire|business tycoon|mayoral candidate|penthouse|reference to star trek,http://www.imdb.com/title/tt1823664/?ref_=fn_tt_tt_1,213,English,USA,PG,65,1000,5.2,2.39,16000
2015,b'Focus',Color,Glenn Ficarra,279,105,43,523,Adrian Martinez,10000,53.846915,Comedy|Crime|Drama|Romance,Will Smith,149337,11943,Gerald McRaney,0,con artist|con man|deception|rivalry|seduction,http://www.imdb.com/title/tt2381941/?ref_=fn_tt_tt_1,221,English,USA,R,50.1,806,6.6,1.85,23000
2012,b'This Means War',Color,McG,241,103,368,520,Abigail Spencer,27000,54.758461,Action|Comedy|Romance,Tom Hardy,147641,29808,Warren Christie,3,best friend|cia|cia agent|dating|undercover,http://www.imdb.com/title/tt1596350/?ref_=fn_tt_tt_1,238,English,USA,PG-13,65,1000,6.3,2.35,18000
1998,b'Primary Colors',Color,Mike Nichols,117,143,0,210,Adrian Lester,509,38.966057,Comedy|Drama,Maura Tierney,23940,1409,Paul Guilfoyle,0,campaigning|candidate|election|governor|president,http://www.imdb.com/title/tt0119942/?ref_=fn_tt_tt_1,157,English,France,R,65,317,6.7,2.35,688
2012,b'Resident Evil: Retribution',Color,Paul W.S. Anderson,239,96,545,974,Boris Kodjoe,14000,42.345531,Action|Horror|Sci-Fi|Thriller,Milla Jovovich,104831,17913,Bingbing Li,0,corporation|fight|rescue|umbrella|zombie,http://www.imdb.com/title/tt1855325/?ref_=fn_tt_tt_1,423,English,Germany,R,65,1000,5.4,2.35,32000
1996,b'The Long Kiss Goodnight',Color,Renny Harlin,94,121,212,263,Craig Bierko,394,33.328051,Action|Crime|Drama|Mystery|Thriller,Melina Kanakaredes,60508,1531,Yvonne Zima,2,amnesia|chase|foot chase|strong female character|vomiting,http://www.imdb.com/title/tt0116908/?ref_=fn_tt_tt_1,285,English,USA,R,65,380,6.7,2.35,4000
2000,b'Proof of Life',Color,Taylor Hackford,134,135,138,184,Alun Armstrong,324,32.598931,Action|Drama|Thriller,Pamela Reed,49300,1013,Michael Kitchen,1,jungle|pipeline|prisoner|ransom|south america,http://www.imdb.com/title/tt0228750/?ref_=fn_tt_tt_1,265,English,USA,R,65,192,6.2,2.35,892
1999,b'Fight Club',Color,David Fincher,315,151,21000,637,Meat Loaf,11000,37.023395,Drama,Brad Pitt,1347461,13209,Eugenie Bondurant,2,anti establishment|dark humor|fighting|multiple personality disorder|surprise ending,http://www.imdb.com/title/tt0137523/?ref_=fn_tt_tt_1,2968,English,USA,R,63,783,8.8,2.35,48000
2000,b'Lucky Numbers',Color,Nora Ephron,60,105,0,506,Michael Moore,975,10.014234,Comedy|Crime,Michael Rapaport,8560,3580,Richard Schiff,1,celebrity|lottery|murder|snowmobile|weatherman,http://www.imdb.com/title/tt0219952/?ref_=fn_tt_tt_1,69,English,France,R,65,909,5,1.85,177
2014,"b'I, Frankenstein'",Color,Stuart Beattie,308,92,72,568,Kevin Grevioux,623,19.059018,Action|Fantasy|Sci-Fi|Thriller,Caitlin Stasey,65709,3165,Miranda Otto,0,army|creature|demon|frankenstein|gargoyle,http://www.imdb.com/title/tt1418377/?ref_=fn_tt_tt_1,194,English,Australia,PG-13,65,593,5.1,2.35,15000
2014,b'Sin City: A Dame to Kill For', Black and White,Frank Miller,339,102,436,6000,Bruce Willis,23000,13.750556,Action|Crime|Thriller,Joseph Gordon-Levitt,111102,49433,Eva Green,3,box office flop|female frontal nudity|female rear nudity|jackpot|rescue,http://www.imdb.com/title/tt0458481/?ref_=fn_tt_tt_1,239,English,USA,R,65,13000,6.5,1.85,32000
1999,b'Random Hearts',Color,Sydney Pollack,96,133,521,970,Kristin Scott Thomas,11000,31.054924,Drama|Mystery|Romance,Harrison Ford,17025,16710,Bill Cobbs,1,death|plane crash|police|police sergeant|politician,http://www.imdb.com/title/tt0156934/?ref_=fn_tt_tt_1,290,English,USA,R,64,1000,5.1,1.85,295
2015,b'Everest',Color,Baltasar Kormákur,361,121,175,221,Martin Henderson,963,43.24714,Adventure|Biography|Drama|History|Sport|Thriller,Michael Kelly,134625,2131,Tom Goodman-Hill,0,blizzard|mount everest|mountain|mountain climbing|snow,http://www.imdb.com/title/tt2719848/?ref_=fn_tt_tt_1,265,English,UK,PG-13,55,580,7.1,2.35,40000
2006,b'Perfume: The Story of a Murderer',Color,Tom Tykwer,226,147,670,16,David Calder,177,2.208939,Crime|Drama|Fantasy,Michael Smiley,190490,253,Simon Chandler,0,18th century|perfume|scent|sense of smell|smell,http://www.imdb.com/title/tt0396171/?ref_=fn_tt_tt_1,482,English,Germany,R,50,27,7.5,2.35,26000
1993,b'Jurassic Park',Color,Steven Spielberg,308,127,14000,191,Ariana Richards,967,356.784,Adventure|Sci-Fi|Thriller,Wayne Knight,613473,2129,Bob Peck,0,dinosaur|jurassic park|survival|theme park|tyrannosaurus rex,http://www.imdb.com/title/tt0107290/?ref_=fn_tt_tt_1,895,English,USA,PG-13,63,610,8.1,1.85,19000
2015,b'The Hateful Eight',Color,Quentin Tarantino,596,187,16000,1000,Jennifer Jason Leigh,46000,54.116191,Crime|Drama|Mystery|Thriller|Western,Craig Stark,272839,49912,Zoë Bell,1,blizzard|blood vomiting|bounty hunter|murder|shot in the crotch,http://www.imdb.com/title/tt3460252/?ref_=fn_tt_tt_1,1018,English,USA,R,44,1000,7.9,2.76,114000
2006,b'300',Color,Zack Snyder,460,117,0,447,Michael Fassbender,18000,210.59259,Action|Drama|Fantasy|War,Gerard Butler,607235,32360,Vincent Regan,0,battle|epic|greece|spartan|warrior,http://www.imdb.com/title/tt0416449/?ref_=fn_tt_tt_1,2073,English,USA,R,65,13000,7.7,2.35,13000
2008,b'Marley & Me',Color,David Frankel,180,115,64,664,Kathleen Turner,2000,143.151473,Comedy|Drama|Family,Eric Dane,116681,4811,Haley Bennett,0,box office hit|dog|dog movie|florida|pet name in title,http://www.imdb.com/title/tt0822832/?ref_=fn_tt_tt_1,320,English,USA,PG,60,899,7.1,2.35,11000
1999,b'The Green Mile',Color,Frank Darabont,186,189,0,693,Jeffrey DeMunn,15000,136.801374,Crime|Drama|Fantasy|Mystery,Tom Hanks,782610,17716,Michael Jeter,0,1930s|death row inmate|healing|prison guard|southern u.s.,http://www.imdb.com/title/tt0120689/?ref_=fn_tt_tt_1,1377,English,USA,R,60,745,8.5,1.85,30000
2005,b'Chicken Little',Color,Mark Dindal,161,81,10,397,Fred Willard,925,135.381507,Adventure|Animation|Comedy|Family|Sci-Fi,Catherine O'Hara,63912,2252,Amy Sedaris,0,alien invasion|chicken|fish|friend|panic,http://www.imdb.com/title/tt0371606/?ref_=fn_tt_tt_1,251,English,USA,G,150,729,5.8,1.85,912
2014,b'Gone Girl',Color,David Fincher,568,149,21000,625,Sela Ward,835,167.735396,Crime|Drama|Mystery|Thriller,Patrick Fugit,569841,4348,Emily Ratajkowski,0,based on novel|disappearance|missing person|missing wife|murder suspect,http://www.imdb.com/title/tt2267998/?ref_=fn_tt_tt_1,1127,English,USA,R,61,812,8.1,2.35,146000
1999,"b""The General's Daughter""",Color,Simon West,113,116,165,475,Timothy Hutton,577,102.678089,Drama|Mystery|Thriller,Daniel von Bargen,42705,2321,Clarence Williams III,0,army cid|cover up|military|murder|woman in military,http://www.imdb.com/title/tt0144214/?ref_=fn_tt_tt_1,274,English,USA,R,95,501,6.3,2.35,885
1998,b'The Truman Show',Color,Peter Weir,213,103,608,576,Noah Emmerich,2000,125.60336,Comedy|Drama|Sci-Fi,Natascha McElhone,667983,3698,Peter Krause,1,controlled environment|fictional reality show|hidden camera|innocence lost|simulated reality,http://www.imdb.com/title/tt0120382/?ref_=fn_tt_tt_1,877,English,USA,PG,60,617,8.1,1.85,18000
2003,b'Daddy Day Care',Color,Steve Carr,81,92,41,522,Lisa Edelstein,1000,104.148781,Comedy|Family,Anjelica Huston,49486,4050,Jeff Garlin,1,bloopers during credits|breakfast cereal|department store ride|face painting|sponge bob square pants slippers,http://www.imdb.com/title/tt0317303/?ref_=fn_tt_tt_1,116,English,USA,PG,60,955,5.5,1.85,886
2013,b'2 Guns',Color,Baltasar Kormákur,265,109,175,459,Patrick Fischler,18000,75.5733,Action|Comedy|Crime|Drama|Thriller,Denzel Washington,156898,20148,Fred Ward,1,close up of breasts|female nudity|fugitive|money|undercover,http://www.imdb.com/title/tt1272878/?ref_=fn_tt_tt_1,172,English,USA,R,61,497,6.7,2.35,22000
2005,b'Cheaper by the Dozen 2',Color,Adam Shankman,77,94,163,2000,Tom Welling,12000,82.569532,Adventure|Comedy|Family,Taylor Lautner,42737,20348,Alyson Stoner,6,children|competition|rival|second part|vacation,http://www.imdb.com/title/tt0452598/?ref_=fn_tt_tt_1,128,English,USA,PG,60,3000,5.4,2.35,781
2015,b'The Scorch Trials',Color,Wes Ball,249,132,47,240,Lili Taylor,988,81.687587,Action|Sci-Fi|Thriller,Ki Hong Lee,138246,2517,Rosa Salazar,0,desert|disease|escape|resistance|virus,http://www.imdb.com/title/tt4046784/?ref_=fn_tt_tt_1,360,English,USA,PG-13,61,960,6.4,2.35,24000
2010,b'Eat Pray Love',Color,Ryan Murphy,213,140,708,745,Julia Roberts,11000,80.57401,Drama|Romance,James Franco,63493,20440,Billy Crudup,1,divorce|emotional balance|female protagonist|indonesia|inner peace,http://www.imdb.com/title/tt0879870/?ref_=fn_tt_tt_1,302,English,USA,PG-13,60,8000,5.7,1.85,26000
2010,b'RED',Color,Robert Schwentke,315,111,124,357,Morgan Freeman,13000,90.356857,Action|Comedy|Crime|Thriller,Bruce Willis,238916,24928,Jaqueline Fleming,4,cia|female assassin|interrogation|office cubicle|spy,http://www.imdb.com/title/tt1245526/?ref_=fn_tt_tt_1,328,English,USA,PG-13,58,11000,7.1,2.35,32000
2012,b'Jack Reacher',Color,Christopher McQuarrie,387,130,188,1000,Robert Duvall,10000,80.033643,Action|Crime|Mystery|Thriller,Tom Cruise,226570,16385,David Oyelowo,2,coma|mysterious villain|police chase|shooting range|sniper,http://www.imdb.com/title/tt0790724/?ref_=fn_tt_tt_1,448,English,USA,PG-13,60,3000,7,2.35,38000
2011,b'Contagion',Color,Steven Soderbergh,436,106,0,175,Monique Gabriela Curnen,13000,75.638743,Drama|Thriller,Matt Damon,180479,13634,Griffin Kane,4,contagion|cure|infection|panic|virus,http://www.imdb.com/title/tt1598778/?ref_=fn_tt_tt_1,411,English,USA,PG-13,60,240,6.6,1.85,42000
2003,b'Kangaroo Jack',Color,David McNally,73,89,18,226,Dyan Cannon,658,66.734992,Action|Adventure|Comedy|Crime,Estella Warren,23476,1233,Bill Hunter,0,australia|body paint|kangaroo|mob|money,http://www.imdb.com/title/tt0257568/?ref_=fn_tt_tt_1,181,English,USA,PG,60,257,4.4,2.35,858
2009,b'Coraline', Black and White,Henry Selick,310,100,253,57,Dawn French,309,75.280058,Animation|Family|Fantasy,Jennifer Saunders,143121,647,John Hodgman,1,dream|new home|parallel worlds|scissors|secret door,http://www.imdb.com/title/tt0327597/?ref_=fn_tt_tt_1,279,English,USA,PG,60,229,7.7,1.85,10000
2008,b'The Happening',Color,M. Night Shyamalan,323,91,0,751,Alan Ruck,11000,64.505912,Sci-Fi|Thriller,Zooey Deschanel,163130,13654,Kristen Connolly,0,bee|nature|park|school|teacher,http://www.imdb.com/title/tt0949731/?ref_=fn_tt_tt_1,1264,English,USA,R,48,946,5,1.85,6000
2004,b'Man on Fire',Color,Tony Scott,171,146,12000,451,Radha Mitchell,18000,77.862546,Action|Crime|Drama|Thriller,Denzel Washington,266310,20454,Giancarlo Giannini,2,bodyguard|journalist|kidnapping|mexico|police corruption,http://www.imdb.com/title/tt0328107/?ref_=fn_tt_tt_1,690,English,USA,R,70,992,7.7,2.35,14000
2006,b'The Shaggy Dog',Color,Brian Robbins,76,98,48,722,Joel David Moore,21000,61.112916,Comedy|Family|Fantasy,Robert Downey Jr.,14888,24664,Kristin Davis,0,animal as human|dog movie|elevator|human becoming an animal|sheepdog,http://www.imdb.com/title/tt0393735/?ref_=fn_tt_tt_1,83,English,USA,PG,50,936,4.4,2.35,747
1998,b'A Civil Action',Color,Steven Zaillian,110,115,234,521,Kathleen Quinlan,3000,56.702901,Drama,Robert Duvall,23302,4713,Sydney Pollack,1,1980s|law firm|lawsuit|lawyer|toxic waste,http://www.imdb.com/title/tt0120633/?ref_=fn_tt_tt_1,181,English,USA,PG-13,60,552,6.5,2.35,1000
2012,b'ParaNorman',Color,Chris Butler,328,92,28,586,Kodi Smit-McPhee,10000,55.994557,Adventure|Animation|Comedy|Family|Fantasy,Anna Kendrick,72287,13597,Elaine Stritch,0,curse|ghost|outcast|witch|zombie,http://www.imdb.com/title/tt1623288/?ref_=fn_tt_tt_1,176,English,USA,PG,60,884,7,2.35,12000
1996,b'Up Close & Personal',Color,Jon Avnet,34,124,50,672,Stockard Channing,1000,51.045801,Drama|Romance,Joe Mantegna,11370,3653,Raymond Cruz,2,journalism|news anchor|newscast|newscaster|tv journalism,http://www.imdb.com/title/tt0118055/?ref_=fn_tt_tt_1,54,English,USA,PG-13,60,944,6.1,1.85,829
2002,b'The Tuxedo',Color,Kevin Donovan,81,98,11,107,Debi Mazar,966,50.189179,Action|Comedy|Sci-Fi,Romany Malco,61966,2018,Ritchie Coster,2,chauffeur|hospital|secret agent|spying|tuxedo,http://www.imdb.com/title/tt0290095/?ref_=fn_tt_tt_1,207,English,USA,PG-13,60,680,5.3,1.85,797
1995,b'Under Siege 2: Dark Territory',Color,Geoff Murphy,47,92,14,488,Brenda Bakke,789,50.024083,Action|Thriller,Peter Greene,35918,2318,Patrick Kilpatrick,1,colorado|niece|satellite|terrorist|train,http://www.imdb.com/title/tt0114781/?ref_=fn_tt_tt_1,126,English,USA,R,60,520,5.4,1.85,1000
2014,b'Jack Ryan: Shadow Recruit',Color,Kenneth Branagh,313,105,0,288,Nonso Anozie,539,50.549107,Action|Drama|Thriller,Colm Feore,99035,1411,Gemma Chan,3,covert analyst|marine|russian|spy|stock market,http://www.imdb.com/title/tt1205537/?ref_=fn_tt_tt_1,289,English,USA,PG-13,60,394,6.2,2.35,17000
2015,b'Joy',Color,David O. Russell,315,124,737,14000,Robert De Niro,34000,56.443482,Biography|Comedy|Drama,Jennifer Lawrence,75329,75793,Bradley Cooper,3,based on real person|female inventor|mop|sales pitch|woman holding a shotgun,http://www.imdb.com/title/tt2446980/?ref_=fn_tt_tt_1,256,English,USA,PG-13,60,22000,6.6,1.85,24000
2016,b'London Has Fallen',Color,Babak Najafi,225,99,24,864,Radha Mitchell,18000,62.401264,Action|Crime|Drama|Thriller,Gerard Butler,69484,20276,Julian Kostov,3,british|funeral|good versus evil|mole|sequel,http://www.imdb.com/title/tt3300542/?ref_=fn_tt_tt_1,323,English,UK,R,60,992,5.9,2.35,28000
2014,b'The Boxtrolls',Color,Graham Annable,219,96,7,642,Dee Bradley Baker,874,50.807639,Adventure|Animation|Comedy|Family|Fantasy,Isaac Hempstead Wright,40883,3151,Tracy Morgan,3,chase|puppet animation|red hat|stop motion animation|troll,http://www.imdb.com/title/tt0787474/?ref_=fn_tt_tt_1,122,English,USA,PG,60,668,6.8,1.85,11000
2014,b'The Lego Movie',Color,Phil Lord,435,100,97,2000,Will Ferrell,11000,257.756197,Action|Adventure|Animation|Comedy|Family|Fantasy,Morgan Freeman,246698,22128,Alison Brie,0,based on toy|dual personality|evil businessman|good cop bad cop|lego,http://www.imdb.com/title/tt1490017/?ref_=fn_tt_tt_1,471,English,Australia,PG,60,8000,7.8,2.35,64000
2005,b'Miss Congeniality 2: Armed and Fabulous',Color,John Pasquin,111,115,11,642,Diedrich Bader,1000,48.472213,Action|Comedy|Crime,Eileen Brennan,51252,4305,Treat Williams,2,bodyguard|fbi|fbi agent|female protagonist|undercover,http://www.imdb.com/title/tt0385307/?ref_=fn_tt_tt_1,156,English,USA,PG-13,45,759,5,2.35,621
2013,b'Gangster Squad',Color,Ruben Fleischer,415,113,181,300,Brandon Molale,33000,45.996718,Action|Crime|Drama|Thriller,Ryan Gosling,173530,34738,Wade Williams,3,good versus evil|machine gun|mobster|police vigilantism|year 1949,http://www.imdb.com/title/tt1321870/?ref_=fn_tt_tt_1,264,English,USA,R,60,301,6.7,2.35,40000
2009,b'Invictus',Color,Clint Eastwood,306,134,16000,204,Morgan Freeman,13000,37.479778,Biography|Drama|History|Sport,Matt Damon,124222,24458,Leleti Khumalo,1,apartheid|nation|nelson mandela|president|rugby,http://www.imdb.com/title/tt1057500/?ref_=fn_tt_tt_1,259,English,USA,PG-13,60,11000,7.4,2.35,23000
1999,b'My Favorite Martian',Color,Donald Petrie,49,94,80,230,Ray Walston,1000,36.830057,Comedy|Family|Sci-Fi,Steven Anthony Lawrence,10883,2151,Michael Lerner,2,alien|hidden camera|martian|reporter|spaceship,http://www.imdb.com/title/tt0120764/?ref_=fn_tt_tt_1,73,English,USA,PG,65,417,4.9,1.85,448
2006,b'The Sentinel',Color,Clark Johnson,161,107,69,206,David Rasche,310,36.27923,Action|Crime|Thriller,Blair Brown,42144,1352,Martin Donovan,0,first lady|framed|investigation|president|secret service,http://www.imdb.com/title/tt0443632/?ref_=fn_tt_tt_1,213,English,USA,PG-13,60,219,6.1,2.35,690
2012,b'Trouble with the Curve',Color,Robert Lorenz,239,111,39,461,Ed Lauter,16000,35.754555,Drama|Sport,Clint Eastwood,47954,17871,Bob Gunton,0,aging|baseball|baseball scout|north carolina|pitcher,http://www.imdb.com/title/tt2083383/?ref_=fn_tt_tt_1,150,English,USA,PG-13,0,897,6.8,2.35,11000
1997,b'The Relic',Color,Peter Hyams,95,110,0,308,Penelope Ann Miller,510,33.927476,Horror|Mystery|Sci-Fi|Thriller,John Kapelos,19176,1976,Chi Muoi Lo,0,fire|helicopter|museum|police sergeant|relic,http://www.imdb.com/title/tt0120004/?ref_=fn_tt_tt_1,165,English,UK,R,40,344,5.7,2.35,956
2002,b'Analyze That',Color,Harold Ramis,105,96,11000,236,Cathy Moriarty,22000,32.122249,Comedy|Crime,Robert De Niro,69319,22889,Joe Viterelli,1,blonde|mafia|mental illness|prison|second part,http://www.imdb.com/title/tt0289848/?ref_=fn_tt_tt_1,138,English,USA,R,60,394,5.9,1.85,846
2000,b'Almost Famous',Color,Cameron Crowe,149,152,488,947,Zooey Deschanel,22000,32.522352,Adventure|Comedy|Drama|Music,Philip Seymour Hoffman,207287,36897,Michael Angarano,1,band|magazine|rolling stone magazine|smoking marijuana|tour,http://www.imdb.com/title/tt0181875/?ref_=fn_tt_tt_1,822,English,USA,R,60,11000,7.9,1.85,15000
2006,b'Garfield 2',Color,Tim Hill,77,86,25,265,Roger Rees,13000,28.42421,Animation|Comedy|Family|Fantasy,Bill Murray,27517,14918,Ben Falcone,0,cat|england|lti txii|peugeot 206|rover 3 5 litre.coupe p5b,http://www.imdb.com/title/tt0455499/?ref_=fn_tt_tt_1,74,English,UK,PG,0,1000,5,1.85,470
2011,b'Priest',Color,Scott Stewart,225,87,124,77,Alan Dale,865,29.136626,Action|Fantasy|Horror|Sci-Fi|Thriller,Josh Wingate,97089,1417,Jacob Hopkins,0,church|priest|sheriff|vampire|warrior,http://www.imdb.com/title/tt0822847/?ref_=fn_tt_tt_1,233,English,USA,PG-13,60,441,5.7,2.35,20000
2003,b'Sinbad: Legend of the Seven Seas',Color,Patrick Gilmore,98,85,0,82,Adriano Giannini,11000,26.28832,Adventure|Animation|Comedy|Drama|Family|Fantasy|Romance,Brad Pitt,36144,11301,Timothy West,0,book|framed|goddess|prince|sinbad,http://www.imdb.com/title/tt0165982/?ref_=fn_tt_tt_1,91,English,USA,PG,60,102,6.7,1.66,880
1997,b'Event Horizon',Color,Paul W.S. Anderson,172,130,545,552,Joely Richardson,722,26.61659,Horror|Sci-Fi|Thriller,Sean Pertwee,120416,2525,Kathleen Quinlan,0,solar system|space|spaceship|starship|year 2047,http://www.imdb.com/title/tt0119081/?ref_=fn_tt_tt_1,857,English,UK,R,60,585,6.7,2.35,10000
2006,b'Flyboys', Black and White,Tony Bill,123,140,23,579,Tyler Labine,11000,13.082288,Action|Adventure|Drama|History|Romance|War,James Franco,35565,12634,Philip Winchester,1,american|france|military|pilot|training,http://www.imdb.com/title/tt0454824/?ref_=fn_tt_tt_1,247,English,UK,PG-13,60,779,6.6,2.35,2000
2000,b'Supernova',Color,Walter Hill,100,91,394,68,Wilson Cruz,889,14.218868,Horror|Sci-Fi|Thriller,Robert Forster,14596,1262,Vanessa Marshall,0,deep space|distress signal|explosion|mining|rescue,http://www.imdb.com/title/tt0134983/?ref_=fn_tt_tt_1,282,English,USA,PG-13,65,290,4.8,2.35,589
2014,"b""Winter's Tale""",Color,Akiva Goldsman,189,118,167,778,William Hurt,20000,0.022451,Drama|Fantasy|Mystery|Romance,Matt Bomer,41288,22447,Kevin Corrigan,0,black and white photograph|drawing with blood|falling through ice|playing piano|red haired woman,http://www.imdb.com/title/tt1837709/?ref_=fn_tt_tt_1,126,English,USA,PG-13,60,882,6.2,2.35,17000
2013,b'The Mortal Instruments: City of Bones',Color,Harald Zwart,212,130,91,1000,Kevin Zegers,5000,31.165421,Fantasy|Horror|Mystery|Romance,Aidan Turner,107028,10247,CCH Pounder,3,battle|demon|magic|secret|warrior,http://www.imdb.com/title/tt1538403/?ref_=fn_tt_tt_1,457,English,USA,PG-13,60,2000,6,2.35,44000
2008,b'Meet Dave',Color,Brian Robbins,127,90,48,196,Mike O'Malley,973,11.802056,Adventure|Comedy|Family|Romance|Sci-Fi,Marc Blucas,31640,1865,Shawn Christian,1,alien|mutiny|orb|planet|spaceship,http://www.imdb.com/title/tt0765476/?ref_=fn_tt_tt_1,109,English,USA,PG,60,400,4.9,1.85,791
1999,b'Edtv',Color,Ron Howard,115,122,2000,1000,Adam Goldberg,11000,22.3625,Comedy|Drama,Matthew McConaughey,35599,15275,Clint Howard,0,female removes her clothes|one word title|producer|television|video store,http://www.imdb.com/title/tt0131369/?ref_=fn_tt_tt_1,195,English,USA,PG-13,55,1000,6.1,1.85,641
2008,b'The Spirit',Color,Frank Miller,223,103,436,437,Jaime King,19000,19.781879,Action|Crime|Fantasy|Thriller,Scarlett Johansson,53864,20881,Louis Lombardi,1,female star appears nude|pants falling down|samurai|white rat|woman in a towel,http://www.imdb.com/title/tt0831887/?ref_=fn_tt_tt_1,290,English,USA,PG-13,60,961,4.8,2.35,2000
2015,b'Mortdecai',Color,David Koepp,181,107,192,280,Olivia Munn,40000,7.605668,Action|Comedy|Mystery|Romance,Johnny Depp,47320,42683,Ulrich Thomsen,2,art dealer|fake painting|macguffin|moustache|stolen painting,http://www.imdb.com/title/tt3045616/?ref_=fn_tt_tt_1,188,English,UK,R,60,2000,5.5,2.35,12000
2016,b'Xi you ji zhi: Sun Wukong san da Baigu Jing',Color,Pou-Soi Cheang,14,119,3,22,Aaron Kwok,879,0,Action|Adventure|Fantasy,Li Gong,1212,1026,Eddie Peng,1,buddhism|demon|journey to the west|monk|monkey king,http://www.imdb.com/title/tt4591310/?ref_=fn_tt_tt_1,9,English,China,0,68.005,107,6,2.35,426
2016,b'Deadpool',Color,Tim Miller,579,108,84,361,Ed Skrein,16000,363.024263,Action|Adventure|Comedy|Romance|Sci-Fi,Ryan Reynolds,479047,18239,Stefan Kapicic,0,based on comic book|breaking the fourth wall|mercenary|mutant|self healing,http://www.imdb.com/title/tt1431045/?ref_=fn_tt_tt_1,1058,English,USA,R,58,805,8.1,2.35,117000
1998,b'Holy Man',Color,Stephen Herek,56,114,65,440,Morgan Fairchild,743,12.065985,Comedy|Drama,Kelly Preston,16260,2367,Eric McCormack,1,1990s|evangelist|professional rivalry|swimming pool|televangelist,http://www.imdb.com/title/tt0120701/?ref_=fn_tt_tt_1,88,English,USA,PG,60,730,4.9,2.35,296
2014,b'American Sniper',Color,Clint Eastwood,490,133,16000,318,Leonard Roberts,14000,350.123553,Action|Biography|Drama|History|Thriller|War,Bradley Cooper,325264,16277,Keir O'Donnell,0,assassin|death of child|iraq|sniper|sniper rifle,http://www.imdb.com/title/tt2179136/?ref_=fn_tt_tt_1,916,English,USA,R,58.8,962,7.3,2.35,112000
2015,b'Goosebumps',Color,Rob Letterman,218,103,11,543,Dylan Minnette,2000,80.02174,Adventure|Comedy|Family|Fantasy|Horror,Odeya Rush,47968,5497,Ken Marino,4,based on book|blob|ferris wheel|manuscript|monster,http://www.imdb.com/title/tt1051904/?ref_=fn_tt_tt_1,154,English,USA,PG,58,1000,6.4,2.35,35000
2000,b'The Flintstones in Viva Rock Vegas',Color,Brian Levant,57,90,32,809,Mark Addy,1000,35.231365,Comedy|Family|Romance|Sci-Fi,Taylor Negron,15517,6299,Danny Woodburn,0,based on tv series|love|prequel|the flintstones|title appears in song,http://www.imdb.com/title/tt0158622/?ref_=fn_tt_tt_1,85,English,USA,PG,60,891,3.6,1.85,500
1988,b'Rambo III',Color,Peter MacDonald,84,87,10,349,Kurtwood Smith,13000,53.715611,Action|Adventure|Thriller|War,Sylvester Stallone,92106,14574,Richard Crenna,1,afghanistan|colonel|rambo|rescue|soviet,http://www.imdb.com/title/tt0095956/?ref_=fn_tt_tt_1,171,English,USA,R,63,1000,5.7,2.35,2000
2008,b'Leatherheads',Color,George Clooney,186,114,0,110,Malcolm Goodwin,142,31.199215,Comedy|Drama|Romance|Sport,Robert Baker,27664,589,Matt Bushell,8,college football|fight|football|hero|surrender,http://www.imdb.com/title/tt0379865/?ref_=fn_tt_tt_1,120,English,USA,PG-13,58,117,6,1.85,472
2013,b'The Internship',Color,Shawn Levy,246,125,189,839,Jessica Szohr,1000,44.665963,Comedy,Josh Gad,159931,5081,Rob Riggle,2,actor's picture shown in credits|animated credits|google|internship|still images in end credits,http://www.imdb.com/title/tt2234155/?ref_=fn_tt_tt_1,281,English,USA,PG-13,58,847,6.3,2.35,22000
2010,b'Resident Evil: Afterlife',Color,Paul W.S. Anderson,253,97,545,529,Boris Kodjoe,14000,60.128566,Action|Adventure|Horror|Sci-Fi,Milla Jovovich,131447,16098,Shawn Roberts,1,alaska|female gunfighter|mutation|ship|siege,http://www.imdb.com/title/tt1220634/?ref_=fn_tt_tt_1,410,English,Germany,R,60,1000,5.9,2.35,19000
1997,"b""The Devil's Advocate""",Color,Taylor Hackford,117,136,138,9000,Al Pacino,18000,60.984028,Drama|Mystery|Thriller,Keanu Reeves,259519,45271,Charlize Theron,2,deal with the devil|lawyer|money|reality|supernatural power,http://www.imdb.com/title/tt0118971/?ref_=fn_tt_tt_1,431,English,USA,R,57,14000,7.5,2.35,11000
2012,"b""That's My Boy""",Color,Sean Anders,157,116,51,622,Leighton Meester,11000,36.931089,Comedy,Adam Sandler,70681,16484,Will Forte,2,argument|reference to vanilla ice|statutory rape|teacher student relationship|teacher student sex,http://www.imdb.com/title/tt1232200/?ref_=fn_tt_tt_1,198,English,USA,R,70,3000,5.6,2.35,12000
2004,b'After the Sunset',Color,Brett Ratner,117,97,420,455,Don Cheadle,4000,28.328132,Action|Comedy|Crime|Drama,Salma Hayek,38298,9814,Chris Penn,2,diamond|fbi|fbi agent|island|thief,http://www.imdb.com/title/tt0367479/?ref_=fn_tt_tt_1,147,English,USA,PG-13,58,3000,6.3,2.35,782
2011,b'Ghost Rider: Spirit of Vengeance',Color,Mark Neveldine,287,96,83,1000,Spencer Wilding,12000,51.774002,Action|Fantasy|Thriller,Nicolas Cage,87745,16121,Christopher Lambert,1,deal with the devil|devil|eastern europe|ghost rider|monk,http://www.imdb.com/title/tt1071875/?ref_=fn_tt_tt_1,331,English,USA,PG-13,57,1000,4.3,2.35,18000
1994,b'Forrest Gump', Black and White,Robert Zemeckis,149,142,0,194,Siobhan Fallon Hogan,15000,329.691196,Comedy|Drama,Tom Hanks,1251222,15700,Sam Anderson,0,amputee|love|vietnam|vietnam war|war hero,http://www.imdb.com/title/tt0109830/?ref_=fn_tt_tt_1,1398,English,USA,PG-13,55,294,8.8,2.35,59000
1996,b'The Nutty Professor',Color,Tom Shadyac,57,95,293,744,James Coburn,851,128.769345,Comedy|Romance|Sci-Fi,Jada Pinkett Smith,86556,3155,Dave Chappelle,1,face slap|formula|overweight|professor|teacher,http://www.imdb.com/title/tt0117218/?ref_=fn_tt_tt_1,99,English,USA,PG-13,54,773,5.6,1.85,960
1997,b'George of the Jungle',Color,Sam Weisman,53,92,39,458,Abraham Benrubi,3000,105.263257,Action|Adventure|Comedy|Family|Romance,Brendan Fraser,56168,4518,Holland Taylor,0,animal companion|heiress|hero|jungle|male objectification,http://www.imdb.com/title/tt0119190/?ref_=fn_tt_tt_1,103,English,USA,PG,55,562,5.4,1.85,5000
2013,b'Captain Phillips',Color,Paul Greengrass,491,134,521,186,Chris Mulkey,15000,107.100855,Biography|Drama|Thriller,Tom Hanks,323353,16281,Michael Chernus,0,hijacking|hostage|leader|ship|somalia,http://www.imdb.com/title/tt1535109/?ref_=fn_tt_tt_1,527,English,USA,PG-13,55,535,7.9,2.35,65000
2014,b'The Equalizer',Color,Antoine Fuqua,292,132,845,683,Chloë Grace Moretz,18000,101.530738,Action|Crime|Thriller,Denzel Washington,229574,37605,James Wilcox,0,assassin|ex soldier|gangster|hanged man|mysterious past,http://www.imdb.com/title/tt0455944/?ref_=fn_tt_tt_1,436,English,USA,R,55,17000,7.2,2.35,56000
2006,b'The Pursuit of Happyness',Color,Gabriele Muccino,201,117,125,168,Kurt Fuller,10000,162.586036,Biography|Drama,Will Smith,338383,11036,James Karen,0,bus|intern|internship|salesman|stockbroker,http://www.imdb.com/title/tt0454921/?ref_=fn_tt_tt_1,611,English,USA,PG-13,55,617,8,2.35,32000
2003,b'Kill Bill: Vol. 1', Black and White,Quentin Tarantino,354,111,16000,640,Vivica A. Fox,926,70.098138,Action,David Carradine,735784,3983,Chiaki Kuriyama,0,bride|coma|japan|revenge|sword,http://www.imdb.com/title/tt0266697/?ref_=fn_tt_tt_1,2105,English,USA,R,30,890,8.1,2.35,13000
1992,b'Death Becomes Her',Color,Robert Zemeckis,49,104,0,812,Meryl Streep,13000,58.42265,Comedy|Fantasy|Horror,Bruce Willis,78974,25599,Isabella Rossellini,3,plastic surgeon|rejuvenation|revenge|rival|rivalry,http://www.imdb.com/title/tt0104070/?ref_=fn_tt_tt_1,173,English,USA,PG-13,55,11000,6.4,1.85,8000
2011,"b""Mr. Popper's Penguins""",Color,Mark Waters,189,94,70,497,Ophelia Lovibond,1000,68.218041,Comedy|Family|Fantasy,Madeline Carroll,67191,2820,Philip Baker Hall,1,father|penguin|snowglobe|son|winter,http://www.imdb.com/title/tt1396218/?ref_=fn_tt_tt_1,108,English,USA,PG,55,549,6,1.85,14000
2014,b'Paddington',Color,Paul King,224,95,17,594,Matt Lucas,838,76.137505,Animation|Comedy|Family|Fantasy,Julie Walters,49207,3697,Sally Hawkins,0,bear|ear wax cleaning|fake newsreel|paddington station london|taxidermist,http://www.imdb.com/title/tt1109624/?ref_=fn_tt_tt_1,174,English,UK,PG,55,722,7.2,2.35,30000
2012,b'The Watch',Color,Akiva Schaffer,265,102,82,537,Nicholas Braun,622,34.350553,Action|Comedy|Sci-Fi,Will Forte,104066,2488,Rosemarie DeWitt,4,alien|escape|manager|neighborhood watch|ohio,http://www.imdb.com/title/tt1298649/?ref_=fn_tt_tt_1,207,English,USA,R,68,591,5.7,2.35,15000
2008,b'Changeling',Color,Clint Eastwood,264,141,16000,539,Michael Kelly,11000,35.707327,Crime|Drama|Mystery|Thriller,Angelina Jolie Pitt,199056,12840,Colm Feore,0,execution by hanging|los angeles police department|miscarriage of justice|missing child|wrongful conviction,http://www.imdb.com/title/tt0824747/?ref_=fn_tt_tt_1,387,English,USA,R,55,963,7.8,2.35,14000
1996,b'Chain Reaction',Color,Andrew Davis,47,107,99,581,Morgan Freeman,18000,20.550712,Action|Drama|Sci-Fi|Thriller,Keanu Reeves,40346,31014,Kevin Dunn,1,cold fusion|die hard scenario|man with glasses|on the run|outrunning explosion,http://www.imdb.com/title/tt0115857/?ref_=fn_tt_tt_1,95,English,USA,PG-13,50,11000,5.6,1.85,1000
2003,b'Gods and Generals',Color,Ron Maxwell,84,189,33,67,Bruce Boxleitner,789,12.870569,Drama|History|War,Billy Campbell,13215,1671,John Castle,0,confederacy|hero|prequel|stonewall jackson|war hero,http://www.imdb.com/title/tt0279111/?ref_=fn_tt_tt_1,497,English,USA,PG-13,56,640,6.3,2.35,953
1997,b'Turbulence',Color,Robert Butler,44,100,0,745,Lauren Holly,995,11.466088,Action|Thriller,Hector Elizondo,8983,3952,Jeffrey DeMunn,0,airplane|christmas|marshal|pilot|u.s. marshal,http://www.imdb.com/title/tt0120390/?ref_=fn_tt_tt_1,84,English,USA,R,71,879,4.7,2.35,316
2009,b'Imagine That',Color,Karey Kirkpatrick,93,107,11,506,Ronny Cox,939,16.08861,Comedy|Drama|Family|Fantasy,Stephen Root,10417,3742,Richard Schiff,2,blanket|competition|family relationships|feather|sleepover,http://www.imdb.com/title/tt0780567/?ref_=fn_tt_tt_1,39,English,USA,PG,55,605,5.6,2.35,610
2014,b'Muppets Most Wanted',Color,James Bobin,277,119,33,518,Tina Fey,3000,51.178893,Adventure|Comedy|Crime|Family|Musical,Ty Burrell,24285,6089,Hugh Bonneville,4,europe|frog|gulag|prison break|puppet,http://www.imdb.com/title/tt2281587/?ref_=fn_tt_tt_1,110,English,USA,PG,50,2000,6.4,1.85,10000
2004,b'Thunderbirds',Color,Jonathan Frakes,76,95,906,287,Philip Winchester,956,6.768055,Action|Adventure|Comedy|Family|Sci-Fi,Sophia Myles,11148,2260,Brady Corbet,0,astronaut|island|lady penelope|rescue|the hood,http://www.imdb.com/title/tt0167456/?ref_=fn_tt_tt_1,229,English,UK,PG,57,579,4.2,1.85,437
2010,b'Burlesque',Color,Steve Antin,197,119,59,676,Peter Gallagher,2000,39.440655,Drama|Music|Musical|Romance,Eric Dane,61680,4315,David Walton,1,burlesque|dancer|iowa|small town girl|stage,http://www.imdb.com/title/tt1126591/?ref_=fn_tt_tt_1,222,English,USA,PG-13,55,828,6.4,2.35,19000
2002,b'Eye See You',Color,Jim Gillespie,66,96,13,534,Tom Berenger,13000,0,Crime|Horror|Mystery|Thriller,Sylvester Stallone,19706,15803,Charles S. Dutton,1,drill in the eye|eye gouging|hanged woman|murder|peep hole,http://www.imdb.com/title/tt0160184/?ref_=fn_tt_tt_1,142,English,USA,R,55,854,5.3,2.35,448
2008,b'Seven Pounds',Color,Gabriele Muccino,202,123,125,835,Rosario Dawson,10000,69.951824,Drama|Romance,Will Smith,232710,14727,Madison Pettis,1,boyfriend girlfriend relationship|heart|main character dies|organ donor|redemption,http://www.imdb.com/title/tt0814314/?ref_=fn_tt_tt_1,599,English,USA,PG-13,55,3000,7.7,2.35,26000
2012,b'Bullet to the Head',Color,Walter Hill,279,92,394,565,Jason Momoa,13000,9.483821,Action|Thriller,Sylvester Stallone,39247,25418,Jon Seda,3,bar|bullet|corruption|detective|lawyer,http://www.imdb.com/title/tt1308729/?ref_=fn_tt_tt_1,131,English,USA,R,55,11000,5.7,1.85,10000
2003,b'Gigli',Color,Martin Brest,131,121,102,43,Lenny Venito,117,5.660084,Comedy|Crime|Romance,Todd Giebenhain,41620,286,David Backus,0,gangster|hospital|lesbian|mob|thug,http://www.imdb.com/title/tt0299930/?ref_=fn_tt_tt_1,418,English,USA,R,54,62,2.4,2.35,2000
2001,b'Moulin Rouge!', Black and White,Baz Luhrmann,209,127,1000,653,Kylie Minogue,1000,57.386369,Drama|Musical|Romance,Jim Broadbent,224013,2601,Richard Roxburgh,1,death of main character|eiffel tower paris|jealousy|tragedy|two suitors,http://www.imdb.com/title/tt0203009/?ref_=fn_tt_tt_1,2319,English,USA,PG-13,52.5,691,7.6,2.35,10000
2001,b'Domestic Disturbance',Color,Harold Becker,98,89,17,303,Teri Polo,12000,45.207112,Crime|Mystery|Thriller,Steve Buscemi,21283,13390,Matt O'Leary,1,amateur detective|boat builder|boy|stepfather|witness,http://www.imdb.com/title/tt0249478/?ref_=fn_tt_tt_1,190,English,USA,PG-13,53,708,5.5,2.35,361
2015,b'Black Mass',Color,Scott Cooper,391,123,108,3000,Benedict Cumberbatch,40000,62.563543,Biography|Crime|Drama,Johnny Depp,115216,63769,Adam Scott,7,based on true story|boston massachusetts|fbi agent|gangster|true crime,http://www.imdb.com/title/tt1355683/?ref_=fn_tt_tt_1,289,English,USA,R,53,19000,7,2.35,44000
2009,b'Law Abiding Citizen',Color,F. Gary Gray,216,118,473,963,Leslie Bibb,18000,73.343413,Crime|Drama|Thriller,Gerard Butler,217480,22517,Michael Kelly,0,attorney|deal|district attorney|investigation|justice,http://www.imdb.com/title/tt1197624/?ref_=fn_tt_tt_1,429,English,USA,R,50,1000,7.4,2.35,21000
1998,b'Beloved',Color,Jonathan Demme,78,172,438,466,Kimberly Elise,852,22.843047,Drama|History|Horror,Oprah Winfrey,6082,2397,Hill Harper,1,farm|freedom|ohio|slavery|spirit,http://www.imdb.com/title/tt0120603/?ref_=fn_tt_tt_1,207,English,USA,R,55,637,5.9,1.85,853
2007,b'Lucky You',Color,Curtis Hanson,106,124,161,681,Robert Duvall,21000,5.755286,Drama|Romance|Sport,Robert Downey Jr.,18310,26334,Kelvin Han Yee,1,losing|poker|poker player|reference to frederic chopin|reference to johannes brahms,http://www.imdb.com/title/tt0338216/?ref_=fn_tt_tt_1,63,English,USA,PG-13,55,3000,5.9,2.35,672
2002,b'Catch Me If You Can',Color,Steven Spielberg,194,141,14000,3000,Tom Hanks,29000,164.435221,Biography|Crime|Drama,Leonardo DiCaprio,525801,48153,Jennifer Garner,0,attorney|cat and mouse|fbi|pan am|pilot,http://www.imdb.com/title/tt0264464/?ref_=fn_tt_tt_1,667,English,USA,PG-13,52,15000,8,1.85,15000
2012,b'Zero Dark Thirty',Color,Kathryn Bigelow,558,157,0,304,Harold Perrineau,1000,95.720716,Drama|History|Thriller,Jennifer Ehle,216032,2759,Parker Sawyers,0,al qaeda|cia|interrogation|lie|navy seal,http://www.imdb.com/title/tt1790885/?ref_=fn_tt_tt_1,640,English,USA,R,40,1000,7.4,1.85,39000
2008,b'Mamma Mia!',Color,Phyllida Lloyd,238,108,58,838,Meryl Streep,14000,143.70421,Comedy|Family|Musical|Romance,Colin Firth,145974,26002,Julie Walters,1,bride|greece|island|mediterranean|wedding,http://www.imdb.com/title/tt0795421/?ref_=fn_tt_tt_1,611,English,USA,PG-13,52,11000,6.3,2.35,10000
2010,"b""Valentine's Day""",Color,Garry Marshall,186,125,0,11000,Taylor Lautner,14000,110.476776,Comedy|Romance,Bradley Cooper,95437,45696,Anne Hathaway,12,flower|indian restaurant|tv station|valentine|valentine's day,http://www.imdb.com/title/tt0817230/?ref_=fn_tt_tt_1,211,English,USA,PG-13,52,12000,5.7,1.85,9000
2011,b'The Change-Up',Color,David Dobkin,215,118,71,634,Olivia Wilde,16000,37.035845,Comedy|Fantasy,Ryan Reynolds,136680,28045,Mircea Monroe,2,best friend|fountain|law firm|lawyer|sex,http://www.imdb.com/title/tt1488555/?ref_=fn_tt_tt_1,149,English,USA,R,52,10000,6.4,2.35,13000
1995,b'Casino',Color,Martin Scorsese,133,178,17000,574,Don Rickles,22000,42.4383,Biography|Crime|Drama,Robert De Niro,333542,24183,Kevin Pollak,2,car bomb|card cheat|cash|casino|gambling syndicate,http://www.imdb.com/title/tt0112641/?ref_=fn_tt_tt_1,533,English,USA,R,52,721,8.2,2.35,11000
2003,b'Bulletproof Monk',Color,Paul Hunter,127,104,13,343,Mako,961,23.020488,Action|Comedy|Fantasy,Jaime King,42324,2422,Victoria Smurfit,3,monastery|monk|scroll|tibetan|tibetan monk,http://www.imdb.com/title/tt0245803/?ref_=fn_tt_tt_1,180,English,USA,PG-13,52,691,5.5,2.35,846
2006,b'Barnyard',Color,Steve Oedekerk,98,90,176,523,Wanda Sykes,677,72.601713,Animation|Comedy|Family,Rob Paulsen,21396,2055,Maurice LaMarche,1,cow|farmer|howl|howling at the moon|vegetarian,http://www.imdb.com/title/tt0414853/?ref_=fn_tt_tt_1,155,English,Germany,PG,51,560,5.6,1.85,605
2006,b'Deck the Halls',Color,John Whitesell,71,93,14,728,Jorge Garcia,2000,35.092918,Comedy|Family,Matthew Broderick,15740,5468,Alia Shawkat,0,christmas|december|holiday|massachusetts|neighbor,http://www.imdb.com/title/tt0790604/?ref_=fn_tt_tt_1,110,English,USA,PG,0,1000,4.9,1.85,1000
2009,b'The Twilight Saga: New Moon',Color,Chris Weitz,299,130,129,12000,Kristen Stewart,21000,296.623634,Adventure|Drama|Fantasy|Romance,Robert Pattinson,220758,64040,Taylor Lautner,2,forks washington|protecting a woman|title same as book|vampire|werewolf,http://www.imdb.com/title/tt1259571/?ref_=fn_tt_tt_1,919,English,USA,PG-13,50,17000,4.6,2.35,13000
2011,b'The Adjustment Bureau',Color,George Nolfi,413,106,53,593,Michael Kelly,13000,62.453315,Romance|Sci-Fi|Thriller,Matt Damon,200035,14607,Jon Stewart,2,love at first sight|obscene finger gesture|rain|teleportation|three word title,http://www.imdb.com/title/tt1385826/?ref_=fn_tt_tt_1,407,English,USA,PG-13,50.2,963,7.1,1.85,36000
2012,b'Ted',Color,Seth MacFarlane,457,112,3000,1000,Seth MacFarlane,15000,218.62868,Comedy|Fantasy,Mila Kunis,471644,21773,Tom Skerritt,1,2010s|car accident|sex scene|teddy bear|testicle,http://www.imdb.com/title/tt1637725/?ref_=fn_tt_tt_1,623,English,USA,R,50,3000,7,1.85,74000
1997,b'As Good as It Gets',Color,James L. Brooks,156,139,274,285,Yeardley Smith,625,147.637474,Comedy|Drama|Romance,Lupe Ontiveros,224671,1474,Shirley Knight,0,dog|friendship|neighbor|unlikely friendship|writer,http://www.imdb.com/title/tt0119822/?ref_=fn_tt_tt_1,470,English,USA,PG-13,50,440,7.7,1.85,11000
2013,b'Anchorman 2: The Legend Continues',Color,Adam McKay,272,143,285,7000,Will Ferrell,11000,2.175312,Comedy,Harrison Ford,131227,28176,Steve Carell,2,fame|father son relationship|interracial kiss|interracial relationship|interracial sex,http://www.imdb.com/title/tt1229340/?ref_=fn_tt_tt_1,346,English,USA,PG-13,50,8000,6.3,2.35,41000
2011,b'Super 8',Color,J.J. Abrams,539,112,14000,417,AJ Michalka,1000,126.975169,Mystery|Sci-Fi|Thriller,Joel Courtney,287822,3388,Zach Mills,0,deputy|group of friends|time|train|train crash,http://www.imdb.com/title/tt1650062/?ref_=fn_tt_tt_1,849,English,USA,PG-13,50,560,7.1,2.35,37000
2014,b'22 Jump Street',Color,Phil Lord,330,112,97,584,Craig Roberts,17000,191.616238,Action|Comedy|Crime,Channing Tatum,258186,19428,Amber Stevens West,2,college|drugs|hidden camera|tattoo|undercover,http://www.imdb.com/title/tt2294449/?ref_=fn_tt_tt_1,322,English,USA,R,50,920,7.1,2.35,24000
1994,b'Interview with the Vampire: The Vampire Chronicles',Color,Neil Jordan,120,123,277,4000,Tom Cruise,11000,105.264608,Drama|Fantasy|Horror,Brad Pitt,239752,25697,Kirsten Dunst,0,betrayal|dangerous friend|gothic|monster as victim|vampire,http://www.imdb.com/title/tt0110148/?ref_=fn_tt_tt_1,406,English,USA,R,60,10000,7.6,1.85,11000
2016,b'Central Intelligence',Color,Rawson Marshall Thurber,177,107,43,569,Thomas Kretschmann,12000,126.088877,Action|Comedy|Crime,Dwayne Johnson,33354,14569,Megan Park,2,accountant|blooper|espionage|facebook|high school reunion,http://www.imdb.com/title/tt1489889/?ref_=fn_tt_tt_1,110,English,USA,PG-13,50,919,6.6,2.35,10000
2015,"b""Daddy's Home""",Color,Sean Anders,145,96,51,322,Linda Cardellini,8000,150.315155,Comedy|Family,Will Ferrell,54010,10886,Mark L. Young,2,biological father|dad|drinking|product placement|wilhelm scream,http://www.imdb.com/title/tt1528854/?ref_=fn_tt_tt_1,130,English,USA,PG-13,50,2000,6.1,1.85,13000
2014,b'Into the Woods',Color,Rob Marshall,321,125,252,10000,Meryl Streep,40000,127.997349,Adventure|Comedy|Drama|Fantasy|Musical,Johnny Depp,101178,62837,Anna Kendrick,1,based on stage musical|cinderella|little red riding hood|singing|witch,http://www.imdb.com/title/tt2180411/?ref_=fn_tt_tt_1,779,English,USA,PG,50,11000,6,2.39,90000
2011,b'We Bought a Zoo',Color,Cameron Crowe,257,124,488,1000,Matt Damon,19000,75.621915,Comedy|Drama|Family,Scarlett Johansson,111003,36873,Stephanie Szostak,3,blocked road|father son relationship|love at first sight|teenage boy|zookeeper,http://www.imdb.com/title/tt1389137/?ref_=fn_tt_tt_1,199,English,USA,PG,0,13000,7.1,1.85,22000
2006,b'Failure to Launch',Color,Tom Dey,143,95,9,11000,Matthew McConaughey,14000,88.658172,Comedy|Romance,Bradley Cooper,58412,37967,Zooey Deschanel,2,friend|intervention|moving|secret|slacker,http://www.imdb.com/title/tt0427229/?ref_=fn_tt_tt_1,242,English,USA,PG-13,50,11000,5.6,2.35,2000
2011,"b'Crazy, Stupid, Love.'",Color,Glenn Ficarra,310,118,43,7000,Emma Stone,33000,84.244877,Comedy|Drama|Romance,Ryan Gosling,375456,57426,Steve Carell,7,bar|divorce|friend|girl|male objectification,http://www.imdb.com/title/tt1570728/?ref_=fn_tt_tt_1,292,English,USA,PG-13,50,15000,7.4,2.39,44000
2004,b'Garfield',Color,Peter Hewitt,116,80,12,58,Mark Christopher Lawrence,13000,75.367693,Animation|Comedy|Family|Fantasy,Bill Murray,58961,13430,Michael Monks,0,cat|dog|first part|lasagna|veterinarian,http://www.imdb.com/title/tt0356634/?ref_=fn_tt_tt_1,232,English,USA,PG,35,258,5,1.85,795
2011,b'Moneyball',Color,Bennett Miller,419,133,152,11000,Robin Wright,22000,75.605492,Biography|Drama|Sport,Philip Seymour Hoffman,283563,53094,Brad Pitt,1,baseball|meeting|statistics|strategy|voice over,http://www.imdb.com/title/tt1210166/?ref_=fn_tt_tt_1,312,English,USA,PG-13,50,18000,7.6,1.85,27000
2014,b'Non-Stop',Color,Jaume Collet-Serra,359,106,174,660,Nate Parker,14000,91.4394,Action|Mystery|Thriller,Liam Neeson,200647,16967,Scoot McNairy,0,air marshal|death|passenger|terrorist|transatlantic flight,http://www.imdb.com/title/tt2024469/?ref_=fn_tt_tt_1,384,English,UK,PG-13,50,664,7,2.35,24000
2005,b'V for Vendetta',Color,James McTeigue,525,132,160,443,Eddie Marsan,20000,70.496802,Action|Drama|Thriller,Natalie Portman,791783,22417,Rupert Graves,1,dystopia|freedom|government|revolution|terrorist,http://www.imdb.com/title/tt0434409/?ref_=fn_tt_tt_1,2042,English,USA,R,54,979,8.2,2.35,48000
2003,b'Shanghai Knights',Color,David Dobkin,165,114,71,55,Anna-Louise Plowman,154,60.47022,Action|Adventure|Comedy,Fann Wong,81444,428,Georgina Chapman,2,1880s|arrow|imperial seal|murder|revenge,http://www.imdb.com/title/tt0300471/?ref_=fn_tt_tt_1,192,English,USA,PG-13,50,131,6.2,2.35,955
2006,b'Curious George',Color,Matthew O'Callaghan,87,78,5,1000,Frank Welker,8000,58.336565,Adventure|Animation|Comedy|Family,Will Ferrell,12845,11124,Alexander Gould,0,hat|monkey|museum|shrine|yellow,http://www.imdb.com/title/tt0381971/?ref_=fn_tt_tt_1,118,English,USA,G,50,2000,6.6,1.85,624
2005,b'Herbie Fully Loaded',Color,Angela Robinson,117,101,23,541,Thomas Lennon,660,66.002004,Adventure|Comedy|Family|Fantasy|Romance|Sport,Scoot McNairy,36431,2177,Cheryl Hines,1,automobile racing|car|mechanic|nascar|street racing,http://www.imdb.com/title/tt0400497/?ref_=fn_tt_tt_1,168,English,USA,G,50,651,4.7,1.85,1000
2001,"b""Don't Say a Word""",Color,Gary Fleder,113,113,39,477,Jennifer Esposito,1000,54.997476,Crime|Drama|Mystery|Thriller,Oliver Platt,40362,3341,Conrad Goode,0,mental institution|post traumatic stress|psychiatrist|vomiting|voyeur,http://www.imdb.com/title/tt0260866/?ref_=fn_tt_tt_1,248,English,USA,R,50,912,6.3,2.35,970
2013,b'Hansel & Gretel: Witch Hunters',Color,Tommy Wirkola,349,98,75,467,Derek Mears,10000,55.68207,Action|Fantasy|Horror,Jeremy Renner,159868,11946,Ingrid Bolsø Berdal,2,bounty hunter|brother sister team|death of loved one|hansel and gretel|supernatural power,http://www.imdb.com/title/tt1428538/?ref_=fn_tt_tt_1,304,English,Germany,R,50,520,6.1,2.35,45000
2011,b'I Am Number Four',Color,D.J. Caruso,288,109,154,144,Emily Wickersham,15000,55.09283,Action|Adventure|Sci-Fi|Thriller,Alex Pettyfer,195043,15608,Reuben Langdon,1,based on young adult novel|good versus evil|guardian|human alien|ohio,http://www.imdb.com/title/tt1464540/?ref_=fn_tt_tt_1,329,English,USA,PG-13,60,348,6.1,1.85,27000
2016,b'13 Hours',Color,Michael Bay,204,144,0,681,James Badge Dale,769,52.822418,Action|Drama|Thriller|War,Toby Stephens,47764,3580,David Costabile,0,based on true story|cia agent|libya|mercenary|u.s. ambassador,http://www.imdb.com/title/tt4172430/?ref_=fn_tt_tt_1,219,English,USA,R,50,726,7.4,2.35,44000
2014,b'The Book of Life',Color,Jorge R. Gutiérrez,156,95,34,679,Hector Elizondo,17000,50.150619,Adventure|Animation|Comedy|Family|Fantasy|Romance,Channing Tatum,45580,19513,Ana de la Reguera,1,afterlife|bullfight|bullfighting|love triangle|mexico,http://www.imdb.com/title/tt2262227/?ref_=fn_tt_tt_1,102,English,USA,PG,50,995,7.3,2.35,18000
2006,b'Firewall',Color,Richard Loncraine,171,105,12,935,Harrison Ford,87000,48.74515,Crime|Thriller,Jimmy Bennett,50170,101383,Mary Lynn Rajskub,1,architect|bank|cayman islands|meeting|murder,http://www.imdb.com/title/tt0408345/?ref_=fn_tt_tt_1,306,English,USA,PG-13,50,11000,5.8,2.35,773
1997,b'Absolute Power',Color,Clint Eastwood,76,121,16000,826,Mark Margolis,16000,50.007168,Action|Crime|Drama|Thriller,Clint Eastwood,39529,19139,Scott Glenn,0,death|death of wife|murder|thief|violence,http://www.imdb.com/title/tt0118548/?ref_=fn_tt_tt_1,142,English,USA,R,50,1000,6.7,2.35,1000
1997,b'G.I. Jane',Color,Ridley Scott,97,125,0,957,Demi Moore,10000,48.154732,Action|Drama|War,Viggo Mortensen,60326,15569,John Michael Higgins,1,feminism|hit in the crotch|kicked in the crotch|kicked in the testicles|navy,http://www.imdb.com/title/tt0119173/?ref_=fn_tt_tt_1,142,English,USA,R,50,2000,5.8,2.35,2000
1997,b'The Game',Color,David Fincher,157,129,21000,283,Armin Mueller-Stahl,495,48.265581,Drama|Mystery|Thriller,Deborah Kara Unger,261069,1397,Charles Martinet,1,birthday|falling through a glass roof|game|hitchcockian|suicide,http://www.imdb.com/title/tt0119174/?ref_=fn_tt_tt_1,506,English,USA,R,50,294,7.8,2.35,25000
2012,b'American Reunion',Color,Jon Hurwitz,291,113,22,1000,Dania Ramirez,3000,56.72408,Comedy,Alyson Hannigan,172112,8398,Natasha Lyonne,7,bikini|female female kiss|high school reunion|outdoor sex|upskirt,http://www.imdb.com/title/tt1605630/?ref_=fn_tt_tt_1,181,English,USA,R,50,1000,6.7,1.85,39000
1998,b'The Negotiator',Color,F. Gary Gray,68,140,473,294,Michael Cudlitz,18000,44.484065,Action|Crime|Drama|Mystery|Thriller,Kevin Spacey,107227,20152,Siobhan Fallon Hogan,2,hostage|innocence|murder|negotiator|police,http://www.imdb.com/title/tt0120768/?ref_=fn_tt_tt_1,279,English,Germany,R,50,822,7.3,2.35,3000
2014,b'Into the Storm',Color,Steven Quale,228,89,77,159,Alycia Debnam-Carey,490,47.553512,Action|Thriller,Matt Walsh,54101,1367,Scott Lawrence,0,danger|graduation|storm|teenage boy|tornado,http://www.imdb.com/title/tt2106361/?ref_=fn_tt_tt_1,210,English,USA,PG-13,50,298,5.8,1.85,15000
1994,b'Beverly Hills Cop III',Color,John Landis,36,104,644,174,Jon Tenney,437,42.61,Action|Comedy|Crime|Thriller,Louis Lombardi,60293,1093,Gilbert R. Hill,1,california|counterfeit|counterfeit money|money|theme park,http://www.imdb.com/title/tt0109254/?ref_=fn_tt_tt_1,114,English,USA,R,55,289,5.5,1.85,669
2014,b'The Judge',Color,David Dobkin,276,141,71,3000,Robert Duvall,21000,47.105085,Crime|Drama,Robert Downey Jr.,136973,30183,Leighton Meester,1,courtroom|dysfunctional family|indiana|lawyer|trial,http://www.imdb.com/title/tt1872194/?ref_=fn_tt_tt_1,275,English,USA,R,50,3000,7.4,2.35,47000
2003,b'Out of Time',Color,Carl Franklin,124,114,73,323,Sanaa Lathan,18000,40.905277,Crime|Drama|Romance|Thriller,Denzel Washington,45895,19739,John Billingsley,3,cancer|florida|insurance|life insurance policy|small town,http://www.imdb.com/title/tt0313443/?ref_=fn_tt_tt_1,157,English,USA,R,50,886,6.5,2.35,1000
1994,b'On Deadly Ground',Color,Steven Seagal,47,101,0,158,Joan Chen,854,38.5905,Action|Adventure|Thriller,Mike Starr,17997,1860,Sven-Ole Thorsen,1,environmental|murder|oil|oil spill|tribe,http://www.imdb.com/title/tt0110725/?ref_=fn_tt_tt_1,140,English,USA,R,50,643,4.4,2.35,812
2004,b'Raising Helen',Color,Garry Marshall,93,119,0,434,Felicity Huffman,627,37.486138,Comedy|Drama|Romance,Amber Valletta,30890,2052,Spencer Breslin,1,fashion show|female protagonist|love|pastor|queens new york city,http://www.imdb.com/title/tt0350028/?ref_=fn_tt_tt_1,106,English,USA,PG-13,50,508,6,1.85,718
1996,b'Striptease',Color,Andrew Bergman,51,117,31,210,Rumer Willis,2000,32.8,Comedy|Crime|Drama|Thriller,Demi Moore,34896,3016,Paul Guilfoyle,1,bouncer|breasts|congressman|private dancer|stripper,http://www.imdb.com/title/tt0117765/?ref_=fn_tt_tt_1,118,English,USA,R,40,472,4.3,1.85,877
2010,b'Hereafter',Color,Clint Eastwood,315,129,16000,447,Jay Mohr,13000,32.741596,Drama|Fantasy,Matt Damon,80140,14344,Cécile De France,0,death|france|near death experience|tsunami|twin brother,http://www.imdb.com/title/tt1212419/?ref_=fn_tt_tt_1,323,English,USA,PG-13,50,563,6.5,2.35,16000
2007,b'Hannibal Rising',Color,Peter Webber,209,131,73,163,Stephen Walters,879,27.667947,Crime|Drama|Thriller,Li Gong,86374,1344,Richard Brake,0,aunt|cannibalism|faked death|medical student|revenge,http://www.imdb.com/title/tt0367959/?ref_=fn_tt_tt_1,392,English,UK,R,50,184,6.2,2.35,3000
2013,b'The Host',Color,Andrew Niccol,298,125,487,201,Chandler Canterbury,430,26.616999,Action|Adventure|Romance|Sci-Fi|Thriller,J.D. Evermore,92461,1300,Rachel Roberts,3,alien|alien creature|body snatching|desert|parasite,http://www.imdb.com/title/tt1517260/?ref_=fn_tt_tt_1,347,English,USA,PG-13,40,329,5.9,2.35,43000
2002,b'Blood Work',Color,Clint Eastwood,146,110,16000,581,Anjelica Huston,16000,26.199517,Action|Crime|Drama|Mystery|Thriller,Clint Eastwood,34356,18635,Rick Hoffman,1,boat|heart transplant|murder|serial killer|sister,http://www.imdb.com/title/tt0309377/?ref_=fn_tt_tt_1,260,English,USA,R,50,1000,6.4,2.35,705
2016,b'Free State of Jones',Color,Gary Ross,79,139,378,303,Donald Watkins,11000,20.389967,Action|Biography|Drama|History|War,Matthew McConaughey,3077,12786,Jessica Collins,1,american civil war|civil war|u.s. civil war,http://www.imdb.com/title/tt1124037/?ref_=fn_tt_tt_1,47,English,USA,R,50,552,6.7,1.85,10000
2005,b'Man of the House',Color,Stephen Herek,59,100,65,730,Vanessa Ferlito,1000,19.118247,Action|Comedy,Christina Milian,19829,6171,Kelli Garner,5,cheerleader|cheerleading movie|neo noir|neo western|texas ranger,http://www.imdb.com/title/tt0331933/?ref_=fn_tt_tt_1,94,English,USA,PG-13,40,923,5.4,2.35,779
2015,b'Run All Night',Color,Jaume Collet-Serra,236,114,174,655,Common,14000,26.442251,Action|Crime|Drama|Thriller,Liam Neeson,76010,16992,Bruce McGill,2,death|drug dealer|limousine|limousine driver|one night,http://www.imdb.com/title/tt2199571/?ref_=fn_tt_tt_1,205,English,USA,R,50,988,6.6,2.35,15000
2011,b'Your Highness',Color,David Gordon Green,208,102,234,11000,Zooey Deschanel,20000,21.55724,Adventure|Comedy|Fantasy,Natalie Portman,85237,45202,James Franco,3,knight|prince|quest|rescue|thong bikini,http://www.imdb.com/title/tt1240982/?ref_=fn_tt_tt_1,274,English,USA,R,49.9,11000,5.6,2.35,18000
1997,b'Mad City',Color,Costa-Gavras,59,115,333,317,Blythe Danner,972,10.556196,Crime|Drama|Thriller,Mia Kirshner,16562,2606,William Atherton,2,hostage|museum|natural history museum|news reporter|reporter,http://www.imdb.com/title/tt0119592/?ref_=fn_tt_tt_1,73,English,USA,PG-13,50,713,6.2,2.35,697
1995,b'The Scarlet Letter',Color,Roland Joffé,34,135,596,2000,Robert Duvall,10000,10.4,Drama|Romance,Gary Oldman,12037,15820,Demi Moore,1,17th century|adultery|letter|pubic hair|swimming,http://www.imdb.com/title/tt0114345/?ref_=fn_tt_tt_1,90,English,USA,R,50,3000,5.1,2.35,943
2010,b'Fair Game',Color,Doug Liman,214,108,218,405,Ty Burrell,6000,9.528092,Biography|Drama|Thriller,Naomi Watts,38513,10191,Brooke Smith,2,bush administration|cia|interview|iraq|new york times,http://www.imdb.com/title/tt0977855/?ref_=fn_tt_tt_1,127,English,USA,PG-13,22,3000,6.8,2.35,9000
1995,b'Jade',Color,William Friedkin,50,107,607,602,Chazz Palminteri,2000,9.795017,Crime|Drama|Thriller,Michael Biehn,9227,5461,Linda Fiorentino,0,blackmail|investigation|murder|panties pulled down|prostitution,http://www.imdb.com/title/tt0113451/?ref_=fn_tt_tt_1,70,English,USA,R,50,979,5.1,1.85,422
2013,b'Beautiful Creatures',Color,Richard LaGravenese,231,124,98,592,Zoey Deutch,1000,19.445217,Drama|Fantasy|Romance,Alden Ehrenreich,67796,3580,Pruitt Taylor Vince,7,dream|escape|magic|magic spell|small town,http://www.imdb.com/title/tt1559547/?ref_=fn_tt_tt_1,258,English,USA,PG-13,60,852,6.2,2.35,14000
2016,b'Zoolander 2',Color,Ben Stiller,226,102,0,1000,Will Ferrell,14000,28.837115,Comedy,Milla Jovovich,34964,24107,Justin Theroux,4,chosen one|fashion|fashion model|model|retired,http://www.imdb.com/title/tt1608290/?ref_=fn_tt_tt_1,150,English,USA,PG-13,50,8000,4.8,2.35,28000
2004,b'The Big Bounce',Color,George Armitage,75,88,5,338,Andrew Wilson,11000,6.471394,Comedy|Crime,Morgan Freeman,15880,11972,Willie Nelson,5,breasts|consensual sex|female nudity|judge|surfer,http://www.imdb.com/title/tt0315824/?ref_=fn_tt_tt_1,93,English,USA,PG-13,50,387,4.9,2.35,288
2000,b'What Planet Are You From?',Color,Mike Nichols,82,87,0,591,Linda Fiorentino,2000,6.291602,Comedy|Sci-Fi,Judy Greer,8070,3954,Garry Shandling,0,alien|baby|banker|pregnancy|question in title,http://www.imdb.com/title/tt0181151/?ref_=fn_tt_tt_1,91,English,USA,R,50,602,5.6,1.85,255
2011,b'Drive Angry',Color,Patrick Lussier,296,104,71,982,Billy Burke,12000,10.706786,Action|Fantasy|Thriller,Nicolas Cage,81800,16481,Katy Mixon,1,baby|cult|oklahoma|sex scene|waitress,http://www.imdb.com/title/tt1502404/?ref_=fn_tt_tt_1,211,English,USA,R,50,2000,5.5,1.85,15000
1990,b'The Adventures of Ford Fairlane',Color,Renny Harlin,48,104,212,380,Gilbert Gottfried,879,21.413502,Action|Adventure|Comedy|Crime|Music|Mystery,Lauren Holly,14429,2795,David Patrick Kelly,5,detective|groupie|murder|music industry|rock n roll,http://www.imdb.com/title/tt0098987/?ref_=fn_tt_tt_1,113,English,USA,R,40,560,6.3,2.35,2000
2009,b'Pirate Radio',Color,Richard Curtis,195,135,628,830,Charlie Rowe,22000,7.994115,Comedy|Drama|Music,Philip Seymour Hoffman,90932,24316,Tom Sturridge,2,inspired by radio program|inspired by true events|pirate broadcasting|pirate radio|pirate radio station,http://www.imdb.com/title/tt1131729/?ref_=fn_tt_tt_1,209,English,UK,R,0,882,7.4,2.35,21000
2012,b'Anna Karenina',Color,Joe Wright,324,129,456,0,Guro Nagelhus Schia,2000,12.802907,Drama|Romance,Kelly Macdonald,70886,2035,Matthew Macfadyen,1,dance|infidelity|marriage|russia|russian,http://www.imdb.com/title/tt1781769/?ref_=fn_tt_tt_1,226,English,UK,R,0,35,6.6,2.35,36000
2015,b'Chappie',Color,Neill Blomkamp,371,120,662,502,Sharlto Copley,20000,31.569268,Action|Crime|Drama|Sci-Fi|Thriller,Hugh Jackman,172965,23051,Jose Pablo Cantillo,0,artificial intelligence|consciousness|future|mind uploading|robot,http://www.imdb.com/title/tt1823672/?ref_=fn_tt_tt_1,627,English,USA,R,49,2000,6.9,2.35,67000
2006,b'The Tooth Fairy',Color,Chuck Bowman,32,89,42,235,Lochlyn Munro,598,0,Horror|Thriller,P.J. Soles,1263,2353,Steve Bacic,0,bare breasts|genital dismemberment|mulching someone|tooth fairy|woodchipper,http://www.imdb.com/title/tt0473553/?ref_=fn_tt_tt_1,32,English,USA,0,1.5,555,4.6,1.78,352
1999,b'Three Kings',Color,David O. Russell,150,114,737,393,Jamie Kennedy,2000,60.652036,Action|Adventure|Comedy|Drama|War,Judy Greer,137854,3743,Mykelti Williamson,1,gold|gulf war|iraq|kuwait|map,http://www.imdb.com/title/tt0120188/?ref_=fn_tt_tt_1,560,English,USA,R,48,490,7.1,2.35,3000
2015,b'Child 44',Color,Daniel Espinosa,172,137,79,194,Fares Fares,27000,1.206135,Crime|Drama|Thriller,Tom Hardy,40568,27666,Michael Nardone,3,child murderer|murder|sex|soviet union|woman slaps a man,http://www.imdb.com/title/tt1014763/?ref_=fn_tt_tt_1,185,English,Czech Republic,R,50,254,6.4,2.35,18000
1984,b'The Cotton Club',Color,Francis Ford Coppola,36,123,0,886,Bob Hoskins,12000,25.9,Crime|Drama|Music,Nicolas Cage,12771,18793,Fred Gwynne,1,brothers hugging|jazz|jealousy|nudity|parole violation,http://www.imdb.com/title/tt0087089/?ref_=fn_tt_tt_1,84,English,USA,R,58,5000,6.5,1.85,828
2014,b'Taken 3',Color,Olivier Megaton,222,115,118,482,Dougray Scott,14000,89.25334,Action|Thriller,Liam Neeson,133436,16967,Jon Gries,0,betrayal|death|final showdown|murder|on the run,http://www.imdb.com/title/tt2446042/?ref_=fn_tt_tt_1,323,English,France,PG-13,48,794,6,2.35,38000
1998,b'Earth',Color,Deepa Mehta,34,110,375,59,Gulshan Grover,113,0.528972,Drama|Romance|War,Nandita Das,5639,371,Eric Peterson,0,friend|hindu|india|muslim|sikh,http://www.imdb.com/title/tt0150433/?ref_=fn_tt_tt_1,55,Hindi,India,Unrated,0,102,7.8,0,522
1990,b'Dick Tracy',Color,Warren Beatty,72,105,631,327,Warren Beatty,678,103.738726,Action|Comedy|Crime|Music|Romance|Thriller,Charlie Korsmo,47819,2096,Seymour Cassel,1,crime boss|detective|dick tracy|gangster|orphan,http://www.imdb.com/title/tt0099422/?ref_=fn_tt_tt_1,164,English,USA,PG,100,631,6.1,1.85,2000
2006,"b""Happily N'Ever After""",Color,Paul Bolger,93,75,0,677,George Carlin,4000,15.519841,Adventure|Animation|Comedy|Family|Fantasy,Sarah Michelle Gellar,8693,6863,Rob Paulsen,3,apostrophe in title|cinderella|first of series|punctuation in title|three word title,http://www.imdb.com/title/tt0308353/?ref_=fn_tt_tt_1,71,English,USA,PG,47,769,4.5,1.85,261
1996,b'Mary Reilly',Color,Stephen Frears,46,108,350,77,Bronagh Gallagher,8000,5.6,Drama|Horror|Romance|Thriller,Julia Roberts,11913,8349,George Cole,1,19th century|butler|housemaid|laboratory|servant,http://www.imdb.com/title/tt0117002/?ref_=fn_tt_tt_1,97,English,USA,R,47,115,5.8,1.85,616
2001,"b""America's Sweethearts""",Color,Joe Roth,142,102,148,135,Rainn Wilson,8000,93.607673,Comedy|Romance,Julia Roberts,47573,9176,Larry King,4,actor|love|movie star|press|publicist,http://www.imdb.com/title/tt0265029/?ref_=fn_tt_tt_1,343,English,USA,PG-13,48,973,5.7,2.35,881
1996,b'Star Trek: First Contact',Color,Jonathan Frakes,143,111,906,906,Alfre Woodard,1000,92.001027,Action|Adventure|Drama|Sci-Fi|Thriller,LeVar Burton,97838,6315,Jonathan Frakes,2,21st century|borg|borg sphere|captain|sphere,http://www.imdb.com/title/tt0117731/?ref_=fn_tt_tt_1,286,English,USA,PG-13,45,1000,7.6,2.35,3000
1996,b'Courage Under Fire',Color,Edward Zwick,65,116,380,826,Matt Damon,18000,58.918501,Action|Drama|Mystery|Thriller|War,Denzel Washington,40126,33233,Scott Glenn,1,bravery|honor|medal of honor|military life|unreliable flashback,http://www.imdb.com/title/tt0115956/?ref_=fn_tt_tt_1,107,English,USA,R,46,13000,6.6,1.85,975
1981,b'Inchon',Color,Terence Young,10,140,92,522,Ben Gazzara,1000,0,Drama|History|War,Laurence Olivier,491,2704,Jacqueline Bisset,1,1950s|douglas macarthur|general|inchon|invasion,http://www.imdb.com/title/tt0084132/?ref_=fn_tt_tt_1,16,English,South Korea,PG,48,623,2.7,2.35,115
2012,b'Taken 2',Color,Olivier Megaton,358,98,118,558,Luke Grimes,14000,139.852971,Action|Crime|Thriller,Liam Neeson,238671,16410,D.B. Sweeney,0,albanian|revenge|revenge motive|teenage daughter|vacation,http://www.imdb.com/title/tt1397280/?ref_=fn_tt_tt_1,461,English,France,PG-13,45,935,6.3,2.35,63000
2004,b'The Princess Diaries 2: Royal Engagement',Color,Garry Marshall,77,113,0,995,Raven-Symoné,11000,95.149435,Comedy|Family|Romance,Anne Hathaway,53687,15362,Hector Elizondo,2,coronation|horse|princess|queen|side saddle,http://www.imdb.com/title/tt0368933/?ref_=fn_tt_tt_1,152,English,USA,G,40,1000,5.7,1.85,1000
1994,b'The Client',Color,Joel Schumacher,39,119,541,551,Anthony LaPaglia,821,92.115211,Crime|Drama|Mystery|Thriller,Bradley Whitford,45798,4043,Brad Renfro,3,boy|brother|lawyer|mafia|senator,http://www.imdb.com/title/tt0109446/?ref_=fn_tt_tt_1,94,English,USA,PG-13,45,577,6.7,2.35,1000
2007,b'The Bucket List',Color,Rob Reiner,207,97,0,760,Noel Gugliemi,11000,93.452056,Adventure|Comedy|Drama,Morgan Freeman,184795,14868,Sean Hayes,1,billionaire|friend|hospital|list|mechanic,http://www.imdb.com/title/tt0825232/?ref_=fn_tt_tt_1,310,English,USA,PG-13,45,2000,7.4,1.85,22000
2013,b'Prisoners',Color,Denis Villeneuve,454,153,777,1000,Jake Gyllenhaal,20000,60.962878,Crime|Drama|Mystery|Thriller,Hugh Jackman,383591,37321,Dylan Minnette,2,child abduction|detective|investigation|police|sex offender,http://www.imdb.com/title/tt1392214/?ref_=fn_tt_tt_1,620,English,USA,R,46,15000,8.1,1.85,86000
1999,b'Galaxy Quest',Color,Dean Parisot,213,102,23,436,Enrico Colantoni,25000,71.423726,Adventure|Comedy|Sci-Fi,Alan Rickman,123558,26998,Robin Sachs,3,alien|alien race|convention|fan|general,http://www.imdb.com/title/tt0177789/?ref_=fn_tt_tt_1,609,English,USA,PG,45,724,7.3,2.35,19000
2011,b'The Muppets',Color,James Bobin,398,103,33,84,Eric Jacobson,970,88.625922,Adventure|Comedy|Family|Musical,Bill Cobbs,75176,1336,Steve Whitmire,3,bel air california|book|friends who live together|the muppets|tribute band,http://www.imdb.com/title/tt1204342/?ref_=fn_tt_tt_1,252,English,USA,PG,45,91,7.1,1.85,26000
2003,b'Love Actually',Color,Richard Curtis,218,129,628,548,Liam Neeson,14000,59.365105,Comedy|Drama|Romance,Colin Firth,318634,28886,Kris Marshall,9,aging rocker|christmas|love at first sight|minister|prime minister,http://www.imdb.com/title/tt0314331/?ref_=fn_tt_tt_1,1004,English,UK,R,45,14000,7.7,2.35,52000
1996,b'Tin Cup',Color,Ron Shelton,48,135,41,808,Cheech Marin,982,53.854588,Comedy|Drama|Romance|Sport,Don Johnson,37911,3648,Rene Russo,0,driving range|golf|golfer|tournament|winnebago,http://www.imdb.com/title/tt0117918/?ref_=fn_tt_tt_1,73,English,USA,R,45,843,6.3,2.35,1000
2005,b'Kicking & Screaming',Color,Jesse Dylan,94,95,58,3000,Will Ferrell,14000,52.580895,Comedy|Family|Romance|Sport,Josh Hutcherson,30255,27351,Robert Duvall,1,book|child|slapstick comedy|soccer|suburb,http://www.imdb.com/title/tt0384642/?ref_=fn_tt_tt_1,118,English,USA,PG,45,8000,5.6,2.35,743
2005,"b""The Hitchhiker's Guide to the Galaxy""",Color,Garth Jennings,276,109,37,651,Kelly Macdonald,11000,51.019112,Adventure|Comedy|Sci-Fi,Zooey Deschanel,155745,14073,Thomas Lennon,0,alien|friend|galaxy|hyperspace|spaceship,http://www.imdb.com/title/tt0371724/?ref_=fn_tt_tt_1,1053,English,USA,PG,50,2000,6.8,2.35,10000
2004,b'Fat Albert',Color,Joel Zwick,59,93,38,631,Nick Zano,1000,48.114556,Comedy|Family|Fantasy|Romance,Dania Ramirez,9380,4604,Alice Greczyn,1,animated sequence|junkyard|love|party|television,http://www.imdb.com/title/tt0396592/?ref_=fn_tt_tt_1,91,English,USA,PG,26,641,4.3,2.35,531
2014,b'Blended',Color,Frank Coraci,173,117,153,734,Adam Sandler,35000,46.280507,Comedy|Romance,Bella Thorne,87165,49743,Joel McHale,0,blind date|children|date|daughter|son,http://www.imdb.com/title/tt1086772/?ref_=fn_tt_tt_1,184,English,USA,PG-13,40,11000,6.5,1.85,12000
2012,b'Savages', Black and White,Oliver Stone,339,141,0,404,Shea Whigham,749,47.30755,Crime|Drama|Thriller,Demián Bichir,104301,1948,Gary Stretch,4,arms tied overhead|damsel in distress|dea|marijuana|southern california,http://www.imdb.com/title/tt1615065/?ref_=fn_tt_tt_1,269,English,USA,R,45,463,6.5,2.35,28000
2004,b'Cellular',Color,David R. Ellis,127,94,160,167,Valerie Cruz,550,32.00362,Action|Crime|Thriller,Richard Burgi,79141,1102,Will Beinbrink,1,cell phone|distress signal|family in danger|police|stealing a car,http://www.imdb.com/title/tt0337921/?ref_=fn_tt_tt_1,355,English,USA,PG-13,25,216,6.5,2.35,2000
2003,b'Johnny English',Color,Peter Howitt,122,87,29,252,Natalie Imbruglia,427,27.97241,Action|Adventure|Comedy,Kevin McNally,114692,1461,Ben Miller,1,british|crown jewels|explosion|funeral|spy,http://www.imdb.com/title/tt0274166/?ref_=fn_tt_tt_1,285,English,UK,PG,35,304,6.1,1.85,2000
2006,b'The Ant Bully',Color,John A. Davis,105,88,8,8000,Meryl Streep,12000,28.133159,Adventure|Animation|Comedy|Family|Fantasy,Nicolas Cage,30055,33822,Julia Roberts,1,ant|miniaturization|punishment|shrinking|sudden change in size,http://www.imdb.com/title/tt0429589/?ref_=fn_tt_tt_1,70,English,USA,PG,50,11000,5.9,1.85,593
1984,b'Dune',Color,David Lynch,144,177,0,202,Jürgen Prochnow,913,27.4,Action|Adventure|Sci-Fi,Virginia Madsen,97087,2449,José Ferrer,3,desert planet|dune|giant worm|space travel|spice,http://www.imdb.com/title/tt0087182/?ref_=fn_tt_tt_1,569,English,USA,PG-13,40,362,6.6,2.35,11000
2007,b'Across the Universe',Color,Julie Taymor,156,133,278,107,T.V. Carpio,5000,24.343673,Drama|Fantasy|Musical|Romance,Jim Sturgess,91860,5405,Robert Clohessy,0,anti war|liverpool|love|protest|song,http://www.imdb.com/title/tt0445922/?ref_=fn_tt_tt_1,524,English,USA,PG-13,45,117,7.4,2.35,14000
1996,b'The Glimmer Man',Color,John Gray,39,91,29,322,Bob Gunton,2000,20.400913,Action|Comedy|Crime|Drama|Thriller,Alexa PenaVega,15455,3855,Keenen Ivory Wayans,1,detective|heavy rain|murder|partner|serial killer,http://www.imdb.com/title/tt0116421/?ref_=fn_tt_tt_1,80,English,USA,R,45,461,5.3,1.85,451
2009,b'Aliens in the Attic',Color,John Schultz,82,86,13,553,Carter Jenkins,1000,25.200412,Adventure|Comedy|Family|Fantasy|Sci-Fi,Malese Jow,16580,3423,Tim Meadows,3,alien|attic|boyfriend|mind control|nintendo ds,http://www.imdb.com/title/tt0775552/?ref_=fn_tt_tt_1,55,English,USA,PG,45,701,5.4,1.85,916
2012,b'Dredd',Color,Pete Travis,432,95,38,20,Jason Cope,409,13.401683,Action|Sci-Fi,Wood Harris,203461,578,Rakie Ayola,0,brutality|dark humor|female antagonist|female warrior|post apocalypse,http://www.imdb.com/title/tt1343727/?ref_=fn_tt_tt_1,588,English,UK,R,35,107,7.1,2.35,46000
2000,b'All the Pretty Horses',Color,Billy Bob Thornton,85,189,0,820,Henry Thomas,13000,15.527125,Drama|Romance|Western,Matt Damon,11388,15006,Sam Shepard,2,1940s|cowboy|mexico|railway station|texas,http://www.imdb.com/title/tt0149624/?ref_=fn_tt_tt_1,183,English,USA,PG-13,57,861,5.8,2.35,652
1995,b'Nixon', Black and White,Oliver Stone,83,189,0,805,Bob Hoskins,12000,13.56096,Biography|Drama|History,Anthony Hopkins,23996,21130,Joan Allen,0,courtship|election|paranoia|president|quaker,http://www.imdb.com/title/tt0113987/?ref_=fn_tt_tt_1,161,English,USA,R,50,5000,7.1,2.35,915
2010,b'The Ghost Writer',Color,Roman Polanski,343,128,2000,501,Olivia Williams,854,15.523168,Mystery|Thriller,Jim Belushi,132423,2507,Timothy Hutton,2,british prime minister|death|island|memoir|writer,http://www.imdb.com/title/tt1139328/?ref_=fn_tt_tt_1,349,English,France,PG-13,45,766,7.2,2.35,15000
2002,b'Big Trouble',Color,Barry Sonnenfeld,87,74,188,865,Janeane Garofalo,11000,7.262288,Comedy|Crime|Thriller,Zooey Deschanel,17307,13917,Omar Epps,2,airport|fbi agent|person in a car trunk|suitcase|suitcase bomb,http://www.imdb.com/title/tt0246464/?ref_=fn_tt_tt_1,186,English,USA,PG-13,40,1000,6.5,1.85,892
1997,b'Shadow Conspiracy',Color,George P. Cosmatos,24,103,170,269,Ben Gazzara,849,2.15454,Action|Thriller,Sam Waterston,3803,2457,Nicholas Turturro,2,american president|assassin|conspiracy|president|white house,http://www.imdb.com/title/tt0120107/?ref_=fn_tt_tt_1,41,English,USA,R,45,623,4.9,2.35,68
2011,b'Johnny English Reborn',Color,Oliver Parker,152,101,32,104,Tim McInnerny,219,8.129455,Action|Adventure|Comedy|Crime,Daniel Kaluuya,89568,661,Togo Igawa,1,assassin|chinese|conspiracy|gadget|premier,http://www.imdb.com/title/tt1634122/?ref_=fn_tt_tt_1,142,English,USA,PG,45,141,6.3,2.35,17000
2012,b'Argo',Color,Ben Affleck,656,130,0,650,Scoot McNairy,1000,136.019448,Biography|Drama|History|Thriller,Clea DuVall,452465,3133,Tate Donovan,1,1970s|cia|f word|u.s. embassy|year 1979,http://www.imdb.com/title/tt1024648/?ref_=fn_tt_tt_1,695,English,USA,R,44.5,660,7.7,2.35,89000
1996,b'The Juror',Color,Brian Gibson,28,118,13,643,Demi Moore,23000,44.834712,Drama|Thriller,Joseph Gordon-Levitt,13995,26907,Anne Heche,1,breasts|mafia|sex scene|temple|woods,http://www.imdb.com/title/tt0116731/?ref_=fn_tt_tt_1,62,English,USA,R,44,2000,5.6,2.35,353
1980,"b""Heaven's Gate""",Color,Michael Cimino,102,189,517,678,Sam Waterston,12000,1.5,Adventure|Drama|Western,Jeff Bridges,9830,14255,Isabelle Huppert,0,1890s|hired gun|immigrant|johnson county war|sheriff,http://www.imdb.com/title/tt0080855/?ref_=fn_tt_tt_1,189,English,USA,R,44,849,6.8,2.35,1000
2015,b'Victor Frankenstein',Color,Paul McGuigan,159,110,118,287,Spencer Wilding,11000,5.773519,Drama|Horror|Sci-Fi|Thriller,Daniel Radcliffe,28618,12876,Daniel Mays,2,assistant|experiment|frankenstein|medical student|scientist,http://www.imdb.com/title/tt1976009/?ref_=fn_tt_tt_1,91,English,USA,PG-13,40,1000,6,2.35,11000
2011,b'The Mechanic',Color,Simon West,252,93,165,350,Tony Goldwyn,26000,29.113588,Action|Crime|Thriller,Jason Statham,117999,27834,Mini Anden,0,apprentice|disobeying orders|gas station|hitman|nightclub,http://www.imdb.com/title/tt0472399/?ref_=fn_tt_tt_1,181,English,USA,R,40,956,6.6,2.35,16000
2012,b'21 Jump Street',Color,Phil Lord,375,109,97,839,Dax Flame,17000,138.447667,Action|Comedy|Crime,Channing Tatum,408302,19968,Rob Riggle,2,narcotics|parody|police|remake|undercover cop,http://www.imdb.com/title/tt1232829/?ref_=fn_tt_tt_1,345,English,USA,R,42,971,7.2,2.35,39000
1999,b'Notting Hill',Color,Roger Michell,150,124,50,427,Clarke Peters,8000,116.00608,Comedy|Drama|Romance,Julia Roberts,203269,9255,Dylan Moran,1,actress|bookstore|friend|kiss|love,http://www.imdb.com/title/tt0125439/?ref_=fn_tt_tt_1,602,English,UK,PG-13,42,437,7,2.35,11000
2013,b'The Heat',Color,Paul Feig,270,123,176,749,William Xifaras,975,159.578352,Action|Comedy|Crime,Michael Rapaport,133177,4825,Demián Bichir,7,drug lord|fbi|fbi agent|hospital|shot in the crotch,http://www.imdb.com/title/tt2404463/?ref_=fn_tt_tt_1,380,English,USA,R,43,815,6.6,2.35,24000
2012,b'Here Comes the Boom',Color,Frank Coraci,154,105,153,491,Reggie Lee,4000,45.290318,Action|Comedy|Sport,Salma Hayek,74169,6727,Charice,2,claim in title|high school|mixed martial arts|ultimate fighting championship|underdog,http://www.imdb.com/title/tt1648179/?ref_=fn_tt_tt_1,112,English,USA,PG,42,828,6.5,1.85,17000
2002,b'High Crimes',Color,Carl Franklin,114,115,73,505,Adam Scott,11000,41.543207,Crime|Drama|Mystery|Thriller,Morgan Freeman,30077,15571,Bruce Davison,1,defense lawyer|lawyer|marine|murder|villager,http://www.imdb.com/title/tt0257756/?ref_=fn_tt_tt_1,175,English,USA,PG-13,42,3000,6.3,2.35,893
2011,b'Red Riding Hood',Color,Catherine Hardwicke,291,100,308,913,Billy Burke,10000,37.652565,Fantasy|Horror|Mystery|Thriller,Gary Oldman,91151,15369,Virginia Madsen,2,death|forest|love|werewolf|werewolf bite,http://www.imdb.com/title/tt1486185/?ref_=fn_tt_tt_1,283,English,USA,PG-13,42,2000,5.4,2.35,20000
2001,b'15 Minutes',Color,John Herzfeld,151,120,17,808,Charlize Theron,22000,24.375436,Action|Crime|Drama|Thriller,Robert De Niro,42547,33585,Kelsey Grammer,1,criminal|detective|fire|homicide|media,http://www.imdb.com/title/tt0179626/?ref_=fn_tt_tt_1,265,English,USA,R,42,9000,6.1,2.35,748
2005,b'Lord of War',Color,Andrew Niccol,168,122,487,16,Jeremy Crutchley,12000,24.127895,Crime|Drama|Thriller,Nicolas Cage,248123,12076,Jared Burke,2,1980s|arms dealer|immorality|ukrainian|warlord,http://www.imdb.com/title/tt0399295/?ref_=fn_tt_tt_1,437,English,USA,R,50,43,7.6,2.35,10000
2012,b'One for the Money',Color,Julie Anne Robinson,127,91,30,497,Debbie Reynolds,922,26.404753,Action|Comedy|Crime|Romance|Thriller,Fisher Stevens,34203,3301,Patrick Fischler,1,bail bond|bounty hunter|jeans|shot in the butt|title directed by female,http://www.imdb.com/title/tt1598828/?ref_=fn_tt_tt_1,169,English,USA,PG-13,40,786,5.3,2.35,19000
2014,b'The Interview',Color,Evan Goldberg,293,112,133,365,Randall Park,11000,6.105175,Comedy,James Franco,247020,12239,Anders Holm,4,assassination attempt|communist dictatorship|dictator|exploding helicopter|finger bitten off,http://www.imdb.com/title/tt2788710/?ref_=fn_tt_tt_1,835,English,USA,R,44,392,6.6,2.35,50000
2015,"b""Animal Kingdom: Let's go Ape""",Color,Jamel Debbouze,9,101,326,6,Youssef Hajdi,326,0,Adventure|Animation|Comedy|Family,Jamel Debbouze,590,488,Mélissa Theuriau,0,ape|computer animation|evolution|first person title|reference to louis de funes,http://www.imdb.com/title/tt1220911/?ref_=fn_tt_tt_1,5,French,France,0,0,152,4.9,0,161
2003,b'The Medallion',Color,Gordon Chan,98,108,4,96,Lee Evans,687,22.108977,Action|Comedy|Fantasy,Julian Sands,29861,1134,Anthony Chau-Sang Wong,1,hong kong|interpol|medallion|ship|tough cop,http://www.imdb.com/title/tt0288045/?ref_=fn_tt_tt_1,132,English,Hong Kong,PG-13,41,312,5.2,2.35,505
1999,b'The Sixth Sense',Color,M. Night Shyamalan,234,107,0,766,Haley Joel Osment,13000,293.501675,Drama|Mystery|Thriller,Bruce Willis,704766,17540,Olivia Williams,0,able to see the dead|ghost|plot twist|psychic|surprise ending,http://www.imdb.com/title/tt0167404/?ref_=fn_tt_tt_1,2073,English,USA,PG-13,40,3000,8.1,1.85,14000
2012,b'Man on a Ledge',Color,Asger Leth,258,102,20,54,Mandy Gonzalez,107,18.600911,Action|Crime|Thriller,Robert Clohessy,125198,362,J. Smith-Cameron,6,detective|diamond|hotel|police|rooftop,http://www.imdb.com/title/tt1568338/?ref_=fn_tt_tt_1,153,English,USA,PG-13,42,81,6.6,2.35,11000
2011,b'The Big Year',Color,David Frankel,108,100,64,296,Kevin Pollak,734,7.204138,Comedy,Joel McHale,34809,2085,JoBeth Williams,0,alaska|birding|competition|migration|storm,http://www.imdb.com/title/tt1053810/?ref_=fn_tt_tt_1,125,English,USA,PG,41,574,6.2,2.35,11000
2013,b'American Hustle',Color,David O. Russell,538,138,737,14000,Christian Bale,34000,150.117807,Crime|Drama,Jennifer Lawrence,358416,83012,Bradley Cooper,5,based on true story|con artist|drunk wife|fbi investigation|scam,http://www.imdb.com/title/tt1800241/?ref_=fn_tt_tt_1,751,English,USA,R,40,23000,7.3,2.35,63000
2009,b'The Proposal',Color,Anne Fletcher,224,108,98,723,Denis O'Hare,16000,163.947053,Comedy|Drama|Romance,Ryan Reynolds,227824,18656,Craig T. Nelson,1,alaska|deportation|father son relationship|male objectification|sitka alaska,http://www.imdb.com/title/tt1041829/?ref_=fn_tt_tt_1,273,English,USA,PG-13,40,896,6.7,2.35,10000
1989,b'Back to the Future Part II',Color,Robert Zemeckis,125,108,0,690,Jeffrey Weissman,1000,118.5,Adventure|Comedy|Sci-Fi,Lea Thompson,340085,3660,Thomas F. Wilson,0,alternate timeline|same actor playing two characters simultaneously on screen|second part|year 2015|younger version of character,http://www.imdb.com/title/tt0096874/?ref_=fn_tt_tt_1,327,English,USA,PG,40,869,7.8,1.85,12000
2014,b'Lucy',Color,Luc Besson,433,89,0,903,Morgan Freeman,19000,126.546825,Action|Sci-Fi|Thriller,Scarlett Johansson,327367,32325,Amr Waked,0,brain capacity|drugs|fictional drug|one woman army|tough girl,http://www.imdb.com/title/tt2872732/?ref_=fn_tt_tt_1,918,English,France,R,40,11000,6.4,2.35,83000
2015,b'Fifty Shades of Grey',Color,Sam Taylor-Johnson,362,129,456,716,Luke Grimes,1000,166.147885,Drama|Romance,Jennifer Ehle,220020,4585,Callum Rennie,0,female frontal nudity|female nudity|perversion|sex scene|spanking,http://www.imdb.com/title/tt2322441/?ref_=fn_tt_tt_1,1360,English,USA,R,40,935,4.1,2.35,101000
2003,b'Spy Kids 3-D: Game Over',Color,Robert Rodriguez,93,84,0,2000,Salma Hayek,13000,111.760631,Action|Adventure|Comedy|Family|Sci-Fi,Sylvester Stallone,40227,22935,Alexa PenaVega,3,mission|spy|surfing|trapped|virtual reality,http://www.imdb.com/title/tt0338459/?ref_=fn_tt_tt_1,188,English,USA,PG,38,4000,4.1,1.85,681
2013,b'Lone Survivor',Color,Peter Berg,319,121,532,127,Scott Elrod,480,125.069696,Action|Biography|Drama|Thriller|War,Jerry Ferrara,203963,1261,Dan Bilzerian,0,courage|navy seal|outnumbered|shot multiple times|survival,http://www.imdb.com/title/tt1091191/?ref_=fn_tt_tt_1,420,English,USA,R,40,449,7.6,2.35,58000
2016,b'The Conjuring 2',Color,James Wan,300,134,0,336,Frances O'Connor,1000,102.310175,Horror|Mystery|Thriller,Javier Botet,64989,2676,Robin Atkin Downes,0,based on supposedly true story|house|paranormal investigating|psychic|second part,http://www.imdb.com/title/tt3065204/?ref_=fn_tt_tt_1,279,English,USA,R,40,575,7.8,2.35,40000
2010,b'The Social Network',Color,David Fincher,556,120,21000,81,Dustin Fitzsimons,10000,96.917897,Biography|Drama,Andrew Garfield,479453,10555,Marcella Lentz-Pope,0,competitiveness|creator|entrepreneur|facebook|intellectual property,http://www.imdb.com/title/tt1285016/?ref_=fn_tt_tt_1,696,English,USA,PG-13,40,349,7.7,2.35,74000
2009,"b""He's Just Not That Into You""",Color,Ken Kwapis,161,129,42,49,Sabrina Revelle,97,93.952276,Comedy|Drama|Romance,Carmen Perez,132048,318,Sachiko Ishida,7,advertising|bar|dating|lingerie slip|six word title,http://www.imdb.com/title/tt1001508/?ref_=fn_tt_tt_1,203,English,USA,PG-13,40,50,6.4,2.35,12000
2006,b'Scary Movie 4',Color,David Zucker,151,89,119,807,Carmen Electra,2000,90.703745,Comedy,Beau Mirchoff,93748,5855,Regina Hall,8,female nudity|male nudity|parody|reference to myspace|sequel,http://www.imdb.com/title/tt0362120/?ref_=fn_tt_tt_1,410,English,USA,PG-13,45,869,5.1,1.85,1000
2015,b'Get Hard',Color,Etan Cohen,173,107,164,723,Alison Brie,8000,90.353764,Comedy|Crime,Will Ferrell,85629,12556,Craig T. Nelson,2,camera focus on female butt|gay bar|millionaire|singing in a car|two word title,http://www.imdb.com/title/tt2561572/?ref_=fn_tt_tt_1,144,English,USA,R,40,2000,6,1.85,14000
1992,"b""Bram Stoker's Dracula""",Color,Francis Ford Coppola,181,155,0,10000,Anthony Hopkins,18000,82.52279,Fantasy|Horror|Romance,Keanu Reeves,143835,42220,Gary Oldman,0,dracula|horror movie remake|maze|monster sex|vampire,http://www.imdb.com/title/tt0103874/?ref_=fn_tt_tt_1,654,English,USA,R,40,12000,7.5,1.85,14000
2009,b'Julie & Julia',Color,Nora Ephron,252,123,0,923,Mary Lynn Rajskub,11000,94.125426,Biography|Drama|Romance,Meryl Streep,79264,13321,Vanessa Ferlito,2,american|blog|book|cook|cooking,http://www.imdb.com/title/tt1135503/?ref_=fn_tt_tt_1,277,English,USA,PG-13,40,935,7,1.85,13000
2013,b'42',Color,Brian Helgeland,216,128,241,898,Christopher Meloni,11000,95.001343,Biography|Drama|Sport,Harrison Ford,66511,16911,Nicole Beharie,0,baseball|baseball player|brooklyn dodgers|major league baseball|racism,http://www.imdb.com/title/tt0453562/?ref_=fn_tt_tt_1,200,English,USA,PG-13,40,3000,7.5,2.35,28000
2014,b'Dumb and Dumber To',Color,Bobby Farrelly,218,109,101,839,Kathleen Turner,13000,86.20801,Comedy,Bill Murray,97045,16179,Rob Riggle,1,adoption|highway travel|road trip|sequel|stupidity,http://www.imdb.com/title/tt2096672/?ref_=fn_tt_tt_1,285,English,USA,PG-13,35,899,5.7,1.85,55000
2006,b'Eight Below',Color,Frank Marshall,118,120,155,249,Bruce Greenwood,23000,81.593527,Adventure|Drama|Family,Paul Walker,48806,24300,Wendy Crewson,1,antarctica|dog|siberian husky|sled dog|survival,http://www.imdb.com/title/tt0397313/?ref_=fn_tt_tt_1,263,English,USA,PG,40,984,7.3,2.35,11000
2015,b'The Intern',Color,Nancy Meyers,241,121,278,808,Anne Hathaway,22000,75.274748,Comedy|Drama,Robert De Niro,130661,36010,Rene Russo,2,reference to ben affleck|reference to brad pitt|reference to george clooney|reference to jack nicholson|website,http://www.imdb.com/title/tt2361509/?ref_=fn_tt_tt_1,304,English,USA,PG-13,35,11000,7.2,1.85,54000
2005,b'Sin City', Black and White,Frank Miller,374,147,436,175,Powers Boothe,3000,74.098862,Crime|Thriller,Rosario Dawson,656640,3924,Jason Douglas,1,anthology|corruption|hearing characters thoughts|neo noir|night,http://www.imdb.com/title/tt0401792/?ref_=fn_tt_tt_1,1732,English,USA,R,40,472,8.1,1.85,13000
2006,"b""Big Momma's House 2""",Color,John Whitesell,65,99,14,633,Nia Long,17000,70.163652,Comedy|Crime,Chloë Grace Moretz,31968,19334,Marisol Nichols,0,cheerleading|fbi|fbi agent|nanny|undercover,http://www.imdb.com/title/tt0421729/?ref_=fn_tt_tt_1,82,English,USA,PG-13,40,826,4.6,1.85,663
2001,b'The Mexican',Color,Gore Verbinski,125,123,563,8000,Brad Pitt,24000,66.808615,Adventure|Comedy|Crime|Romance,J.K. Simmons,87351,43917,Julia Roberts,0,curse|hostage|mexico|pistol|vomiting,http://www.imdb.com/title/tt0236493/?ref_=fn_tt_tt_1,344,English,USA,R,34,11000,6.1,2.35,2000
2014,b'Unbroken',Color,Angelina Jolie Pitt,322,137,11000,465,Jack O'Connell,769,115.60398,Biography|Drama|Sport|War,Finn Wittrock,103589,2938,Alex Russell,0,emaciation|male nudity|plane crash|prisoner of war|torture,http://www.imdb.com/title/tt1809398/?ref_=fn_tt_tt_1,351,English,USA,PG-13,65,698,7.2,2.35,35000
2014,b'The Other Woman',Color,Nick Cassavetes,191,109,415,119,Kate Upton,982,83.906114,Comedy|Romance,Don Johnson,104481,2357,David Thornton,2,beach house|blonde bombshell|cheating husband|revenge|wife meets mistress,http://www.imdb.com/title/tt2203939/?ref_=fn_tt_tt_1,189,English,USA,PG-13,40,971,6,2.35,16000
2015,b'Bridge of Spies',Color,Steven Spielberg,459,142,14000,423,Mark Rylance,15000,72.306065,Drama|History|Thriller,Tom Hanks,178118,16944,Amy Ryan,0,cia|cold war|lawyer|negotiation|spy,http://www.imdb.com/title/tt3682448/?ref_=fn_tt_tt_1,355,English,USA,PG-13,40,535,7.6,2.35,55000
2010,b'Get Him to the Greek',Color,Nicholas Stoller,222,114,89,177,Mario Lopez,836,60.923325,Comedy|Music,Pink,147317,2091,Lino Facioli,2,concert|drugs|recession|record company|rock star,http://www.imdb.com/title/tt1226229/?ref_=fn_tt_tt_1,197,English,USA,R,0,719,6.4,1.85,12000
2011,b'The Lincoln Lawyer',Color,Brad Furman,274,118,65,638,Margarita Levieva,11000,57.981889,Crime|Drama|Thriller,Matthew McConaughey,173848,13943,Frances Fisher,1,defense attorney|defense lawyer|lawyer|plot twist|prostitute,http://www.imdb.com/title/tt1189340/?ref_=fn_tt_tt_1,203,English,USA,R,40,980,7.3,2.35,25000
2011,b'Unknown',Color,Jaume Collet-Serra,349,113,174,767,Frank Langella,14000,61.094903,Action|Mystery|Thriller,Liam Neeson,210542,17152,Aidan Quinn,3,agriculture|airport|amnesia|nurse|scientist,http://www.imdb.com/title/tt1401152/?ref_=fn_tt_tt_1,332,English,UK,PG-13,30,903,6.9,2.35,29000
2006,b'The Prestige',Color,Christopher Nolan,341,130,22000,19000,Hugh Jackman,23000,53.082743,Drama|Mystery|Sci-Fi|Thriller,Christian Bale,844052,63986,Scarlett Johansson,1,illusion|magician|obsession|rivalry|secret,http://www.imdb.com/title/tt0482571/?ref_=fn_tt_tt_1,1100,English,USA,PG-13,40,20000,8.5,2.35,49000
2014,b'Horrible Bosses 2',Color,Sean Anders,196,116,51,465,Christoph Waltz,18000,54.414716,Comedy|Crime,Kevin Spacey,114294,30571,Lindsay Sloane,7,kidnapping|reference to franz beckenbauer|scene during end credits|second part|singing in a car,http://www.imdb.com/title/tt2170439/?ref_=fn_tt_tt_1,187,English,USA,R,42,11000,6.3,2.35,12000
2006,b'Apocalypto',Color,Mel Gibson,283,139,0,19,Dalia Hernández,708,50.859889,Action|Adventure|Drama|Thriller,Rudy Youngblood,236000,848,Jonathan Brewer,0,jaguar|mayan|solar eclipse|tribe|village,http://www.imdb.com/title/tt0472043/?ref_=fn_tt_tt_1,1043,Maya,USA,R,40,78,7.8,1.85,14000
2010,b'Predators',Color,Nimród Antal,351,107,190,520,Alice Braga,2000,52.000688,Action|Adventure|Sci-Fi|Thriller,Topher Grace,171418,4243,Derek Mears,0,kicked in the face|martial arts|punched in the face|strong female character|woman punching a man,http://www.imdb.com/title/tt1424381/?ref_=fn_tt_tt_1,619,English,USA,R,40,1000,6.4,2.35,17000
1986,b'Legal Eagles',Color,Ivan Reitman,16,116,425,204,Debra Winger,954,49.851591,Comedy|Crime|Romance,Brian Dennehy,7900,2179,Roscoe Lee Browne,3,judicial|judiciary|lawyer|murder|painting,http://www.imdb.com/title/tt0091396/?ref_=fn_tt_tt_1,34,English,USA,PG,40,568,5.9,2.35,263
2012,b'The Odd Life of Timothy Green',Color,Peter Hedges,169,105,54,988,Odeya Rush,3000,51.85345,Comedy|Drama|Family|Fantasy,Jennifer Garner,37398,9069,Common,0,dodgeball|portrait|soccer|soccer game|young love,http://www.imdb.com/title/tt1462769/?ref_=fn_tt_tt_1,110,English,USA,PG,25,2000,6.6,1.85,11000
2008,b'Made of Honor',Color,Paul Weiland,128,101,10,681,Beau Garrett,1000,46.012734,Comedy|Romance,Busy Philipps,54421,4298,Kevin Sussman,2,friend|love|maid|maid of honor|marriage,http://www.imdb.com/title/tt0866439/?ref_=fn_tt_tt_1,101,English,USA,PG-13,40,689,5.8,2.35,3000
2014,b'Jersey Boys',Color,Clint Eastwood,249,134,16000,235,Steve Schirripa,880,47.034272,Biography|Drama|Music|Musical,Johnny Cannizzaro,25465,2281,Scott Vance,1,band|music group|musical quartet|singer|song,http://www.imdb.com/title/tt1742044/?ref_=fn_tt_tt_1,190,English,USA,R,40,413,6.9,2.35,16000
1992,b'Medicine Man',Color,John McTiernan,25,106,323,0,José Wilker,472,45.500797,Adventure|Drama|Romance,Lorraine Bracco,17443,519,Sean Connery,2,cancer|environment|gas chromatograph|jungle|nature,http://www.imdb.com/title/tt0104839/?ref_=fn_tt_tt_1,56,English,USA,PG-13,40,47,6,2.35,694
2011,b'Paul',Color,Greg Mottola,342,109,99,57,Nelson Ascencio,176,37.371385,Adventure|Comedy|Sci-Fi,Bobby Lee,192462,390,Jeremy Owen,0,alien|geek|nerd|road trip|ufo,http://www.imdb.com/title/tt1092026/?ref_=fn_tt_tt_1,334,English,USA,R,40,61,7,2.35,42000
2011,b'Scream 4',Color,Wes Craven,420,111,0,687,Aimee Teegarden,2000,38.176892,Horror|Mystery,Alison Brie,104119,4486,Shenae Grimes-Beech,0,author|book|deputy|murder|sheriff,http://www.imdb.com/title/tt1262416/?ref_=fn_tt_tt_1,518,English,USA,R,40,741,6.2,2.35,26000
2000,b'Hanging Up',Color,Diane Keaton,82,94,0,235,Celia Weston,374,36.037909,Comedy|Drama,Adam Arkin,10132,1238,Jesse James,3,actress|clown costume|magazine|party planner|soap opera actress,http://www.imdb.com/title/tt0162983/?ref_=fn_tt_tt_1,130,English,Germany,PG-13,60,258,4.7,1.85,390
2011,b'Final Destination 5',Color,Steven Quale,277,92,77,495,Jacqueline MacInnes Wood,703,42.575718,Horror,Emma Bell,83788,3074,Courtney B. Vance,0,blood splatter|death|eyeball run over by car|latex gloves|suspension bridge,http://www.imdb.com/title/tt1622979/?ref_=fn_tt_tt_1,227,English,USA,R,40,682,5.9,2.35,20000
1999,b'Mickey Blue Eyes',Color,Kelly Makin,90,102,6,584,Burt Young,711,33.864342,Comedy|Crime|Romance,Jeanne Tripplehorn,29968,2913,Vincent Pastore,1,auctioneer|fbi|mafia|mobster|painting,http://www.imdb.com/title/tt0130121/?ref_=fn_tt_tt_1,117,English,UK,PG-13,40,683,5.8,1.85,445
2000,b'Pay It Forward',Color,Mimi Leder,157,123,75,754,Haley Joel Osment,18000,33.508922,Drama,Kevin Spacey,95860,23920,Angie Dickinson,2,alcoholism|boy|good deed|protective male|teacher,http://www.imdb.com/title/tt0223897/?ref_=fn_tt_tt_1,660,English,USA,PG-13,40,3000,7.2,1.85,16000
2008,b'Drillbit Taylor',Color,Steven Brill,146,102,65,490,Shaun Weiss,1000,32.85364,Comedy|Drama,Lisa Ann Walter,50199,3239,Matt Walsh,1,bodyguard|bully|generation y|high school|nerd,http://www.imdb.com/title/tt0817538/?ref_=fn_tt_tt_1,101,English,USA,PG-13,40,613,5.7,2.35,702
2014,b'A Million Ways to Die in the West',Color,Seth MacFarlane,303,136,3000,3000,Charlize Theron,14000,42.615685,Comedy|Western,Liam Neeson,136093,28927,Seth MacFarlane,3,dancing sheep|fetish|musical scene|racial humor|snake poison,http://www.imdb.com/title/tt2557490/?ref_=fn_tt_tt_1,416,English,USA,R,40,9000,6.1,2.35,24000
2011,b'Extremely Loud & Incredibly Close',Color,Stephen Daldry,283,129,335,64,Thomas Horn,15000,31.836745,Adventure|Drama|Mystery,Tom Hanks,81298,15595,Stephen Henderson,1,fear|mourning|mute|quest|revelation,http://www.imdb.com/title/tt0477302/?ref_=fn_tt_tt_1,341,English,USA,PG-13,40,467,6.9,2.35,39000
2000,b'The Art of War',Color,Christian Duguay,110,116,18,249,Cary-Hiroyuki Tagawa,2000,30.199105,Action|Adventure|Crime|Thriller,Michael Biehn,25346,3753,Anne Archer,0,blood splatter|fbi|murder|secretary general|united nations,http://www.imdb.com/title/tt0160009/?ref_=fn_tt_tt_1,167,English,USA,R,40,1000,5.7,2.35,470
2005,b'Rent',Color,Chris Columbus,146,135,0,715,David Fine,3000,29.077547,Drama|Musical|Romance,Rosario Dawson,41685,5917,Jesse L. Martin,1,aids|hiv positive|lawyer|new york city|roommate,http://www.imdb.com/title/tt0294870/?ref_=fn_tt_tt_1,754,English,USA,PG-13,40,1000,7,2.35,3000
2000,b'Bless the Child',Color,Chuck Russell,100,107,55,294,Jimmy Smits,3000,29.374178,Crime|Drama|Horror|Thriller,Rufus Sewell,12093,4565,Angela Bettis,0,easter|fbi|luminol|nurse|omen,http://www.imdb.com/title/tt0163983/?ref_=fn_tt_tt_1,188,English,USA,R,40,941,5.1,2.35,394
1999,b'The Out-of-Towners',Color,Sam Weisman,62,90,39,210,Valerie Perri,607,28.535768,Comedy,Oliver Hudson,10446,1335,Carlease Burke,2,job interview|manhattan new york city|new york city|remake|sausage,http://www.imdb.com/title/tt0129280/?ref_=fn_tt_tt_1,105,English,USA,PG-13,40,322,5.3,1.85,279
2001,b'The Musketeer',Color,Peter Hyams,107,104,0,327,Justin Chambers,964,27.053815,Action|Adventure|Romance,Catherine Deneuve,12856,2888,Stephen Rea,0,guard|king|murder|musketeer|swordsman,http://www.imdb.com/title/tt0246544/?ref_=fn_tt_tt_1,291,English,Germany,PG-13,40,931,4.7,2.35,299
2001,b'Sweet November',Color,Pat O'Connor,94,119,7,903,Charlize Theron,18000,25.178165,Drama|Romance,Keanu Reeves,70292,29484,Frank Langella,1,advertising|cancer|dog|san francisco california|terminal illness,http://www.imdb.com/title/tt0230838/?ref_=fn_tt_tt_1,274,English,USA,PG-13,40,9000,6.7,1.85,8000
1994,b'Renaissance Man',Color,Penny Marshall,12,128,545,353,Cliff Robertson,783,24.332324,Comedy|Drama,Ed Begley Jr.,13830,3126,Lillo Brancato,1,army|basic training|reference to shakespeare's hamlet|teacher|u.s. army,http://www.imdb.com/title/tt0110971/?ref_=fn_tt_tt_1,61,English,USA,PG-13,40,754,6.1,1.85,680
2011,b'Colombiana',Color,Olivier Megaton,201,112,118,674,Callum Blue,877,36.665854,Action|Crime|Drama|Thriller,Jordi Mollà,76498,3432,Jesse Borrego,0,female in a shower|female nudity|premarital sex|sex scene|woman wearing a miniskirt,http://www.imdb.com/title/tt1657507/?ref_=fn_tt_tt_1,203,English,France,PG-13,40,738,6.4,2.35,15000
2002,b'City by the Sea',Color,Michael Caton-Jones,104,108,105,616,James Franco,22000,22.433915,Crime|Drama|Mystery|Thriller,Robert De Niro,21319,34377,John Doman,1,beach|grandson|murder|new york city|police,http://www.imdb.com/title/tt0269095/?ref_=fn_tt_tt_1,166,English,USA,R,60,11000,6.2,2.35,416
1996,b'City Hall',Color,Harold Becker,50,111,17,889,Martin Landau,14000,20.3,Drama|Thriller,Al Pacino,16741,17877,Bridget Fonda,2,drug dealer|mayor|new york city|probation|scandal,http://www.imdb.com/title/tt0115907/?ref_=fn_tt_tt_1,60,English,USA,R,40,940,6.2,1.85,309
1995,b'Kiss of Death',Color,Barbet Schroeder,40,101,58,497,Michael Rapaport,12000,14.942422,Action|Crime|Thriller,Nicolas Cage,14226,14008,Philip Baker Hall,3,beard|female nudity|police brutality|stripper|woman in lingerie,http://www.imdb.com/title/tt0113552/?ref_=fn_tt_tt_1,60,English,USA,R,40,975,5.9,1.85,555
2000,b'Get Carter',Color,Stephen Kay,102,102,19,351,Miranda Richardson,13000,14.967182,Action|Crime|Drama|Thriller,Sylvester Stallone,27305,14463,Lauren Lee Smith,1,affair|car crash|enforcer|funeral|murder,http://www.imdb.com/title/tt0208988/?ref_=fn_tt_tt_1,284,English,USA,R,40,530,5.1,2.35,604
2012,b'The Impossible',Color,J.A. Bayona,371,114,171,284,Geraldine Chaplin,6000,18.996755,Drama|Thriller,Naomi Watts,145270,7099,Oaklee Pendergast,0,christmas|resort|thailand|tourist|tsunami,http://www.imdb.com/title/tt1649419/?ref_=fn_tt_tt_1,322,English,Spain,PG-13,45,382,7.6,2.35,54000
1987,b'Ishtar',Color,Elaine May,49,107,124,572,Warren Beatty,636,14.375181,Action|Adventure|Comedy|Music|Thriller,Carol Kane,8692,3374,Isabelle Adjani,2,cia|emir|hotel|map|morocco,http://www.imdb.com/title/tt0093278/?ref_=fn_tt_tt_1,126,English,USA,PG-13,51,631,4.2,1.85,754
2009,b'Fantastic Mr. Fox',Color,Wes Anderson,335,87,0,563,Meryl Streep,13000,20.999103,Adventure|Animation|Comedy|Crime|Family,Bill Murray,139114,24770,Helen McCrory,0,cider|farm|farmer|fox|tale,http://www.imdb.com/title/tt0432283/?ref_=fn_tt_tt_1,245,English,USA,PG,40,11000,7.8,1.85,15000
2002,b'Life or Something Like It',Color,Stephen Herek,86,103,65,311,Stockard Channing,11000,14.448589,Comedy|Romance,Angelina Jolie Pitt,19364,12566,James Gammon,2,football|homeless man|interview|psychic|reporter,http://www.imdb.com/title/tt0282687/?ref_=fn_tt_tt_1,128,English,USA,PG-13,40,944,5.8,2.35,835
1992,b'Memoirs of an Invisible Man',Color,John Carpenter,40,99,0,402,Michael McKean,782,14.358033,Comedy|Romance|Sci-Fi|Thriller,Richard Epcar,17365,2125,Patricia Heaton,2,accident|bar|chase|cia|laboratory,http://www.imdb.com/title/tt0104850/?ref_=fn_tt_tt_1,66,English,USA,PG-13,40,658,5.9,2.35,630
2001,b'Amlie', Black and White,Jean-Pierre Jeunet,242,122,0,54,Jamel Debbouze,326,33.201661,Comedy|Romance,Mathieu Kassovitz,534262,809,Isabelle Nanty,0,cheerfulness|female protagonist|garden gnome|magical realism|waitress,http://www.imdb.com/title/tt0211915/?ref_=fn_tt_tt_1,1314,French,France,R,77,326,8.4,2.35,39000
2004,b'New York Minute',Color,Dennie Gordon,70,91,29,762,Bob Saget,976,14.018364,Comedy|Crime|Family|Romance,Mary-Kate Olsen,17722,3974,Riley Smith,1,dog|new york city|scholarship|senator|twin,http://www.imdb.com/title/tt0363282/?ref_=fn_tt_tt_1,111,English,USA,PG,30,799,4.8,1.85,849
1999,b'The Deep End of the Ocean',Color,Ulu Grosbard,54,106,22,613,Treat Williams,2000,13.376506,Drama,Alexa PenaVega,10413,4327,Jonathan Jackson,1,basketball|boy|italian|kidnapping a child|reunion,http://www.imdb.com/title/tt0120646/?ref_=fn_tt_tt_1,111,English,USA,PG-13,40,642,6.3,1.85,579
2002,b'Feardotcom',Color,William Malone,104,101,37,595,Jeffrey Combs,2000,13.208023,Crime|Horror|Thriller,Natascha McElhone,17309,4262,Udo Kier,1,bondage gear|bound and gagged|hung by one's wrists|tied to a chair|tied to a table,http://www.imdb.com/title/tt0295254/?ref_=fn_tt_tt_1,388,English,UK,R,42,886,3.3,2.35,612
2015,b'Victor Frankenstein',Color,Paul McGuigan,159,110,118,287,Spencer Wilding,11000,5.773519,Drama|Horror|Sci-Fi|Thriller,Daniel Radcliffe,28618,12876,Daniel Mays,2,assistant|experiment|frankenstein|medical student|scientist,http://www.imdb.com/title/tt1976009/?ref_=fn_tt_tt_1,91,English,USA,PG-13,40,1000,6,2.35,11000
2008,b'Soul Men',Color,Malcolm D. Lee,88,100,92,706,Sean Hayes,1000,12.081447,Comedy|Drama|Music,Bernie Mac,7794,4103,Mike Epps,2,band|masturbation|reunion|singer|tribute,http://www.imdb.com/title/tt1111948/?ref_=fn_tt_tt_1,25,English,USA,R,0,760,6.5,2.35,866
1980,b'Raise the Titanic',Color,Jerry Jameson,32,119,5,249,Jason Robards,521,7,Action|Adventure|Drama|Thriller,M. Emmet Walsh,2933,1883,Anne Archer,0,military|mineral|ocean|ship|titanic,http://www.imdb.com/title/tt0081400/?ref_=fn_tt_tt_1,70,English,UK,PG,36,372,4.7,2.35,328
1999,b'Universal Soldier: The Return',Color,Mic Rodgers,75,83,7,485,Daniel von Bargen,2000,10.43122,Action|Sci-Fi,Michael Jai White,24216,4024,Xander Berkeley,0,combat|computer|general|military|reporter,http://www.imdb.com/title/tt0176269/?ref_=fn_tt_tt_1,162,English,USA,R,24,577,4.1,1.85,401
2009,b'Pandorum',Color,Christian Alvart,219,108,22,61,Dennis Quaid,12000,10.326062,Action|Horror|Mystery|Sci-Fi|Thriller,Norman Reedus,121432,14127,Eddie Rouse,0,future|mission|space|spaceship|survival,http://www.imdb.com/title/tt1188729/?ref_=fn_tt_tt_1,310,English,Germany,R,33,2000,6.8,2.35,10000
2001,b'Impostor',Color,Gary Fleder,83,102,39,259,Mekhi Phifer,1000,6.114237,Drama|Mystery|Sci-Fi|Thriller,Gary Dourdan,19986,2664,Tim Guinee,4,alien|android|bomb|future|weapon,http://www.imdb.com/title/tt0160399/?ref_=fn_tt_tt_1,207,English,USA,R,40,1000,6.2,1.85,892
2002,b'Extreme Ops',Color,Christian Duguay,53,93,18,443,Bridgette Wilson-Sampras,3000,4.835968,Action|Adventure|Thriller,Rufus Sewell,4821,4123,Rupert Graves,0,commercial|extreme sports|mountain|serbian|terrorist,http://www.imdb.com/title/tt0283160/?ref_=fn_tt_tt_1,82,English,UK,PG-13,40,545,4.5,2.35,158
2001,b'Just Visiting',Color,Jean-Marie Poiré,61,84,8,219,Matt Ross,545,4.777007,Comedy|Fantasy|Sci-Fi,Bridgette Wilson-Sampras,15130,1149,John Aylward,3,alternate history|alternate timeline|flatulence|future time travel|time travel comedy,http://www.imdb.com/title/tt0189192/?ref_=fn_tt_tt_1,98,English,France,PG-13,40,248,5.8,2.35,565
2007,b'Sunshine',Color,Danny Boyle,308,107,0,167,Benedict Wong,11000,3.675072,Adventure|Sci-Fi|Thriller,Chris Evans,190132,11623,Troy Garity,0,astronaut|earth|future|icarus|sun,http://www.imdb.com/title/tt0448134/?ref_=fn_tt_tt_1,801,English,UK,R,26,372,7.3,2.35,15000
2008,b'Delgo',Color,Marc F. Adler,41,94,0,379,Anne Bancroft,795,0.51192,Adventure|Animation|Comedy|Fantasy|Romance,Eric Idle,2458,2449,Kelly Ripa,1,box office flop|computer animation|one word title|surrealism|villainess,http://www.imdb.com/title/tt0361500/?ref_=fn_tt_tt_1,26,English,USA,PG,40,754,4.4,1.85,211
2006,b'Alex Rider: Operation Stormbreaker',Color,Geoffrey Sax,66,93,13,173,Sophie Okonedo,15000,0.652526,Action|Adventure|Family|Thriller,Alex Pettyfer,20201,15638,Ashley Walters,3,14 year old|british|gadget|spy|training,http://www.imdb.com/title/tt0457495/?ref_=fn_tt_tt_1,187,English,Germany,PG,40,460,5.1,2.35,823
1995,b'Hackers',Color,Iain Softley,79,107,34,472,Fisher Stevens,11000,7.564,Comedy|Crime|Drama|Thriller,Angelina Jolie Pitt,54650,13821,Lorraine Bracco,1,computer|computer virus|cyberpunk|fight the system|sexual fantasy,http://www.imdb.com/title/tt0113243/?ref_=fn_tt_tt_1,223,English,USA,PG-13,20,922,6.2,2.35,12000
2005,b'Nomad: The Warrior',Color,Sergey Bodrov,30,112,44,533,Kuno Becker,1000,0.077231,Drama|History|War,Jay Hernandez,3322,2115,Jason Scott Lee,0,1800s|kazakhstan|nomad,http://www.imdb.com/title/tt0374089/?ref_=fn_tt_tt_1,32,Kazakh,France,R,25,580,6,2.35,265
2013,b'Snowpiercer',Color,Joon-ho Bong,488,126,584,398,Ewen Bremner,11000,4.563029,Action|Drama|Sci-Fi|Thriller,Chris Evans,181472,12286,Kang-ho Song,5,closed ecological system|perpetual winter|population control|revolt|train,http://www.imdb.com/title/tt1706620/?ref_=fn_tt_tt_1,514,English,South Korea,R,39.2,557,7,1.85,58000
2004,b'The Last Shot',Color,Jeff Nathanson,42,93,23,596,Glenn Morshower,2000,0.46373,Comedy,Matthew Broderick,3789,5240,Tim Blake Nelson,10,fbi|movie producer|sting operation|undercover|urination,http://www.imdb.com/title/tt0357054/?ref_=fn_tt_tt_1,39,English,USA,R,0,894,5.7,1.85,89
1994,b'The Crow',Color,Alex Proyas,118,98,295,380,Bai Ling,720,50.693162,Action|Drama|Fantasy,Michael Wincott,136580,2630,David Patrick Kelly,0,back from the dead|crime boss|crow|gothic|vigilante,http://www.imdb.com/title/tt0109506/?ref_=fn_tt_tt_1,545,English,USA,R,23,581,7.6,1.85,15000
2015,b'Baahubali: The Beginning',Color,S.S. Rajamouli,44,159,50,72,Anushka Shetty,218,6.498,Action|Adventure|Drama|Fantasy|War,Tamannaah Bhatia,62756,554,Prabhas,1,ancient india|dual role|good versus evil|hindu|kingdom,http://www.imdb.com/title/tt2631186/?ref_=fn_tt_tt_1,410,Telugu,India,0,18.026148,133,8.4,1.85,21000
2009,"b""The Time Traveler's Wife""",Color,Robert Schwentke,214,107,124,100,Brooklynn Proulx,152,63.411478,Drama|Fantasy|Romance|Sci-Fi,Arliss Howard,114925,568,Michelle Nolden,1,jumping on a bed|kissing while having sex|librarian|male objectification|pregnant woman in bathtub,http://www.imdb.com/title/tt0452694/?ref_=fn_tt_tt_1,234,English,USA,PG-13,39,142,7.1,2.35,13000
2001,b'The Fast and the Furious',Color,Rob Cohen,187,106,357,4000,Vin Diesel,23000,144.51231,Action|Crime|Thriller,Paul Walker,272227,45327,Jordana Brewster,2,eighteen wheeler|illegal street racing|truck|trucker|undercover cop,http://www.imdb.com/title/tt0232500/?ref_=fn_tt_tt_1,988,English,USA,PG-13,38,14000,6.7,2.35,14000
2012,b'Frankenweenie', Black and White,Tim Burton,370,87,13000,787,Catherine O'Hara,940,35.287788,Animation|Comedy|Family|Horror|Sci-Fi,Martin Landau,73886,4774,Atticus Shaffer,0,dog|life|remake by original director|science|stop motion animation,http://www.imdb.com/title/tt1142977/?ref_=fn_tt_tt_1,165,English,USA,PG,39,925,7,1.85,25000
2005,b'Serenity',Color,Joss Whedon,276,119,0,279,Sean Maher,2000,25.335935,Action|Adventure|Sci-Fi|Thriller,Adam Baldwin,242599,2853,Michael Hitchcock,0,alliance|cannibalism|future|operative|planet,http://www.imdb.com/title/tt0379786/?ref_=fn_tt_tt_1,1594,English,USA,PG-13,40,505,8,2.35,14000
2004,b'Against the Ropes',Color,Charles S. Dutton,76,110,534,511,Charles S. Dutton,865,5.881504,Biography|Drama|Romance|Sport,Omar Epps,5917,2972,Tim Daly,2,boxer|boxing|boxing arena|boxing manager|directed by co star,http://www.imdb.com/title/tt0312329/?ref_=fn_tt_tt_1,50,English,USA,PG-13,39,534,5.3,2.35,177
2013,b'Grudge Match',Color,Peter Segal,211,113,88,785,Sylvester Stallone,22000,29.802761,Comedy|Sport,Robert De Niro,46480,36009,Oscar Gale,1,broke|promoter|retirement|trainer|training,http://www.imdb.com/title/tt1661382/?ref_=fn_tt_tt_1,115,English,USA,PG-13,40,13000,6.4,1.85,12000
2009,b'The Ugly Truth',Color,Robert Luketic,174,96,126,954,John Michael Higgins,18000,88.915214,Comedy|Romance,Gerard Butler,163665,22436,Eric Winter,2,call in|chick flick|date|hot air balloon|show producer,http://www.imdb.com/title/tt1142988/?ref_=fn_tt_tt_1,169,English,USA,R,38,957,6.5,2.35,9000
1996,b'Sgt. Bilko',Color,Jonathan Lynn,23,93,36,275,Phil Hartman,592,30.4,Comedy,Austin Pendleton,17810,2176,Max Casella,2,greenland|military|revenge|soldier|u.s. soldier,http://www.imdb.com/title/tt0117608/?ref_=fn_tt_tt_1,73,English,USA,PG,39,516,5.7,2.35,478
2002,b'Spy Kids 2: Island of Lost Dreams',Color,Robert Rodriguez,103,100,0,1000,Alexa PenaVega,12000,85.570368,Action|Adventure|Comedy|Family|Sci-Fi,Steve Buscemi,44885,18291,Emily Osment,1,island|mad scientist|scientist|sequel|spy,http://www.imdb.com/title/tt0287717/?ref_=fn_tt_tt_1,107,English,USA,PG,38,2000,5.1,1.85,478
2013,b'The Grandmaster',Color,Kar-Wai Wong,273,122,0,7,Hye-kyo Song,643,6.594136,Action|Biography|Drama,Tony Chiu Wai Leung,24557,943,Elvis Tsui,1,challenge|china|hong kong|martial arts|martial arts master,http://www.imdb.com/title/tt1462900/?ref_=fn_tt_tt_1,111,Mandarin,Hong Kong,PG-13,38.6,290,6.5,2.35,13000
2011,b'Water for Elephants',Color,Francis Lawrence,279,120,508,1000,Christoph Waltz,21000,58.700247,Drama|Romance,Robert Pattinson,95367,36062,James Frain,1,circus|circus vargas|elephant|fear|train,http://www.imdb.com/title/tt1067583/?ref_=fn_tt_tt_1,260,English,USA,PG-13,38,11000,6.9,2.35,33000
2001,b'Heartbreakers',Color,David Mirkin,116,123,7,692,Anne Bancroft,931,40.334024,Comedy|Crime|Romance,Sarah Silverman,44168,2912,Jeffrey Jones,3,bank|infidelity|millionaire|money|scam,http://www.imdb.com/title/tt0125022/?ref_=fn_tt_tt_1,216,English,USA,PG-13,35,754,6.2,2.35,989
2015,b'Paul Blart: Mall Cop 2',Color,Andy Fickman,76,94,99,377,Daniella Alonso,598,71.03819,Action|Comedy|Crime,D.B. Woodside,23473,3552,Eduardo Verástegui,1,character name in title|no opening credits|sequel|wilhelm scream,http://www.imdb.com/title/tt3450650/?ref_=fn_tt_tt_1,123,English,USA,PG,30,557,4.4,1.85,8000
2001,b'Angel Eyes',Color,Luis Mandoki,106,102,43,280,Shirley Knight,308,24.044532,Drama|Romance,Sonia Braga,19686,1440,Kari Matchett,0,apartment|fate|gun|love|mysterious man,http://www.imdb.com/title/tt0225071/?ref_=fn_tt_tt_1,180,English,USA,R,38,285,5.6,1.85,689
2001,b'Joe Somebody',Color,John Pasquin,55,98,11,466,Ken Marino,854,22.770864,Comedy|Drama,Jim Belushi,8433,2765,Kelly Lynch,1,bully|co worker|divorce|fight|karate,http://www.imdb.com/title/tt0279889/?ref_=fn_tt_tt_1,85,English,USA,PG,38,543,5.5,1.85,168
1996,b'Extreme Measures',Color,Michael Apted,47,118,150,182,Paul Guilfoyle,24000,17.305211,Crime|Drama|Mystery|Thriller,J.K. Simmons,14066,24547,Bill Nunn,0,cartoon on tv|doctor|emergency room|hospital|nudity,http://www.imdb.com/title/tt0116259/?ref_=fn_tt_tt_1,75,English,USA,R,38,210,6.1,2.35,352
2009,b'Precious',Color,Lee Daniels,323,109,304,736,Gabourey Sidibe,940,47.536959,Drama,Mo'Nique,86955,3277,Mariah Carey,0,abuse|african american lesbian|lesbian|lesbian couple|school,http://www.imdb.com/title/tt0929632/?ref_=fn_tt_tt_1,275,English,USA,R,10,906,7.3,1.85,12000
1996,b'White Squall',Color,Ridley Scott,37,129,0,982,Jason Marsden,12000,10.3,Adventure|Drama,Jeff Bridges,17859,16237,Ethan Embry,4,acrophobia|jamaica|male bonding|prostitute|tragedy,http://www.imdb.com/title/tt0118158/?ref_=fn_tt_tt_1,89,English,USA,PG-13,38,1000,6.6,2.35,911
1982,b'The Thing',Color,John Carpenter,297,109,0,145,Richard Masur,957,13.782838,Horror|Mystery|Sci-Fi,Wilford Brimley,258078,1757,David Clennon,0,alien creature|alien life form|antarctica|isolation|paranoia,http://www.imdb.com/title/tt0084787/?ref_=fn_tt_tt_1,911,English,USA,R,15,163,8.2,2.35,23000
2013,b'Riddick',Color,David Twohy,302,127,123,904,Nolan Gerard Funk,14000,41.99779,Action|Sci-Fi|Thriller,Vin Diesel,125305,17551,Bokeem Woodbine,0,alien|left for dead|mercenary|survival|vomiting,http://www.imdb.com/title/tt1411250/?ref_=fn_tt_tt_1,343,English,USA,R,38,924,6.4,2.35,39000
1997,b'Switchback',Color,Jeb Stuart,38,118,11,12,Claudia Stedelin,37,6.482195,Crime|Mystery|Thriller,Gregory Scott Cummins,9740,74,Ted Markland,1,deputy|fbi agent|knife held to throat|serial killer|sheriff,http://www.imdb.com/title/tt0119210/?ref_=fn_tt_tt_1,81,English,USA,R,37,12,6.4,2.35,389
2001,b'Texas Rangers',Color,Steve Miner,31,110,49,427,Usher Raymond,1000,0.623374,Action|Adventure|Drama|Thriller|Western,Tom Skerritt,4757,2120,Leonor Varela,2,army|mexican|orphan|texas|texas ranger,http://www.imdb.com/title/tt0193560/?ref_=fn_tt_tt_1,67,English,USA,PG-13,38,569,5.2,2.35,474
2012,b'The Master',Color,Paul Thomas Anderson,546,144,0,15,Jeffrey W. Jenkins,378,16.377274,Drama,Mike Howard,105144,427,Bruce Goodchild,31,drifter|past life regression|psychological testing|right hand man|scientology,http://www.imdb.com/title/tt1560747/?ref_=fn_tt_tt_1,405,English,USA,R,32,18,7.1,1.85,27000
2007,b'Virgin Territory',Color,David Leland,21,97,2,217,Ryan Cartwright,4000,0,Adventure|Comedy|History|Romance,Hayden Christensen,6691,4900,David Walliams,2,breasts|nude nun|plague|russian nobleman|two word title,http://www.imdb.com/title/tt0437954/?ref_=fn_tt_tt_1,28,English,Italy,R,38,476,4.8,1.85,366
2016,b'The 5th Wave',Color,J Blakeson,194,112,5,724,Maggie Siff,17000,34.912982,Action|Adventure|Sci-Fi|Thriller,Chloë Grace Moretz,55617,19974,Nick Robinson,0,alien|attack|based on novel|based on young adult novel|fear,http://www.imdb.com/title/tt2304933/?ref_=fn_tt_tt_1,266,English,USA,PG-13,38,1000,5.2,2.35,14000
2015,b'Creed',Color,Ryan Coogler,437,133,0,531,Phylicia Rashad,13000,109.712885,Drama|Sport,Sylvester Stallone,146708,15106,Graham McTavish,1,boxing|boxing match|fight|montage|philadelphia,http://www.imdb.com/title/tt3076658/?ref_=fn_tt_tt_1,362,English,USA,PG-13,35,597,7.7,2.35,70000
2010,b'The Town',Color,Ben Affleck,378,150,0,206,Jon Hamm,10000,92.173235,Crime|Drama|Thriller,Jeremy Renner,280228,14296,Owen Burke,7,bank manager|bank robbery|criminal gang|heist|prison,http://www.imdb.com/title/tt0840361/?ref_=fn_tt_tt_1,420,English,USA,R,37,4000,7.6,2.35,29000
2012,"b""What to Expect When You're Expecting""",Color,Kirk Jones,170,110,52,651,Dennis Quaid,10000,41.102171,Comedy|Drama|Romance,Anna Kendrick,57266,13396,Thomas Lennon,12,baby|expecting twins|hawaiian shirt|photographer|pregnancy,http://www.imdb.com/title/tt1586265/?ref_=fn_tt_tt_1,89,English,USA,PG-13,40,2000,5.7,2.35,14000
2013,b'Rush',Color,Ron Howard,393,123,2000,471,Olivia Wilde,26000,26.903709,Action|Biography|Drama|Sport,Chris Hemsworth,312629,37206,Alexandra Maria Lara,0,1970s|female rear nudity|formula 1|rivalry|sex with a nurse,http://www.imdb.com/title/tt1979320/?ref_=fn_tt_tt_1,475,English,UK,R,38,10000,8.1,2.35,83000
1999,b'Magnolia',Color,Paul Thomas Anderson,224,188,0,272,Neil Flynn,786,22.450975,Drama,Patton Oswalt,241030,1906,Jim Meskimen,1,abusive father|coincidence|fictional game show|fictional quiz show|multiple storyline,http://www.imdb.com/title/tt0175880/?ref_=fn_tt_tt_1,1437,English,USA,R,37,625,8,2.35,13000
2016,b'How to Be Single',Color,Christian Ditter,148,110,11,591,Damon Wayans Jr.,2000,46.813366,Comedy|Romance,Alison Brie,39440,4882,Nicholas Braun,4,motor scooter|new york city|newborn baby|scooter|single,http://www.imdb.com/title/tt1292566/?ref_=fn_tt_tt_1,83,English,USA,R,38,756,6.1,2.35,15000
2008,b'Twilight',Color,Catherine Hardwicke,350,122,308,10000,Taylor Lautner,17000,191.449475,Drama|Fantasy|Romance,Kristen Stewart,348007,44060,Anna Kendrick,1,blood|high school|love|school|vampire,http://www.imdb.com/title/tt1099212/?ref_=fn_tt_tt_1,1535,English,USA,PG-13,37,12000,5.2,2.35,19000
2013,"b""We're the Millers""",Color,Rawson Marshall Thurber,289,118,43,651,Molly C. Quinn,740,150.368971,Comedy|Crime,Laura-Leigh,316671,3425,Thomas Lennon,4,fake family|male frontal nudity|marijuana|mexico|stripper,http://www.imdb.com/title/tt1723121/?ref_=fn_tt_tt_1,301,English,USA,R,37,707,7,2.35,35000
2009,b'Obitaemyy ostrov',Color,Fedor Bondarchuk,14,115,35,30,Fedor Bondarchuk,463,0,Action|Adventure|Sci-Fi,Yuliya Snigir,4387,599,Aleksey Serebryakov,0,22nd century|first part|friend|guard|space opera,http://www.imdb.com/title/tt0972558/?ref_=fn_tt_tt_1,21,Russian,Russia,0,29.5,35,5.3,0,240
2010,b'Hot Tub Time Machine',Color,Steve Pink,265,101,38,318,Collette Wolfe,496,50.213619,Comedy|Sci-Fi,Charlie McDermott,139184,1272,Crystal Lowe,8,cheating wife|drug reference|maintenance man|male vomiting|promiscuous woman,http://www.imdb.com/title/tt1231587/?ref_=fn_tt_tt_1,243,English,USA,R,36,390,6.4,1.85,12000
2000,b'Reindeer Games',Color,John Frankenheimer,126,124,287,475,James Frain,9000,23.360779,Action|Adventure|Crime|Drama|Family|Fantasy|Romance|Thriller,Charlize Theron,31113,10838,Clarence Williams III,0,casino|christmas|christmas season|girlfriend|release from prison,http://www.imdb.com/title/tt0184858/?ref_=fn_tt_tt_1,212,English,USA,R,34,1000,5.7,2.35,852
2015,b'Aloha',Color,Cameron Crowe,138,105,488,13000,Bradley Cooper,15000,20.991497,Comedy|Drama|Romance,Emma Stone,39778,44037,Bill Murray,1,box office flop|critically bashed|hawaii|one word title|written by director,http://www.imdb.com/title/tt1243974/?ref_=fn_tt_tt_1,172,English,USA,PG-13,37,14000,5.4,1.85,11000
1996,b'Ghosts of Mississippi',Color,Rob Reiner,31,130,0,723,Virginia Madsen,2000,13.052741,Drama|History,Alexa PenaVega,8531,3968,Craig T. Nelson,0,activist|assassin|civil rights|trial|widow,http://www.imdb.com/title/tt0116410/?ref_=fn_tt_tt_1,57,English,USA,PG-13,36,912,6.7,1.85,591
1999,b'Snow Falling on Cedars',Color,Scott Hicks,95,127,96,577,Reeve Carney,746,14.378353,Drama|Mystery|Romance|Thriller,Rick Yune,12375,2393,Daniel von Bargen,1,fisherman|japanese|love|trial|washington state,http://www.imdb.com/title/tt0120834/?ref_=fn_tt_tt_1,194,English,USA,PG-13,36,602,6.8,2.35,846
2011,b'The Rite',Color,Mikael Håfström,267,114,101,2000,Colin O'Donoghue,12000,33.037754,Drama|Horror|Mystery|Thriller,Anthony Hopkins,75864,19904,Toby Jones,1,demon|exorcism|exorcist|faith|seminary,http://www.imdb.com/title/tt1161864/?ref_=fn_tt_tt_1,197,English,USA,PG-13,37,3000,6,2.35,23000
1997,b'Gattaca',Color,Andrew Niccol,175,106,487,263,Xander Berkeley,685,12.339633,Drama|Sci-Fi|Thriller,Blair Underwood,220591,1942,Mason Gamble,2,accident|future|genetics|mission|police,http://www.imdb.com/title/tt0119177/?ref_=fn_tt_tt_1,641,English,USA,PG-13,36,485,7.8,2.35,17000
2000,"b""Isn't She Great""",Color,Andrew Bergman,63,95,31,450,Nathan Lane,944,2.954405,Biography|Comedy|Romance,Stockard Channing,1977,2928,John Larroquette,0,autistic son|cancer|female protagonist|new york city|son,http://www.imdb.com/title/tt0141399/?ref_=fn_tt_tt_1,64,English,USA,R,36,886,5.3,1.85,133
2008,b'Space Chimps',Color,Kirk De Micco,85,81,16,387,Kenan Thompson,541,30.105968,Adventure|Animation|Comedy|Family|Sci-Fi,Cheryl Hines,8860,2268,Omid Abtahi,0,astronaut|attacked by a plant|planet|senator|space travel,http://www.imdb.com/title/tt0482603/?ref_=fn_tt_tt_1,45,English,USA,G,37,521,4.5,2.35,279
2003,b'Head of State',Color,Chris Rock,44,95,0,642,Dylan Baker,1000,37.788228,Comedy,Bernie Mac,15046,4537,Tracy Morgan,1,alderman|party|president|presidential candidate|washington d.c.,http://www.imdb.com/title/tt0325537/?ref_=fn_tt_tt_1,80,English,USA,PG-13,35.2,812,5.4,1.85,638
2009,b'The Hangover',Color,Todd Phillips,334,108,480,706,Rob Riggle,14000,277.313371,Comedy,Bradley Cooper,583341,17623,Mike Epps,3,drunkenness|female nudity|hangover|hedonism|morning after,http://www.imdb.com/title/tt1119646/?ref_=fn_tt_tt_1,626,English,USA,R,35,839,7.8,2.35,24000
2015,b'Ip Man 3',Color,Wilson Yip,78,105,25,51,Lynn Hung,461,2.126511,Action|Biography|Drama|History,Mike Tyson,21912,615,Kwok-Kwan Chan,0,1950s|cancer|hong kong|martial arts school|wing chun,http://www.imdb.com/title/tt2888046/?ref_=fn_tt_tt_1,45,Cantonese,Hong Kong,PG-13,36,79,7.2,2.35,12000
1989,b'Batman',Color,Tim Burton,186,126,13000,488,Jack Palance,920,251.188924,Action|Adventure,Michael Gough,269033,2725,William Hootkins,0,city|dc comics|gotham|pantyhose|police,http://www.imdb.com/title/tt0096895/?ref_=fn_tt_tt_1,817,English,USA,PG-13,35,549,7.6,1.85,12000
2011,b'There Be Dragons',Color,Roland Joffé,77,102,596,785,Dougray Scott,877,1.068392,Biography|Drama|War,Jordi Mollà,3865,3497,Lily Cole,0,dying|forgiveness|saint|spanish civil war|starts with narration,http://www.imdb.com/title/tt1316616/?ref_=fn_tt_tt_1,53,English,Spain,PG-13,36,794,5.9,2.35,2000
2009,b'The Blind Side',Color,John Lee Hancock,261,129,102,624,Quinton Aaron,768,255.950375,Biography|Drama|Sport,Catherine Dyer,223127,3389,Kim Dickens,0,american football|based on true story|football star|high school football|left tackle,http://www.imdb.com/title/tt0878804/?ref_=fn_tt_tt_1,420,English,USA,PG-13,29,734,7.7,1.85,38000
2011,b'Horrible Bosses',Color,Seth Gordon,340,106,91,64,Lindsay Sloane,18000,117.528646,Comedy|Crime,Kevin Spacey,353442,18669,Reginald Ballard,5,black comedy|boss|chemical company|dental assistant|murder,http://www.imdb.com/title/tt1499658/?ref_=fn_tt_tt_1,387,English,USA,R,35,464,6.9,2.35,31000
2010,b'True Grit',Color,Ethan Coen,493,110,1000,538,Jeff Bridges,13000,171.031347,Adventure|Drama|Western,Matt Damon,240962,25964,Bruce Green,0,arkansas|murder|sheriff|texas ranger|u.s. marshal,http://www.imdb.com/title/tt1403865/?ref_=fn_tt_tt_1,724,English,USA,PG-13,38,12000,7.7,2.35,36000
2013,b'Identity Thief',Color,Seth Gordon,275,120,91,680,Eric Stonestreet,4000,134.455175,Comedy|Crime,Jon Favreau,97664,5826,T.I.,2,bounty hunter|credit card|cross country|identity|police,http://www.imdb.com/title/tt2024432/?ref_=fn_tt_tt_1,232,English,USA,R,35,904,5.7,2.35,17000
2015,b'Trainwreck',Color,Judd Apatow,332,129,0,213,Randall Park,492,110.00826,Comedy|Romance,Amy Schumer,94241,1450,Josh Segarra,1,actress playing herself|actress shares first name with character|fired from a job|male nudity|written by star,http://www.imdb.com/title/tt3152624/?ref_=fn_tt_tt_1,309,English,Japan,R,35,392,6.3,2.35,25000
2005,b'Guess Who',Color,Kevin Rodney Sullivan,104,105,8,278,Nicole Sullivan,1000,67.962333,Comedy|Romance,Bernie Mac,33887,2689,Sherri Shepherd,2,argument|engagement|family relationships|love|undressing,http://www.imdb.com/title/tt0372237/?ref_=fn_tt_tt_1,160,English,USA,PG-13,35,358,5.9,1.85,919
1997,b'L.A. Confidential',Color,Curtis Hanson,177,138,161,210,Matt McCoy,18000,64.604977,Crime|Drama|Mystery|Thriller,Kevin Spacey,414219,19129,Paul Guilfoyle,2,1950s|call girl|corruption|murder|police detective,http://www.imdb.com/title/tt0119488/?ref_=fn_tt_tt_1,625,English,USA,R,35,398,8.3,2.35,11000
1984,b'A Nightmare on Elm Street',Color,Wes Craven,256,101,0,574,Lin Shaye,40000,26.505,Horror,Johnny Depp,149285,42918,Amanda Wyss,1,freddy krueger|lucid dream|serial killer|slasher|sleep deprivation,http://www.imdb.com/title/tt0087800/?ref_=fn_tt_tt_1,668,English,USA,X,1.8,852,7.5,1.85,10000
2011,b'Friends with Benefits',Color,Will Gluck,238,109,87,923,Justin Timberlake,15000,55.802754,Comedy|Romance,Mila Kunis,270228,20956,Masi Oka,2,blow job|female rear nudity|girl in panties|male objectification|no panties,http://www.imdb.com/title/tt1632708/?ref_=fn_tt_tt_1,194,English,USA,R,35,3000,6.6,2.35,41000
2013,b'Saving Mr. Banks',Color,John Lee Hancock,405,125,102,825,Ruth Wilson,15000,83.299761,Biography|Comedy|Drama|History|Music,Tom Hanks,117719,19809,B.J. Novak,2,author|disney|loss of father|reference to walt disney|suppression of emotion,http://www.imdb.com/title/tt2140373/?ref_=fn_tt_tt_1,306,English,USA,PG-13,35,2000,7.5,2.35,39000
2012,b'This Is 40',Color,Judd Apatow,285,134,0,120,Maude Apatow,529,67.523385,Comedy,Charlyne Yi,104005,1050,Mackenzie Aladjem,2,40th birthday|aging|birthday|sex|viagra,http://www.imdb.com/title/tt1758830/?ref_=fn_tt_tt_1,248,English,USA,R,35,130,6.2,2.35,18000
2007,b'License to Wed',Color,Ken Kwapis,120,91,42,766,Christine Taylor,49000,43.792641,Comedy|Romance,Robin Williams,32157,52566,Mindy Kaling,3,box office flop|church|kissing|usa|wedding,http://www.imdb.com/title/tt0762114/?ref_=fn_tt_tt_1,119,English,USA,PG-13,35,838,5.3,2.35,913
1982,b'Poltergeist',Color,Tobe Hooper,223,120,365,723,Zelda Rubinstein,887,76.6,Fantasy|Horror,Heather O'Rourke,105446,3876,Craig T. Nelson,0,ghost|haunted|haunting|house|paranormal investigator,http://www.imdb.com/title/tt0084516/?ref_=fn_tt_tt_1,321,English,USA,PG,10.7,770,7.4,2.35,11000
2011,b'In Time',Color,Andrew Niccol,360,109,487,3000,Olivia Wilde,20000,37.553932,Action|Sci-Fi|Thriller,Matt Bomer,304318,34011,Justin Timberlake,2,currency|future|murder|on the run|time,http://www.imdb.com/title/tt1637688/?ref_=fn_tt_tt_1,463,English,USA,PG-13,40,10000,6.7,2.35,52000
2011,b'Something Borrowed',Color,Luke Greenfield,128,112,42,196,Steve Howey,969,39.026186,Comedy|Drama|Romance,Ashley Williams,48019,2371,Kirsten Day,4,best friend|crush|law school|lawyer|loud sex,http://www.imdb.com/title/tt0491152/?ref_=fn_tt_tt_1,153,English,USA,PG-13,35,826,5.9,1.85,13000
2002,b'The Pianist', Black and White,Roman Polanski,193,150,2000,95,Frank Finlay,396,32.519322,Biography|Drama|War,Emilia Fox,497946,1075,Ed Stoppard,0,ghetto|holocaust|jewish|piano|warsaw ghetto,http://www.imdb.com/title/tt0253474/?ref_=fn_tt_tt_1,761,English,France,R,35,338,8.5,1.85,21000
2004,b'Closer',Color,Mike Nichols,212,98,0,23,Julia Roberts,20000,33.987757,Drama|Romance,Natalie Portman,168314,28027,Colin Stinton,2,cheating wife|film camera|hasselblad camera|leica camera|medium format camera,http://www.imdb.com/title/tt0376541/?ref_=fn_tt_tt_1,903,English,USA,R,27,8000,7.3,1.85,12000
2011,b'J. Edgar',Color,Clint Eastwood,392,137,16000,363,Naomi Watts,29000,37.30495,Biography|Crime|Drama,Leonardo DiCaprio,102728,36258,Kaitlyn Dever,0,agent|fbi|federal bureau of investigation|gay relationship|secret,http://www.imdb.com/title/tt1616195/?ref_=fn_tt_tt_1,279,English,USA,R,35,6000,6.6,2.35,16000
2008,b'Mirrors',Color,Alexandre Aja,208,112,192,844,Cameron Boyce,1000,30.691439,Horror|Mystery,Jason Flemyng,86205,3185,Julian Glover,0,estranged wife|evil|fire|medication|mirror,http://www.imdb.com/title/tt0790686/?ref_=fn_tt_tt_1,232,English,USA,R,35,915,6.2,2.35,5000
1980,b'Flash Gordon',Color,Mike Hodges,100,111,24,455,William Hootkins,591,0,Action|Adventure|Sci-Fi,Brian Blessed,38017,2603,Sam J. Jones,1,american football|cult film|emperor|flash gordon|mind reading,http://www.imdb.com/title/tt0080745/?ref_=fn_tt_tt_1,247,English,UK,PG,20,488,6.4,2.35,12000
2012,b'Alex Cross',Color,Rob Cohen,211,101,357,374,Chad Lindberg,907,25.863915,Action|Crime|Mystery|Thriller,Cicely Tyson,28257,2471,Carmen Ejogo,0,assassin|detective|partner|police|serial killer,http://www.imdb.com/title/tt1712170/?ref_=fn_tt_tt_1,151,English,USA,PG-13,35,445,5.1,2.35,11000
1992,b'Hoffa',Color,Danny DeVito,32,140,0,210,J.T. Walsh,436,24.2765,Biography|Crime|Drama,Frank Whaley,17124,1394,Paul Guilfoyle,2,labor|labor union|leader|mafia|union,http://www.imdb.com/title/tt0104427/?ref_=fn_tt_tt_1,68,English,USA,R,35,263,6.6,2.35,949
2015,b'Concussion',Color,Peter Landesman,219,123,15,745,Eddie Marsan,10000,34.531832,Biography|Drama|Sport,Will Smith,44788,13371,Albert Brooks,0,chronic traumatic encephalopathy|concussion|football|football player|pathologist,http://www.imdb.com/title/tt3322364/?ref_=fn_tt_tt_1,138,English,UK,PG-13,35,979,7.1,2.35,23000
2011,b'Abduction',Color,John Singleton,180,106,309,63,Benjamin J. Cain Jr.,327,28.064226,Action|Mystery|Thriller,Ken Arnold,65044,561,Richard Cetrone,1,assassin|high school|on the run|teenager|website,http://www.imdb.com/title/tt1600195/?ref_=fn_tt_tt_1,173,English,USA,PG-13,35,73,5,2.35,13000
2005,b'Valiant',Color,Gary Chapman,93,76,2,72,Olivia Williams,1000,19.447478,Adventure|Animation|Comedy|Family|War,Jim Broadbent,15788,1908,Pip Torrens,0,dove|falcon|nursing|pigeon|psychological torture,http://www.imdb.com/title/tt0361089/?ref_=fn_tt_tt_1,80,English,UK,G,35,766,5.6,1.85,538
2012,b'Premium Rush',Color,David Koepp,248,91,192,346,Dania Ramirez,23000,20.275446,Action|Crime|Thriller,Joseph Gordon-Levitt,95274,24669,Aasif Mandvi,0,chase|courier|delivery|envelope|police,http://www.imdb.com/title/tt1547234/?ref_=fn_tt_tt_1,178,English,USA,PG-13,35,1000,6.5,2.35,20000
2013,b'Parker',Color,Taylor Hackford,224,118,138,458,Clifton Collins Jr.,26000,17.609982,Action|Crime|Romance|Thriller,Jason Statham,90046,28479,Wendell Pierce,0,action hero|disguise|hospital|real estate agent|thief,http://www.imdb.com/title/tt1904996/?ref_=fn_tt_tt_1,141,English,USA,R,35,968,6.2,2.35,17000
1991,b'Flight of the Intruder',Color,John Milius,13,115,468,150,Dann Florek,605,14.587732,Action|Drama|Thriller|War,Rosanna Arquette,4795,1290,Christopher Rich,3,bombardier|pilot|u.s. navy|vietnam|vietnam war,http://www.imdb.com/title/tt0099587/?ref_=fn_tt_tt_1,39,English,USA,PG-13,35,367,5.7,2.35,452
2001,b'American Outlaws',Color,Les Mayfield,44,94,10,141,Ronny Cox,694,13.264986,Action|Western,Gregory Smith,12077,1668,Harris Yulin,2,legend|old west|outlaw|railroad|stealing from the rich,http://www.imdb.com/title/tt0244000/?ref_=fn_tt_tt_1,162,English,USA,PG-13,35,605,6,1.85,433
2011,b'The Tree of Life',Color,Terrence Malick,584,139,0,687,Tye Sheridan,11000,13.303319,Drama|Fantasy,Brad Pitt,136367,13021,Fiona Shaw,0,1950s|children|ice cube|texas|waco texas,http://www.imdb.com/title/tt0478304/?ref_=fn_tt_tt_1,975,English,USA,PG-13,32,1000,6.7,1.85,39000
1998,b'Knock Off',Color,Hark Tsui,67,91,85,105,Lela Rochon,635,10.076136,Action|Comedy|Thriller,Paul Sorvino,11512,1352,Ray Nicholas,0,cia|hong kong|market|undercover|van,http://www.imdb.com/title/tt0120724/?ref_=fn_tt_tt_1,141,English,Aruba,R,35,316,4.8,2.35,471
2014,b'Sabotage',Color,David Ayer,233,109,453,120,Martin Donovan,1000,10.499968,Action|Crime|Drama|Thriller,Mireille Enos,47498,1458,Maurice Compte,3,dea|drug cartel|kicked in the crotch|strip club|tough girl,http://www.imdb.com/title/tt1742334/?ref_=fn_tt_tt_1,212,English,USA,R,35,206,5.7,1.85,10000
2003,b'The Order',Color,Brian Helgeland,112,102,241,127,Mark Addy,13000,7.659747,Action|Mystery|Thriller,Heath Ledger,14962,14165,Benno Fürmann,1,death|exorcism|heaven|priest|sin eater,http://www.imdb.com/title/tt0304711/?ref_=fn_tt_tt_1,204,English,USA,R,38,891,5.1,1.85,704
2006,b'Zoom',Color,Peter Hewitt,63,83,12,690,Rip Torn,2000,11.631245,Action|Adventure|Family|Sci-Fi,Kevin Zegers,15015,5022,Thomas F. Wilson,5,bruise|female hero|super strength|superhero|teenage superhero,http://www.imdb.com/title/tt0383060/?ref_=fn_tt_tt_1,113,English,USA,PG,35,826,4.2,1.85,494
2015,b'The Walk',Color,Robert Zemeckis,335,123,0,6,Soleyman Pierini,23000,10.137502,Adventure|Biography|Drama|Thriller,Joseph Gordon-Levitt,77394,23031,Jade Kindar-Martin,0,1970s|based on true story|new york city|skyscraper|tightrope walker,http://www.imdb.com/title/tt3488710/?ref_=fn_tt_tt_1,195,English,USA,PG,35,22,7.4,2.35,24000
2006,b'A Good Year',Color,Ridley Scott,147,117,0,567,Albert Finney,883,7.458269,Comedy|Drama|Romance,Archie Panjabi,70698,3611,Richard Coyle,1,based on novel|inheritance|provence|uncle|wine,http://www.imdb.com/title/tt0401445/?ref_=fn_tt_tt_1,196,English,USA,PG-13,35,883,6.9,2.35,9000
1992,b'Radio Flyer',Color,Richard Donner,10,114,503,697,Thomas Ian Nicholas,2000,4.651977,Drama,Adam Baldwin,10410,4334,John Heard,3,father son relationship|physical abuse|radio flyer|stepfather|stepfather stepson relationship,http://www.imdb.com/title/tt0105211/?ref_=fn_tt_tt_1,71,English,USA,PG-13,35,864,6.9,2.35,892
1993,"b'Blood In, Blood Out'",Color,Taylor Hackford,12,189,138,672,Jesse Borrego,848,4.496583,Crime|Drama,Delroy Lindo,23181,3227,Raymond Cruz,2,1970s|1980s|barrio|gang war|mexican,http://www.imdb.com/title/tt0106469/?ref_=fn_tt_tt_1,129,English,USA,R,35,674,8,1.66,6000
1997,"b""Smilla's Sense of Snow""",Color,Bille August,50,121,55,918,Tom Wilkinson,1000,2.221994,Action|Drama|Sci-Fi|Thriller,Jim Broadbent,11747,3125,Julia Ormond,1,boy|greenland|neighbor|roof|snow,http://www.imdb.com/title/tt0120152/?ref_=fn_tt_tt_1,99,English,Denmark,R,35,1000,6.4,2.35,561
2002,b'Femme Fatale',Color,Brian De Palma,149,114,0,115,Gregg Henry,548,6.592103,Crime|Drama|Mystery|Thriller,Peter Coyote,28584,1005,Rie Rasmussen,1,ambassador|cannes|identity|suicide|thief,http://www.imdb.com/title/tt0280665/?ref_=fn_tt_tt_1,232,English,France,R,35,298,6.3,1.85,675
1995,b'The Horseman on the Roof',Color,Jean-Paul Rappeneau,28,135,22,45,François Cluzet,837,1.877179,Adventure|Drama|Romance|War,Olivier Martinez,4885,1508,Isabelle Carré,1,austrian|breasts|cholera|police|provence,http://www.imdb.com/title/tt0113362/?ref_=fn_tt_tt_1,25,French,France,R,0,541,7.1,2.35,262
1999,b'Ride with the Devil',Color,Ang Lee,95,148,0,0,Jeffrey Dover,3,0.630779,Drama|Romance|War|Western,Jeremy W. Auman,11101,5,Tobey Maguire,0,bushwhacker|friend|honor|kansas|raid,http://www.imdb.com/title/tt0134154/?ref_=fn_tt_tt_1,159,English,USA,R,35,2,6.8,2.35,633
2010,b'Biutiful',Color,Alejandro G. Iñárritu,288,148,0,7,Hanaa Bouchaib,30,5.100937,Drama,Maricel Álvarez,68885,50,Eduard Fernández,0,children|chinese|illegal immigrant|immigrant|male ponytail,http://www.imdb.com/title/tt1164999/?ref_=fn_tt_tt_1,127,Spanish,Mexico,R,0,9,7.5,2.35,29000
2015,b'The Lovers',Color,Roland Joffé,10,109,596,282,Alice Englert,621,0,Action|Adventure|Romance|Sci-Fi,Tamsin Egerton,2138,1980,Bipasha Basu,3,1770s|british india|great barrier reef|india|ring,http://www.imdb.com/title/tt1321869/?ref_=fn_tt_tt_1,15,English,Belgium,R,0,525,4.5,0,677
2009,b'Black Water Transit',Color,Tony Kaye,0,0,194,816,Aisha Tyler,970,0,Crime|Drama,Bill Cobbs,219,3874,Beverly D'Angelo,0,based on novel,http://www.imdb.com/title/tt0490087/?ref_=fn_tt_tt_1,0,English,USA,0,23,856,7.2,0,26
2014,b'The Maze Runner',Color,Wes Ball,297,113,47,129,Aml Ameen,988,102.413606,Action|Mystery|Sci-Fi|Thriller,Ki Hong Lee,310903,1783,Jacob Latimore,0,based on novel|concrete wall|maze|open ended|teenage boy,http://www.imdb.com/title/tt1790864/?ref_=fn_tt_tt_1,524,English,USA,PG-13,34,149,6.8,2.35,38000
2006,b'The Fountain',Color,Darren Aronofsky,274,96,0,1000,Ellen Burstyn,20000,10.139254,Drama|Sci-Fi,Hugh Jackman,190990,24640,Mark Margolis,0,eternity|love|mayan|tree|tree of life,http://www.imdb.com/title/tt0414993/?ref_=fn_tt_tt_1,915,English,USA,PG-13,35,1000,7.3,1.85,23000
1999,b'Chill Factor',Color,Hugh Johnson,68,102,3,239,Kevin J. O'Connor,372,11.22794,Action|Adventure|Comedy|Drama|Thriller,David Paymer,8367,1274,Hudson Leick,0,colonel|ice|ice cream truck|military|u.s. army,http://www.imdb.com/title/tt0163579/?ref_=fn_tt_tt_1,94,English,USA,R,34,248,5.2,2.35,120
2015,b'The Longest Ride',Color,George Tillman Jr.,117,128,88,954,Melissa Benoist,989,37.432299,Drama|Romance,Tiago Riani,50041,3386,Hayley Lovitt,0,1940s|art collector|bull riding|north carolina|student,http://www.imdb.com/title/tt2726560/?ref_=fn_tt_tt_1,116,English,USA,PG-13,34,970,7.1,2.35,23000
1999,"b""The Astronaut's Wife""",Color,Rand Ravich,107,109,7,1000,Charlize Theron,40000,10.654581,Drama|Sci-Fi|Thriller,Johnny Depp,45497,52621,Clea DuVall,0,astronaut|electrocuted in bathtub|mission|pilot|sister,http://www.imdb.com/title/tt0138304/?ref_=fn_tt_tt_1,260,English,USA,R,34,9000,5.3,1.85,1000
2000,b'I Dreamed of Africa',Color,Hugh Hudson,52,114,46,292,Eva Marie Saint,818,6.543194,Adventure|Drama|Romance,Liam Aiken,3740,1778,Vincent Perez,1,dream|italian|kenya|ranch|snake,http://www.imdb.com/title/tt0167203/?ref_=fn_tt_tt_1,61,English,USA,PG-13,34,649,5.6,2.35,314
2013,b'Mandela: Long Walk to Freedom',Color,Justin Chadwick,211,141,56,38,Fana Mokoena,113,8.324748,Biography|Drama|History,Terry Pheto,21223,301,Tony Kgoroge,1,africa|apartheid|nelson mandela|president|resistance,http://www.imdb.com/title/tt2304771/?ref_=fn_tt_tt_1,108,English,UK,PG-13,35,98,7.1,2.35,13000
2001,b'Exit Wounds',Color,Andrzej Bartkowiak,107,101,43,655,Bill Duke,2000,51.758599,Action|Comedy|Crime|Drama|Thriller,Michael Jai White,27580,5942,Bruce McGill,0,corrupt cop|drug dealer|drugs|heroin|vice president,http://www.imdb.com/title/tt0242445/?ref_=fn_tt_tt_1,232,English,USA,R,33,1000,5.5,2.35,742
2000,"b""Big Momma's House""",Color,Raja Gosnell,100,99,67,330,Cedric the Entertainer,826,117.559438,Action|Comedy|Crime,Nia Long,66941,1790,Tichina Arnold,1,disguise|fbi|female impersonation|gender disguise|obesity,http://www.imdb.com/title/tt0208003/?ref_=fn_tt_tt_1,148,English,USA,PG-13,30,436,5.1,1.85,1000
2012,b'Step Up Revolution',Color,Scott Speer,121,99,35,433,Stephen Boss,3000,35.057332,Drama|Music|Romance,Ryan Guzman,45394,4863,Misha Gabriel Hamilton,0,3 dimensional|dance|dancer|dancing|flash mob,http://www.imdb.com/title/tt1800741/?ref_=fn_tt_tt_1,72,English,USA,PG-13,33,594,6.5,2.35,19000
2006,b'Snakes on a Plane',Color,David R. Ellis,285,105,160,491,Kenan Thompson,852,34.014398,Action|Adventure|Crime|Drama|Thriller,Lin Shaye,115649,2604,Rachel Blanchard,0,baby rattle|famous line|murder|passenger|snake,http://www.imdb.com/title/tt0417148/?ref_=fn_tt_tt_1,1033,English,Germany,R,33,521,5.6,2.35,4000
2000,b'The Watcher',Color,Joe Charbanic,103,97,10,178,Joseph Sikora,18000,28.92772,Crime|Horror|Mystery|Thriller,Keanu Reeves,22220,18688,Chris Ellis,0,fbi|murder|scene of the crime|serial killer|therapy,http://www.imdb.com/title/tt0204626/?ref_=fn_tt_tt_1,181,English,USA,R,33,223,5.3,1.85,463
2004,b'The Punisher',Color,Jonathan Hensleigh,192,140,36,336,Marco St. John,669,33.682273,Action|Crime|Drama|Thriller,Laura Harring,124242,2114,Eddie Jemison,1,death|family reunion|fbi|fbi agent|vigilante,http://www.imdb.com/title/tt0330793/?ref_=fn_tt_tt_1,622,English,USA,R,33,403,6.5,2.35,4000
2012,b'Safe',Color,Boaz Yakin,258,94,132,317,Reggie Lee,26000,17.120019,Action|Crime|Thriller,Jason Statham,83097,27759,Robert John Burke,2,bodyguard|gang war|russian|russian mafia|triad,http://www.imdb.com/title/tt1656190/?ref_=fn_tt_tt_1,134,English,USA,R,30,828,6.5,2.35,12000
1999,b'Pushing Tin',Color,Mike Newell,56,124,179,551,Kurt Fuller,11000,8.406264,Comedy|Drama|Romance,Angelina Jolie Pitt,24826,13093,Jake Weber,3,air traffic control|air traffic controller|female bodybuilder|job|marriage,http://www.imdb.com/title/tt0120797/?ref_=fn_tt_tt_1,175,English,USA,R,38,617,6,2.35,783
1983,b'Star Wars: Episode VI - Return of the Jedi',Color,Richard Marquand,197,134,37,504,Ian McDiarmid,11000,309.125409,Action|Adventure|Fantasy|Sci-Fi,Harrison Ford,681857,13649,Kenny Baker,0,death star|emperor|empire|princess|rebel,http://www.imdb.com/title/tt0086190/?ref_=fn_tt_tt_1,647,English,USA,PG,32.5,1000,8.4,2.35,14000
2008,b'The Reader',Color,Stephen Daldry,299,124,335,50,David Kross,14000,34.180954,Drama|Romance,Kate Winslet,189812,14504,Susanne Lothar,0,love|reading|teaching oneself to read|trial|war crime,http://www.imdb.com/title/tt0976051/?ref_=fn_tt_tt_1,370,English,USA,R,32,388,7.6,1.85,15000
2003,b'Elf',Color,Jon Favreau,152,97,4000,8000,Zooey Deschanel,22000,173.381405,Comedy|Family|Fantasy|Romance,Peter Dinklage,147597,43354,Will Ferrell,1,baby|christmas spirit|elf|new york city|north pole,http://www.imdb.com/title/tt0319343/?ref_=fn_tt_tt_1,395,English,USA,PG,33,11000,6.9,1.85,21000
1988,b'Scrooged',Color,Richard Donner,88,101,503,1000,Alfre Woodard,13000,60.328558,Comedy|Drama|Fantasy,Bill Murray,61396,18734,Robert Mitchum,1,christmas|compassion|executive|ghost|redemption,http://www.imdb.com/title/tt0096061/?ref_=fn_tt_tt_1,159,English,USA,PG-13,32,1000,7,1.85,11000
2011,b'Bridesmaids',Color,Paul Feig,371,131,176,460,Wendi McLendon-Covey,722,169.076745,Comedy|Romance,Matt Lucas,218711,3229,Steve Bannos,6,best friend|failure|food|job|partial female nudity,http://www.imdb.com/title/tt1478338/?ref_=fn_tt_tt_1,485,English,USA,R,32.5,655,6.8,2.35,27000
2013,b'This Is the End',Color,Evan Goldberg,418,107,133,9000,James Franco,17000,101.470202,Comedy|Fantasy,Channing Tatum,310540,38751,Emma Watson,6,apocalypse|celebrity|ensemble cast|party|rapture,http://www.imdb.com/title/tt1245492/?ref_=fn_tt_tt_1,669,English,USA,R,32,11000,6.7,2.35,97000
2011,b'Source Code',Color,Duncan Jones,522,93,0,355,Cas Anvar,15000,54.696902,Mystery|Sci-Fi|Thriller,Jake Gyllenhaal,379462,16034,Russell Peters,3,bomber|time|time loop|train|trapped in a time loop,http://www.imdb.com/title/tt0945513/?ref_=fn_tt_tt_1,571,English,USA,PG-13,32,491,7.5,1.85,56000
2007,b'The Number 23',Color,Joel Schumacher,224,98,541,897,Virginia Madsen,8000,35.063732,Mystery|Thriller,Logan Lerman,164608,10938,Ed Lauter,1,destiny|detective|imagination|murder|sex scene,http://www.imdb.com/title/tt0481369/?ref_=fn_tt_tt_1,383,English,USA,R,32,912,6.4,2.35,10000
2013,b'The Young and Prodigious T.S. Spivet',Color,Jean-Pierre Jeunet,122,105,0,223,Julian Richings,716,0.099462,Action|Adventure|Drama|Family,Callum Rennie,11347,1843,Judy Davis,1,3 dimensional|cartographer|punctuation in title|smithsonian|train,http://www.imdb.com/title/tt1981107/?ref_=fn_tt_tt_1,28,English,France,PG,33,648,7.1,2.35,5000
1979,b'1941',Color,Steven Spielberg,56,142,14000,642,John Belushi,16000,0,Action|Comedy|War,Christopher Lee,25193,20201,Treat Williams,5,california|captain|cult film|pearl harbor|submarine,http://www.imdb.com/title/tt0078723/?ref_=fn_tt_tt_1,217,English,USA,PG,35,1000,5.9,2.35,2000
2004,b'Laws of Attraction',Color,Peter Howitt,90,90,29,142,Mike Doyle,638,17.848322,Comedy|Romance,Frances Fisher,18771,961,Nora Dunn,1,date|divorce|divorce lawyer|drinking|lawyer,http://www.imdb.com/title/tt0323033/?ref_=fn_tt_tt_1,102,English,Ireland,PG-13,28,160,5.9,2.35,702
2010,b'Repo Men',Color,Miguel Sapochnik,197,119,238,447,RZA,1000,13.76313,Action|Crime|Sci-Fi|Thriller,Alice Braga,87768,2925,Yvette Nicole Brown,0,artificial organ|best friend|enforcer|future|near future,http://www.imdb.com/title/tt1053424/?ref_=fn_tt_tt_1,187,English,USA,R,32,561,6.3,2.35,12000
1996,b'Bogus',Color,Norman Jewison,15,110,278,179,Nancy Travis,3000,4.357,Comedy|Family|Fantasy,Haley Joel Osment,5176,3864,Andrea Martin,3,box office flop|circus|imaginary friend|magician|one word title,http://www.imdb.com/title/tt0115725/?ref_=fn_tt_tt_1,30,English,USA,PG,30,359,5.3,1.85,350
2013,b'The Incredible Burt Wonderstone',Color,Don Scardino,260,100,35,7000,Olivia Wilde,12000,22.525921,Comedy,Steve Buscemi,60596,32094,Steve Carell,4,magic|magic kit|magician|stage magician|vegas,http://www.imdb.com/title/tt0790628/?ref_=fn_tt_tt_1,158,English,USA,PG-13,30,10000,5.9,2.35,13000
1997,"b""Cats Don't Dance""",Color,Mark Dindal,18,75,10,826,Frank Welker,3000,3.562749,Animation|Comedy|Family|Fantasy|Musical,George Kennedy,5600,7394,Hal Holbrook,0,animal|cat|child star|hollywood|star,http://www.imdb.com/title/tt0118829/?ref_=fn_tt_tt_1,49,English,USA,G,32,2000,6.9,1.33,643
1999,b'Cradle Will Rock',Color,Tim Robbins,70,132,0,876,Vanessa Redgrave,13000,2.89997,Drama,Bill Murray,8039,16878,Emily Watson,2,1930s|depression|play|theatre|union,http://www.imdb.com/title/tt0150216/?ref_=fn_tt_tt_1,161,English,USA,R,32,898,6.9,2.35,625
2006,b'The Good German', Black and White,Steven Soderbergh,183,105,0,308,Beau Bridges,845,1.304837,Drama|Mystery|Thriller,Tony Curran,21481,2355,Leland Orser,2,american|driver|journalist|russian|secret,http://www.imdb.com/title/tt0452624/?ref_=fn_tt_tt_1,175,English,USA,R,32,552,6.1,1.66,559
2004,b'George and the Dragon',Color,Tom Reeve,12,93,0,239,Rollo Weeks,330,0,Action|Adventure|Comedy|Fantasy|Romance,Joan Plowright,3088,1073,Simon Callow,4,dragon|knight|love|priest|princess,http://www.imdb.com/title/tt0306892/?ref_=fn_tt_tt_1,31,English,USA,PG,32,239,5.7,2.35,290
1979,b'Apocalypse Now',Color,Francis Ford Coppola,261,189,0,3000,Marlon Brando,11000,78.8,Drama|War,Harrison Ford,450676,25313,Robert Duvall,1,army|green beret|insanity|jungle|vietnam,http://www.imdb.com/title/tt0078788/?ref_=fn_tt_tt_1,983,English,USA,R,31.5,10000,8.5,2.35,19000
2012,b'Flight',Color,Robert Zemeckis,449,138,0,874,Bruce Greenwood,18000,93.749203,Drama|Thriller,Denzel Washington,264047,20952,Nadine Velazquez,0,airline|flight|flight attendant|lawyer|pilot,http://www.imdb.com/title/tt1907668/?ref_=fn_tt_tt_1,491,English,USA,R,31,984,7.3,2.35,64000
2014,b'The Grand Budapest Hotel',Color,Wes Anderson,536,99,0,670,Tom Wilkinson,13000,59.073773,Adventure|Comedy|Crime|Drama,Bill Murray,475518,15082,F. Murray Abraham,0,first person narration|hotel|lobby boy|mentor protege relationship|painting,http://www.imdb.com/title/tt2278388/?ref_=fn_tt_tt_1,644,English,USA,R,25,1000,8.1,1.37,149000
2016,b'Ghostbusters',Color,Paul Feig,464,116,176,322,Kate McKinnon,783,118.099659,Action|Comedy|Fantasy|Sci-Fi,Ed Begley Jr.,69790,2097,Zach Woods,4,ghost|ghostbuster|ghostbusters|male objectification|reboot,http://www.imdb.com/title/tt1289401/?ref_=fn_tt_tt_1,1211,English,USA,PG-13,144,370,5.5,2.35,62000
2015,b'Vacation',Color,John Francis Daley,204,99,0,816,Norman Reedus,26000,58.879132,Adventure|Comedy,Chris Hemsworth,66123,40312,Beverly D'Angelo,4,amusement park|dysfunctional family|road trip|sequel|vacation,http://www.imdb.com/title/tt1524930/?ref_=fn_tt_tt_1,219,English,USA,R,31,12000,6.1,2.35,28000
2012,b'The Vow',Color,Michael Sucsy,214,104,23,281,Lucas Bryant,17000,125.01403,Drama|Romance,Channing Tatum,145852,18322,Dillon Casey,0,car accident|life support|memory loss|trauma|voice recording,http://www.imdb.com/title/tt1606389/?ref_=fn_tt_tt_1,164,English,USA,PG-13,30,359,6.8,2.35,32000
2013,"b""Lee Daniels' The Butler""",Color,Lee Daniels,304,132,304,898,David Oyelowo,15000,116.63131,Biography|Drama,Alex Pettyfer,87665,20035,Vanessa Redgrave,0,butler|civil rights|hotel|president|white house,http://www.imdb.com/title/tt1327773/?ref_=fn_tt_tt_1,323,English,USA,PG-13,30,1000,7.2,1.85,41000
1991,b'The Addams Family',Color,Barry Sonnenfeld,55,99,188,436,Raul Julia,1000,113.502246,Comedy|Fantasy,Anjelica Huston,96607,3696,Carel Struycken,0,accountant|loan shark|macabre|uncle|uncle fester,http://www.imdb.com/title/tt0101272/?ref_=fn_tt_tt_1,125,English,USA,PG-13,38,1000,6.8,1.85,5000
1995,b'Se7en',Color,David Fincher,216,127,21000,360,Brad Pitt,11000,100.12534,Crime|Drama|Mystery|Thriller,Morgan Freeman,1023511,22678,Reg E. Cathey,0,detective|police partner|serial killer|serial murder|seven deadly sins,http://www.imdb.com/title/tt0114369/?ref_=fn_tt_tt_1,1080,English,USA,R,33,11000,8.6,2.35,39000
2009,b'District 9',Color,Neill Blomkamp,472,112,662,107,Jed Brophy,2000,115.646235,Action|Sci-Fi|Thriller,Sharlto Copley,531737,2639,Jason Cope,0,alien|ghetto|prawn|refugee|refugee camp,http://www.imdb.com/title/tt1136608/?ref_=fn_tt_tt_1,1262,English,South Africa,R,30,433,8,1.85,22000
2003,b'Mystic River',Color,Clint Eastwood,229,138,16000,262,Spencer Treat Clark,616,90.135191,Crime|Drama|Mystery|Thriller,John Doman,338415,1942,Tom Guiry,0,ballistics|detective|friend|gun|sexual abuse,http://www.imdb.com/title/tt0327056/?ref_=fn_tt_tt_1,935,English,USA,R,25,541,8,2.35,12000
2004,b'Million Dollar Baby',Color,Clint Eastwood,268,132,16000,567,Morgan Freeman,16000,100.422786,Drama|Sport,Clint Eastwood,482064,28830,Mike Colter,1,boxing|boxing trainer|death|suicide attempt|women boxing,http://www.imdb.com/title/tt0405159/?ref_=fn_tt_tt_1,1106,English,USA,PG-13,30,11000,8.1,2.35,14000
2004,b'The Notebook',Color,Nick Cassavetes,177,123,415,545,Kevin Connolly,33000,0.064286,Drama|Romance,Ryan Gosling,396396,34495,Gena Rowlands,0,class differences|letter|nursing home|second chance|summer love,http://www.imdb.com/title/tt0332280/?ref_=fn_tt_tt_1,1111,English,USA,PG-13,29,638,7.9,2.35,57000
2000,b'Rugrats in Paris: The Movie',Color,Stig Bergqvist,41,78,0,786,Casey Kasem,971,76.501438,Adventure|Animation|Comedy|Family|Romance,Elizabeth Daily,8146,4527,Debbie Reynolds,0,amusement park|baby|france|paris france|villain,http://www.imdb.com/title/tt0213203/?ref_=fn_tt_tt_1,49,English,Germany,G,30,844,6.1,1.85,181
1991,b'The Prince of Tides',Color,Barbra Streisand,30,132,0,252,Blythe Danner,769,74.787599,Drama|Romance,George Carlin,12549,1936,Melinda Dillon,1,new york|psychiatrist|shrimper|south carolina|twins,http://www.imdb.com/title/tt0102713/?ref_=fn_tt_tt_1,109,English,USA,R,30,713,6.6,1.85,883
1994,b'Legends of the Fall',Color,Edward Zwick,57,133,380,918,Brad Pitt,12000,66.528842,Drama|Romance|War|Western,Anthony Hopkins,112175,26388,Julia Ormond,2,epic|heart|killing an animal|passion|usa,http://www.imdb.com/title/tt0110322/?ref_=fn_tt_tt_1,329,English,USA,R,30,11000,7.5,1.85,11000
2009,b'Up in the Air',Color,Jason Reitman,391,108,655,940,Anna Kendrick,24000,83.81346,Drama|Romance,J.K. Simmons,270238,35209,Chris Lowell,0,airport|business trip|downsizing|on the road|travel,http://www.imdb.com/title/tt1193138/?ref_=fn_tt_tt_1,452,English,USA,R,25,10000,7.4,1.85,19000
2013,b'Warm Bodies',Color,Jonathan Levine,452,98,129,7,Vincent Leclerc,303,66.359959,Comedy|Horror|Romance,Cory Hardrict,184641,337,Daniel Rindress-Kay,0,fight|memory|teenager|undead|zombie,http://www.imdb.com/title/tt1588173/?ref_=fn_tt_tt_1,326,English,USA,PG-13,35,18,6.9,2.35,81000
2012,b'Looper',Color,Rian Johnson,589,119,0,502,Bruce Willis,23000,66.468315,Action|Crime|Drama|Sci-Fi|Thriller,Joseph Gordon-Levitt,428916,37387,Tracie Thoms,0,chase|future|surprise ending|time loop|time travel,http://www.imdb.com/title/tt1276104/?ref_=fn_tt_tt_1,667,English,USA,R,30,13000,7.4,2.35,75000
2001,b'Down to Earth',Color,Chris Weitz,61,87,129,560,Mark Addy,979,64.172251,Comedy|Fantasy,Chazz Palminteri,19079,2911,Wanda Sykes,1,angel|butler|heaven|manhattan new york city|reincarnation,http://www.imdb.com/title/tt0231775/?ref_=fn_tt_tt_1,122,English,USA,PG-13,30,891,5.4,1.85,602
1995,b'Babe',Color,Chris Noonan,79,91,108,204,Christine Cavanaugh,405,66.6,Comedy|Drama|Family,Miriam Margolyes,94435,1185,Roscoe Lee Browne,0,dog|farmer|pig|sheep|sheepdog,http://www.imdb.com/title/tt0112431/?ref_=fn_tt_tt_1,182,English,Australia,G,30,368,6.8,1.85,5000
2011,b'Midnight in Paris',Color,Woody Allen,487,94,11000,183,Audrey Fleurot,617,56.816662,Comedy|Fantasy|Romance,Kurt Fuller,301149,1289,Nina Arianda,1,1920s|golden age|midnight|paris france|time travel romance,http://www.imdb.com/title/tt1605783/?ref_=fn_tt_tt_1,509,English,Spain,PG-13,17,204,7.7,1.85,78000
2001,b'Blow',Color,Ted Demme,147,124,47,877,Ethan Suplee,40000,52.93713,Biography|Crime|Drama,Johnny Depp,198066,43453,Jordi Mollà,1,1960s|1970s|california|cocaine|wealth,http://www.imdb.com/title/tt0221027/?ref_=fn_tt_tt_1,426,English,USA,R,30,1000,7.6,2.35,13000
2002,b'Like Mike',Color,John Schultz,39,99,13,837,Robert Forster,1000,51.432423,Comedy|Family|Fantasy|Sport,Brenda Song,15074,3679,Anne Meara,7,basketball|lightning|nba|orphanage|shoe,http://www.imdb.com/title/tt0308506/?ref_=fn_tt_tt_1,72,English,USA,PG,30,889,5.1,1.85,1000
1994,b'Naked Gun 33 1/3: The Final Insult',Color,Peter Segal,43,83,88,348,Fred Ward,3000,51.1094,Comedy|Crime,George Kennedy,76850,4767,Priscilla Presley,5,retirement|spoof|terrorist|transsexual|undercover,http://www.imdb.com/title/tt0110622/?ref_=fn_tt_tt_1,85,English,USA,PG-13,30,459,6.4,1.85,1000
2007,b'P.S. I Love You',Color,Richard LaGravenese,131,126,98,37,Harry Connick Jr.,18000,53.680848,Drama|Romance,Gerard Butler,167967,18726,Nellie McKay,1,birthday|friendship|hairy chest|letter|widow,http://www.imdb.com/title/tt0431308/?ref_=fn_tt_tt_1,243,English,USA,PG-13,30,631,7.1,1.85,20000
2005,b'Racing Stripes',Color,Frederik Du Chau,73,102,7,521,Frankie Muniz,984,49.186871,Adventure|Comedy|Drama|Family|Sport,Bruce Greenwood,12570,2910,M. Emmet Walsh,0,farm|horse|kentucky|racehorse|zebra,http://www.imdb.com/title/tt0376105/?ref_=fn_tt_tt_1,86,English,USA,PG,0,934,5.2,1.85,771
2007,b'Atonement',Color,Joe Wright,316,123,456,286,Alfie Allen,19000,50.921738,Drama|Mystery|Romance|War,Benedict Cumberbatch,192930,20499,Brenda Blethyn,1,death of sister|dying|loss of virginity|septicemia|sex,http://www.imdb.com/title/tt0783233/?ref_=fn_tt_tt_1,581,English,UK,R,30,1000,7.8,1.85,12000
2010,b'Letters to Juliet',Color,Gary Winick,159,105,56,22,Marcia DeBonis,898,53.02156,Comedy|Drama|Romance,Vanessa Redgrave,74630,1026,Luisa Ranieri,1,chick flick|female protagonist|italian stereotype|man in a swimsuit|verona italy,http://www.imdb.com/title/tt0892318/?ref_=fn_tt_tt_1,156,English,USA,PG,30,60,6.5,2.35,13000
2012,b'The Three Stooges',Color,Bobby Farrelly,162,92,101,760,Larry David,971,44.328238,Comedy,Kate Upton,25484,6137,Sean Hayes,0,mule|nun|orphanage|tennis court|the three stooges,http://www.imdb.com/title/tt0383010/?ref_=fn_tt_tt_1,189,English,USA,PG,0,860,5.1,1.85,13000
2015,b'Sicario',Color,Denis Villeneuve,478,121,777,219,Bernardo Saracino,455,46.875468,Action|Crime|Drama|Mystery|Thriller,Edgar Arreola,196217,1467,Daniel Kaluuya,2,critically acclaimed|drug cartel|juarez mexico|u.s. mexico border|war on drugs,http://www.imdb.com/title/tt3397884/?ref_=fn_tt_tt_1,461,English,USA,R,30,221,7.6,2.39,59000
2015,b'Southpaw',Color,Antoine Fuqua,305,124,845,424,50 Cent,15000,52.418902,Drama|Sport,Jake Gyllenhaal,147128,16881,Oona Laurence,0,boxer|boxing training|death of wife|male in shower|rage,http://www.imdb.com/title/tt1798684/?ref_=fn_tt_tt_1,277,English,USA,R,30,1000,7.5,2.35,44000
2009,b'Drag Me to Hell',Color,Sam Raimi,397,99,0,828,Alison Lohman,2000,42.05734,Horror|Thriller,Bojana Novakovic,158354,5642,Reggie Lee,0,evil|fight|hell|psychic|psychologist,http://www.imdb.com/title/tt1127180/?ref_=fn_tt_tt_1,691,English,USA,PG-13,30,1000,6.6,2.35,11000
2015,b'The Age of Adaline',Color,Lee Toland Krieger,214,112,43,1000,Michiel Huisman,11000,42.478175,Drama|Fantasy|Romance,Harrison Ford,93767,15327,Ellen Burstyn,1,hit by a pickup truck|immortality|paramedic|resuscitation|san francisco california,http://www.imdb.com/title/tt1655441/?ref_=fn_tt_tt_1,209,English,USA,PG-13,25,2000,7.2,2.35,34000
2010,b'Step Up 3D',Color,Jon M. Chu,138,107,209,357,Stephen Boss,2000,42.38552,Drama|Music|Romance,Alyson Stoner,47297,4059,Facundo Lombard,0,dance|dance crew|dancer|mortgage|new york city,http://www.imdb.com/title/tt1193631/?ref_=fn_tt_tt_1,86,English,USA,PG-13,30,594,6.2,1.85,16000
2006,b'Stranger Than Fiction',Color,Marc Forster,253,113,395,77,Christian Stolte,8000,40.137776,Comedy|Drama|Fantasy|Romance,Will Ferrell,186977,8362,Danny Rhodes,1,author|fate|novelist|professor|writer,http://www.imdb.com/title/tt0420223/?ref_=fn_tt_tt_1,529,English,USA,PG-13,38,189,7.6,1.85,13000
2012,b'The Cabin in the Woods',Color,Drew Goddard,634,95,246,751,Bradley Whitford,26000,42.043633,Fantasy|Horror|Mystery|Thriller,Chris Hemsworth,277172,29551,Kristen Connolly,0,cabin in the woods|dark humor|hatchet|killed in an elevator|robot,http://www.imdb.com/title/tt1259521/?ref_=fn_tt_tt_1,986,English,USA,R,30,821,7,2.35,66000
2011,b'Hanna',Color,Joe Wright,417,111,456,21,Vicky Krieps,157,40.247512,Action|Drama|Thriller,Jessica Barden,159198,257,John Macmillan,0,assassin|female warrior|martial arts|playground|training,http://www.imdb.com/title/tt0993842/?ref_=fn_tt_tt_1,438,English,USA,PG-13,30,33,6.8,2.35,38000
1997,b'Mortal Kombat: Annihilation',Color,John R. Leonetti,59,95,40,342,Talisa Soto,663,35.927406,Action|Adventure|Fantasy|Sci-Fi|Thriller,Brian Thompson,36363,2266,Robin Shou,0,alternate reality|battle|martial arts|mortal kombat|warrior,http://www.imdb.com/title/tt0119707/?ref_=fn_tt_tt_1,256,English,USA,PG-13,30,349,3.7,1.85,1000
2013,b'Carrie',Color,Kimberly Peirce,359,100,108,534,Judy Greer,17000,35.266619,Drama|Fantasy|Horror,Chloë Grace Moretz,108242,20051,Portia Doubleday,1,outcast|prom|self injury|telekinesis|tragic event,http://www.imdb.com/title/tt1939659/?ref_=fn_tt_tt_1,371,English,USA,R,30,2000,5.9,2.35,39000
2001,"b""What's the Worst That Could Happen?""",Color,Sam Weisman,64,94,39,506,Larry Miller,1000,32.095318,Comedy|Crime,Bernie Mac,12466,3664,Richard Schiff,0,businessman|ring|thief|vulgarity|washington d.c.,http://www.imdb.com/title/tt0161083/?ref_=fn_tt_tt_1,84,English,USA,PG-13,45,611,5.5,1.85,304
2009,b'9',Color,Shane Acker,263,79,30,265,Alan Oppenheimer,940,31.743332,Action|Adventure|Animation|Drama|Mystery|Sci-Fi|Thriller,Martin Landau,111117,1594,Tom Kane,0,hope|key|machine|number|rag doll,http://www.imdb.com/title/tt0472033/?ref_=fn_tt_tt_1,245,English,USA,PG-13,30,271,7.1,1.85,13000
2013,b'Side Effects',Color,Steven Soderbergh,450,106,0,273,David Costabile,17000,32.15441,Crime|Drama|Thriller,Channing Tatum,148327,18469,Katie Lowes,0,clinical trial|female protagonist|neuropharmacology|psychiatrist|side effect,http://www.imdb.com/title/tt2053463/?ref_=fn_tt_tt_1,274,English,USA,R,30,681,7.1,1.85,29000
2003,b'Dumb and Dumberer: When Harry Met Lloyd',Color,Troy Miller,85,85,14,244,Mimi Rogers,577,26.096584,Comedy,Elden Henson,30651,1653,Cheri Oteri,0,1980s|buddy|high school|prequel to cult favorite|teenager,http://www.imdb.com/title/tt0329028/?ref_=fn_tt_tt_1,267,English,USA,PG-13,19,291,3.4,1.37,1000
2014,b'Get on Up',Color,Tate Taylor,165,139,150,400,Josh Hopkins,521,30.51394,Biography|Drama|Music,Tika Sumpter,15843,2060,Aunjanue Ellis,0,1970s|1980s|african american|breaking the fourth wall|mother son relationship,http://www.imdb.com/title/tt2473602/?ref_=fn_tt_tt_1,104,English,USA,PG-13,30,491,6.9,1.85,11000
1998,b'One True Thing',Color,Carl Franklin,64,127,73,433,William Hurt,11000,23.20944,Drama,Meryl Streep,9283,12785,Tom Everett Scott,3,cancer|job|love|new york|professor,http://www.imdb.com/title/tt0120776/?ref_=fn_tt_tt_1,112,English,USA,R,30,882,7,1.85,592
2006,b'My Super Ex-Girlfriend',Color,Ivan Reitman,147,95,425,560,Eddie Izzard,973,22.526144,Comedy|Romance|Sci-Fi,Rainn Wilson,53884,2737,Wanda Sykes,1,architect|boyfriend girlfriend relationship|superhero|superhero spoof|supernatural power,http://www.imdb.com/title/tt0465624/?ref_=fn_tt_tt_1,203,English,USA,PG-13,30,776,5.1,2.35,1000
2014,b'Deliver Us from Evil',Color,Scott Derrickson,242,118,301,897,Dorian Missick,2000,30.523568,Horror|Mystery|Thriller,Olivia Munn,54447,5697,Edgar Ramírez,0,confession|demonic possession|exorcism|flickering light|priest,http://www.imdb.com/title/tt2377322/?ref_=fn_tt_tt_1,201,English,USA,R,30,1000,6.2,2.35,18000
2011,b'Sanctum',Color,Alister Grierson,244,108,24,653,Rhys Wakefield,2000,23.070045,Adventure|Drama|Thriller,Ioan Gruffudd,47003,3892,Richard Roxburgh,0,cave|expedition|panic|rebreather|underwater,http://www.imdb.com/title/tt0881320/?ref_=fn_tt_tt_1,215,English,USA,R,30,942,5.9,1.85,11000
2004,b'Little Black Book',Color,Nick Hurran,73,105,34,642,Kevin Sussman,1000,20.422207,Comedy|Drama|Romance,Holly Hunter,15052,4369,Dave Annable,1,electronic devices|gynecologist|little black book|plan|set up,http://www.imdb.com/title/tt0361841/?ref_=fn_tt_tt_1,116,English,USA,PG-13,35,681,5.2,2.35,484
2012,b'The Five-Year Engagement',Color,Nicholas Stoller,232,131,89,372,Jacki Weaver,2000,28.64477,Comedy|Romance,Alison Brie,78974,3479,David Paymer,2,kissing while having sex|kitchen|reference to princess diana|wedding band|wedding ring,http://www.imdb.com/title/tt1195478/?ref_=fn_tt_tt_1,141,English,USA,R,30,401,6.2,1.85,11000
2004,b'Mr 3000',Color,Charles Stone III,63,104,30,635,Chris Noth,1000,21.800302,Comedy|Drama|Romance|Sport,Bernie Mac,12164,4462,Paul Sorvino,1,baseball|baseball movie|cartoon on tv|dodge viper|retirement,http://www.imdb.com/title/tt0339412/?ref_=fn_tt_tt_1,63,English,USA,PG-13,30,962,5.5,1.85,491
2010,b'The Next Three Days',Color,Paul Haggis,239,133,549,343,Daniel Stern,10000,21.129348,Crime|Drama|Romance|Thriller,Olivia Wilde,146364,11799,Aisha Hinds,0,argument|evidence|fingerprints|murder|murder weapon,http://www.imdb.com/title/tt1458175/?ref_=fn_tt_tt_1,237,English,USA,PG-13,35,796,7.4,2.35,27000
2005,b'Assault on Precinct 13',Color,Jean-François Richet,152,109,25,431,Drea de Matteo,954,19.976073,Action|Crime|Drama|Thriller,Brian Dennehy,65979,3148,Hugh Dillon,1,criminal|mobster|new year's eve|police|sergeant,http://www.imdb.com/title/tt0398712/?ref_=fn_tt_tt_1,220,English,USA,R,20,739,6.3,2.35,999
1998,b'The Replacement Killers',Color,Antoine Fuqua,105,96,845,488,Clifton Collins Jr.,978,18.967571,Action|Crime|Thriller,Mira Sorvino,23345,3072,Patrick Kilpatrick,2,forger|hitman|passport|police|replacement,http://www.imdb.com/title/tt0120008/?ref_=fn_tt_tt_1,167,English,USA,R,30,968,6.1,2.35,629
1996,b'Fled',Color,Kevin Hooks,36,105,114,537,Stephen Baldwin,4000,17.1,Action|Adventure|Crime|Drama|Romance,Salma Hayek,7073,6152,Will Patton,1,disk|floppy disk|mafia|prison|prisoner,http://www.imdb.com/title/tt0116320/?ref_=fn_tt_tt_1,29,English,USA,R,25,561,5.3,1.85,204
2010,b'Love & Other Drugs',Color,Edward Zwick,219,112,380,2000,Anne Hathaway,15000,32.357532,Comedy|Drama|Romance,Jake Gyllenhaal,143368,31278,Judy Greer,0,female nudity|male objectification|pfizer|viagra|zoloft,http://www.imdb.com/title/tt0758752/?ref_=fn_tt_tt_1,215,English,USA,R,30,11000,6.7,1.85,24000
2004,b'The Whole Ten Yards',Color,Howard Deutch,74,98,41,900,Matthew Perry,13000,16.323969,Comedy|Crime|Thriller,Bruce Willis,45775,18085,Natasha Henstridge,5,dentist|face slap|flashback|hitman|killing an animal,http://www.imdb.com/title/tt0327247/?ref_=fn_tt_tt_1,112,English,USA,PG-13,40,2000,5.5,1.85,462
2009,b'Splice',Color,Vincenzo Natali,368,104,165,559,David Hewlett,900,16.999046,Drama|Horror|Sci-Fi,Sarah Polley,79517,2222,Delphine Chanéac,0,dna|experiment|genetics|interspecies sex|scientist,http://www.imdb.com/title/tt1017460/?ref_=fn_tt_tt_1,354,English,Canada,R,26,686,5.8,1.85,12000
2003,b'Alex & Emma',Color,Rob Reiner,73,96,0,130,Lobo Sebastian,372,14.208384,Comedy|Romance,David Paymer,11520,977,Robert Costanzo,2,gambling|novel|stenographer|writer|writer's block,http://www.imdb.com/title/tt0318283/?ref_=fn_tt_tt_1,105,English,USA,PG-13,30,206,5.6,1.85,625
2011,b'Fright Night',Color,Craig Gillespie,358,106,44,133,Reid Ewing,596,18.298649,Comedy|Horror,Grace Phipps,85024,1393,Sandra Vergara,1,neighbor|remake|suburb|teenager|vampire,http://www.imdb.com/title/tt1438176/?ref_=fn_tt_tt_1,242,English,USA,R,30,343,6.4,1.85,23000
1999,b'Wing Commander',Color,Chris Roberts,85,100,38,362,David Suchet,811,11.576087,Action|Adventure|Sci-Fi,Saffron Burrows,14747,2497,Jürgen Prochnow,3,27th century|fighter pilot|orchestral music score|outer space|space opera,http://www.imdb.com/title/tt0131646/?ref_=fn_tt_tt_1,338,English,USA,PG-13,30,586,4.1,2.35,858
1999,b'In Dreams',Color,Neil Jordan,62,100,277,210,Aidan Quinn,21000,11.9,Drama|Fantasy|Thriller,Robert Downey Jr.,11003,22006,Paul Guilfoyle,0,dream|mental institution|padded cell|serial killer|suicide attempt,http://www.imdb.com/title/tt0120710/?ref_=fn_tt_tt_1,148,English,USA,R,30,767,5.5,1.85,654
2013,b'The Last Stand',Color,Jee-woon Kim,376,107,419,165,James Burnett,971,12.02667,Action|Crime|Thriller,Zach Gilford,114241,1643,Christiana Leucas,2,deputy|escape|fbi|modern western|sheriff,http://www.imdb.com/title/tt1549920/?ref_=fn_tt_tt_1,258,English,USA,R,45,236,6.4,2.35,24000
2004,b'Godsend',Color,Nick Hamm,130,102,6,353,Cameron Bright,22000,14.334645,Drama|Horror|Sci-Fi|Thriller,Robert De Niro,22449,23352,Munro Chambers,1,birthday|boy|clone|cloning|doctor,http://www.imdb.com/title/tt0335121/?ref_=fn_tt_tt_1,191,English,USA,PG-13,25,829,4.8,2.35,387
2009,b'The Imaginarium of Doctor Parnassus',Color,Terry Gilliam,292,123,0,645,Lily Cole,10000,7.689458,Adventure|Fantasy|Mystery,Andrew Garfield,126307,11769,Verne Troyer,1,birthday|bridge|midget|rescue|sideshow,http://www.imdb.com/title/tt1054606/?ref_=fn_tt_tt_1,210,English,UK,PG-13,40,785,6.8,1.85,19000
1984,b'Once Upon a Time in America',Color,Sergio Leone,111,189,0,642,Burt Young,22000,5.3,Crime|Drama,Robert De Niro,221000,24719,Treat Williams,8,1920s|ambiguity|childhood friend|new york|speakeasy,http://www.imdb.com/title/tt0087843/?ref_=fn_tt_tt_1,495,English,Italy,R,30,683,8.4,1.85,12000
2002,b'The Good Thief',Color,Neil Jordan,105,109,277,345,Saïd Taghmaoui,2000,3.517797,Action|Crime|Drama|Romance|Thriller,Emir Kusturica,9004,2759,Tchéky Karyo,0,casino|french riviera|gambler|heist|partner,http://www.imdb.com/title/tt0281820/?ref_=fn_tt_tt_1,103,English,France,R,25,378,6.6,1.85,287
2005,b'Supercross',Color,Steve Boyum,41,80,9,826,Mike Vogel,17000,3.101301,Action|Drama|Romance|Sport,Channing Tatum,3926,21519,Steve Howey,1,one word title|paddock|supercross|swimming pool|winning,http://www.imdb.com/title/tt0403016/?ref_=fn_tt_tt_1,38,English,USA,PG-13,0,2000,4,1.85,353
2005,b'The Promise',Color,Kaige Chen,90,103,45,107,Toby Leonard Moore,489,0.668171,Action|Drama|Fantasy,Dong-gun Jang,8215,949,Nicholas Tse,0,armor|general|king|princess|slave,http://www.imdb.com/title/tt0417976/?ref_=fn_tt_tt_1,132,Mandarin,China,PG-13,60,181,5.6,2.35,445
2011,b'Machine Gun Preacher',Color,Marc Forster,134,129,395,313,Madeline Carroll,18000,0.53758,Action|Biography|Crime|Drama,Gerard Butler,52972,19620,Kathy Baker,1,africa|biker|church|orphanage|preacher,http://www.imdb.com/title/tt1586752/?ref_=fn_tt_tt_1,124,English,USA,R,30,1000,6.8,2.35,21000
2010,b'Animals United',Color,Reinhard Klooss,36,93,7,480,Vanessa Redgrave,1000,0,Animation|Comedy|Family,Jim Broadbent,4599,3095,James Corden,0,animal|crane the bird|dam|hoover dam|shark,http://www.imdb.com/title/tt1620449/?ref_=fn_tt_tt_1,44,German,Germany,PG,0,898,4.9,2.39,885
2014,b'Grace of Monaco',Color,Olivier Dahan,132,103,61,520,Frank Langella,963,0,Biography|Drama|Romance,Paz Vega,12410,2806,Derek Jacobi,3,1960s|grace kelly|hollywood star|monaco|prince,http://www.imdb.com/title/tt2095649/?ref_=fn_tt_tt_1,62,English,Switzerland,0,30,903,5.7,2.35,6000
2015,"b""A Warrior's Tail""",Color,Maksim Fadeev,5,85,0,21,Fedor Bondarchuk,114,0,Adventure|Animation|Fantasy,Konstantin Khabenskiy,393,229,Sergey Garmash,1,battle|creature|hyena|monkey|village,http://www.imdb.com/title/tt4075322/?ref_=fn_tt_tt_1,7,Russian,Russia,0,30,35,4.1,0,161
2002,"b""Ripley's Game""",Color,Liliana Cavani,56,110,59,24,Dougray Scott,1000,0,Crime|Drama|Mystery|Thriller,Ray Winstone,14618,1831,Chiara Caselli,0,art forgery|concert|dying|picture framer|villa,http://www.imdb.com/title/tt0265651/?ref_=fn_tt_tt_1,108,English,Italy,R,30,794,6.7,1.85,447
2016,b'Sausage Party',Color,Greg Tiernan,65,89,5,365,Salma Hayek,11000,0,Adventure|Animation|Comedy|Fantasy,James Franco,3302,15795,Anders Holm,0,bread|coarse language|f word|sausage|tricked into lesbian sex,http://www.imdb.com/title/tt1700841/?ref_=fn_tt_tt_1,14,English,USA,R,19,4000,7.5,1.85,13000
2015,b'Pitch Perfect 2',Color,Elizabeth Banks,221,115,0,751,Birgitte Hjort Sørensen,10000,183.43638,Comedy|Music,Anna Kendrick,97697,13159,Hana Mae Lee,8,2010s|a cappella|box office hit|second part|sequel,http://www.imdb.com/title/tt2848292/?ref_=fn_tt_tt_1,185,English,USA,PG-13,29,1000,6.5,1.85,40000
2005,b'Walk the Line',Color,James Mangold,291,153,446,154,Dallas Roberts,523,119.518352,Biography|Drama|Music|Romance,Sandra Ellis Lafferty,188637,1383,Tyler Hilton,0,1960s|accident|concert|guitar|prison,http://www.imdb.com/title/tt0358273/?ref_=fn_tt_tt_1,815,English,USA,PG-13,28,405,7.9,2.39,11000
2002,b'Confessions of a Dangerous Mind',Color,George Clooney,181,113,0,89,David Julian Hirsh,504,0,Biography|Comedy|Crime|Drama|Romance|Thriller,Dick Clark,71596,810,Jennifer Hall,0,broken nose|kgb|marriage proposal|playboy mansion|sistine chapel,http://www.imdb.com/title/tt0270288/?ref_=fn_tt_tt_1,276,English,USA,R,29,147,7.1,2.35,3000
2002,b'Serving Sara',Color,Reginald Hudlin,64,99,71,584,Jerry Stiller,2000,16.930185,Comedy|Romance,Matthew Perry,14315,4169,Vincent Pastore,2,divorce|divorce papers|new york|process server|texas,http://www.imdb.com/title/tt0261289/?ref_=fn_tt_tt_1,101,English,Germany,PG-13,29,719,5.3,1.85,201
1999,b'Mumford', Black and White,Lawrence Kasdan,65,112,759,933,Alfre Woodard,11000,4.554569,Comedy|Drama,Zooey Deschanel,8134,17873,Mary McDonnell,4,college|drugs|patient|psychologist|secret,http://www.imdb.com/title/tt0140397/?ref_=fn_tt_tt_1,123,English,USA,R,28,1000,6.9,2.35,209
2015,b'Straight Outta Compton',Color,F. Gary Gray,349,167,473,303,Neil Brown Jr.,559,161.02927,Biography|Crime|Drama|History|Music,Aldis Hodge,119928,2702,R. Marcos Taylor,0,concert|gangsta rap|hip hop|nwa|rap music,http://www.imdb.com/title/tt1398426/?ref_=fn_tt_tt_1,331,English,USA,R,28,427,7.9,2.35,76000
1998,b'The Rugrats Movie',Color,Igor Kovalyov,45,83,5,368,Cree Summer,971,100.491683,Adventure|Animation|Comedy|Drama|Family|Musical,Elizabeth Daily,14005,3438,Christine Cavanaugh,0,baby|home|hospital|lost|newborn baby,http://www.imdb.com/title/tt0134067/?ref_=fn_tt_tt_1,67,English,USA,G,24,503,5.9,1.85,418
1988,b'Die Hard',Color,John McTiernan,233,131,323,541,Bruce Willis,25000,81.350242,Action|Thriller,Alan Rickman,592582,40585,Reginald VelJohnson,0,christmas|christmas eve|christmas party|held at gunpoint|hostage,http://www.imdb.com/title/tt0095016/?ref_=fn_tt_tt_1,722,English,USA,R,28,13000,8.2,2.35,25000
2015,b'The Big Short',Color,Adam McKay,426,130,285,767,Christian Bale,33000,70.235322,Biography|Comedy|Drama|History,Ryan Gosling,182983,57308,Charlie Talbert,4,bank|banking|finance|fraud|mortgage,http://www.imdb.com/title/tt1596363/?ref_=fn_tt_tt_1,374,English,USA,R,28,23000,7.8,2.35,99000
2004,b'Dawn of the Dead',Color,Zack Snyder,287,110,0,1000,Kevin Zegers,3000,58.885635,Action|Horror|Thriller,Ty Burrell,194422,10438,Mekhi Phifer,0,mall|mayhem|nurse|rear entry sex|survival horror,http://www.imdb.com/title/tt0363547/?ref_=fn_tt_tt_1,1057,English,USA,R,26,2000,7.4,2.35,7000
2003,b'Identity',Color,James Mangold,136,91,446,660,Rebecca De Mornay,1000,51.475962,Mystery|Thriller,Clea DuVall,177828,3969,Jake Busey,0,dissociative identity disorder|motel room key|murder|storm|stranded,http://www.imdb.com/title/tt0309698/?ref_=fn_tt_tt_1,714,English,USA,R,30,872,7.3,2.35,11000
2013,b'Last Vegas',Color,Jon Turteltaub,222,105,226,966,Morgan Freeman,22000,63.910583,Comedy|Romance,Robert De Niro,106755,35694,Romany Malco,2,bachelor party|bloody mary the drink|bouncer|brooklyn new york city|vegas,http://www.imdb.com/title/tt1204975/?ref_=fn_tt_tt_1,173,English,USA,PG-13,28,11000,6.6,2.35,27000
1981,b'For Your Eyes Only',Color,John Glen,112,127,46,244,Topol,844,62.3,Action|Adventure|Thriller,Julian Glover,72085,2118,Desmond Llewelyn,1,agent|british|ice skater|ship|spy,http://www.imdb.com/title/tt0082398/?ref_=fn_tt_tt_1,263,English,UK,PG,28,402,6.8,2.35,2000
2001,b'Serendipity',Color,Peter Chelsom,122,82,23,6,David Sparrow,11,49.968653,Comedy|Romance,Lilli Lavine,85423,37,Ann Talman,0,christmas|destiny|fate|love|serendipity,http://www.imdb.com/title/tt0240890/?ref_=fn_tt_tt_1,374,English,USA,PG-13,28,9,6.9,1.85,12000
2013,b'Safe Haven',Color,Lasse Hallström,184,115,529,325,Noah Lomax,576,71.34693,Drama|Romance|Thriller,David Lyons,78008,1554,Mimi Kirkland,0,abusive husband|chick flick|north carolina|secret|widower,http://www.imdb.com/title/tt1702439/?ref_=fn_tt_tt_1,160,English,USA,PG-13,28,447,6.7,2.35,23000
1993,b'Hocus Pocus',Color,Kenny Ortega,36,96,197,115,Omri Katz,580,39.514713,Comedy|Family|Fantasy,Vinessa Shaw,60494,1275,Larry Bagby,0,candle|cat|halloween|spell|virgin,http://www.imdb.com/title/tt0107120/?ref_=fn_tt_tt_1,132,English,USA,PG,28,336,6.7,1.85,16000
2010,b'Kick-Ass',Color,Matthew Vaughn,447,117,905,385,Deborah Twiss,553,48.043505,Action|Comedy,Elizabeth McGovern,435864,2357,Michael Rispoli,1,comic book|female killer|hit in the crotch|narrated by character|reference to batman,http://www.imdb.com/title/tt1250777/?ref_=fn_tt_tt_1,801,English,UK,R,30,488,7.7,2.35,36000
2014,"b'Alexander and the Terrible, Horrible, No Good, Very Bad Day'",Color,Miguel Arteta,119,81,44,3000,Steve Carell,35000,66.950483,Comedy|Family,Bella Thorne,29738,47677,Jennifer Garner,6,bad day|based on book|birthday|job interview|long title,http://www.imdb.com/title/tt1698641/?ref_=fn_tt_tt_1,85,English,USA,PG,28,7000,6.2,2.39,12000
2005,b'Pride & Prejudice',Color,Joe Wright,177,135,456,241,Brenda Blethyn,422,38.372662,Drama|Romance,Talulah Riley,193455,1083,Simon Woods,2,bachelor|england|gentleman|georgian|love,http://www.imdb.com/title/tt0414387/?ref_=fn_tt_tt_1,1058,English,France,PG,28,286,7.8,2.35,17000
1982,b'Blade Runner',Color,Ridley Scott,302,117,0,521,Sean Young,11000,27,Sci-Fi|Thriller,Harrison Ford,461609,13877,M. Emmet Walsh,2,artificial intelligence|human android relationship|megacorporation|police detective|tech noir,http://www.imdb.com/title/tt0083658/?ref_=fn_tt_tt_1,1168,English,USA,R,28,759,8.2,2.35,34000
2014,b'3 Days to Kill',Color,McG,211,123,368,114,Richard Sammel,933,30.688364,Action|Drama|Thriller,Connie Nielsen,69355,1286,Tómas Lemarquis,0,cancer|estranged wife|leather dress|spy|terrorist,http://www.imdb.com/title/tt2172934/?ref_=fn_tt_tt_1,211,English,USA,PG-13,28,194,6.2,2.35,10000
2000,b'Lost Souls',Color,Janusz Kaminski,100,97,710,258,Bob Clendenin,497,16.779636,Drama|Horror|Thriller,Philip Baker Hall,9338,1805,Ben Chaplin,2,faith|mental patient|priest|scheme|teacher,http://www.imdb.com/title/tt0160484/?ref_=fn_tt_tt_1,167,English,USA,R,28,347,4.8,2.35,209
2001,b'Winged Migration',Color,Jacques Perrin,100,81,63,0,Philippe Labro,63,10.762178,Documentary,Jacques Perrin,10369,66,0,0,arctic|bad weather|flight|migration|ocean,http://www.imdb.com/title/tt0301727/?ref_=fn_tt_tt_1,153,English,France,G,160,3,8,1.85,1000
1999,"b'Mystery, Alaska'",Color,Jay Roach,74,119,116,385,Mary McCormack,738,8.888143,Comedy|Drama|Sport,Scott Grimes,22250,2171,Ron Eldard,0,alaska|male nudity|nudity|sex|small town,http://www.imdb.com/title/tt0134618/?ref_=fn_tt_tt_1,123,English,Canada,R,28,428,6.7,2.35,913
1997,b'A Simple Wish',Color,Michael Ritchie,21,89,23,899,Francis Capra,1000,8.119205,Comedy|Family|Fantasy,Mara Wilson,4288,5535,Kathleen Turner,3,8 year old|convention|magic|magic wand|male fairy godmother,http://www.imdb.com/title/tt0120133/?ref_=fn_tt_tt_1,21,English,USA,PG,28,937,5.4,1.85,517
2016,b'Pride and Prejudice and Zombies',Color,Burr Steers,225,108,23,845,Bella Heathcote,2000,10.907291,Action|Horror|Romance,Matt Smith,23775,4710,Sam Riley,0,based on novel|damsel in distress|deception|england|zombie,http://www.imdb.com/title/tt1374989/?ref_=fn_tt_tt_1,134,English,USA,PG-13,28,860,5.8,2.35,73000
2013,b'Kick-Ass 2',Color,Jeff Wadlow,350,103,65,405,Donald Faison,17000,28.751715,Action|Comedy|Crime,Chloë Grace Moretz,202967,19168,Augustus Prew,0,hit in the crotch|kicked in the crotch|punched in the crotch|sparring|superhero,http://www.imdb.com/title/tt1650554/?ref_=fn_tt_tt_1,378,English,USA,R,28,927,6.6,2.35,36000
2009,"b""My Sister's Keeper""",Color,Nick Cassavetes,148,109,415,228,Sofia Vassilieva,673,49.185998,Drama,Jason Patric,74476,1775,Jeffrey Markle,2,hospital|leukemia|oncology|sick child|terminal illness,http://www.imdb.com/title/tt1078588/?ref_=fn_tt_tt_1,184,English,USA,PG-13,30,489,7.4,2.35,15000
2008,"b'Welcome Home, Roscoe Jenkins'",Color,Malcolm D. Lee,76,114,92,436,Mike Epps,940,42.168445,Comedy|Drama|Romance,Mo'Nique,10791,3565,Cedric the Entertainer,3,african american protagonist|comma in title|four word title|name in title|talk show host,http://www.imdb.com/title/tt0494652/?ref_=fn_tt_tt_1,39,English,USA,PG-13,35,706,5.3,1.85,464
1984,b'A Passage to India',Color,David Lean,52,164,767,162,Judy Davis,358,26.4,Adventure|Drama|History,Richard Wilson,12980,1334,Art Malik,0,doctor|english|india|magistrate|mosque,http://www.imdb.com/title/tt0087892/?ref_=fn_tt_tt_1,89,English,UK,PG,16,223,7.4,1.85,845
2016,b'The Jungle Book',Color,Jon Favreau,370,106,4000,591,Bill Murray,19000,362.645141,Adventure|Drama|Family|Fantasy,Scarlett Johansson,106221,32921,Garry Shandling,0,fire|jungle|remake|tiger|wolf,http://www.imdb.com/title/tt3040964/?ref_=fn_tt_tt_1,398,English,UK,PG,175,13000,7.8,1.85,65000
1980,b'The Blues Brothers',Color,John Landis,125,148,644,326,Aretha Franklin,1000,54.2,Action|Comedy|Crime|Music,John Belushi,142448,2566,Ray Charles,1,band|catholic|money|parolee|prison,http://www.imdb.com/title/tt0080455/?ref_=fn_tt_tt_1,319,English,USA,R,27,809,7.9,1.85,14000
2008,b'The Sisterhood of the Traveling Pants 2',Color,Sanaa Hamri,73,119,43,523,Blythe Danner,953,44.087387,Comedy|Drama|Family|Romance,America Ferrera,22304,3525,Michael Rady,4,actor|drawing|friendship|pregnancy|turkey,http://www.imdb.com/title/tt1018785/?ref_=fn_tt_tt_1,33,English,USA,PG-13,0,713,6.2,1.85,894
1999,b'Lake Placid',Color,Steve Miner,152,82,49,429,Bridget Fonda,1000,31.768374,Action|Comedy|Horror,Oliver Platt,42761,3313,Ty Olsson,0,crocodile|eaten alive|lake|maine|sheriff,http://www.imdb.com/title/tt0139414/?ref_=fn_tt_tt_1,366,English,USA,R,27,888,5.6,2.35,2000
2006,b'Lucky Number Slevin',Color,Paul McGuigan,202,110,118,1000,Morgan Freeman,13000,22.494487,Crime|Drama|Mystery|Thriller,Bruce Willis,262153,26451,Dorian Missick,3,coroner|death|gay son|love|mistaken identity,http://www.imdb.com/title/tt0425210/?ref_=fn_tt_tt_1,507,English,Germany,R,27,11000,7.8,2.35,10000
2011,b'Anonymous',Color,Roland Emmerich,288,130,776,358,Joely Richardson,898,4.463292,Drama|History|Thriller,Vanessa Redgrave,34488,2452,Rafe Spall,3,earl of oxford|play|queen|rebellion|shakespeare play,http://www.imdb.com/title/tt1521197/?ref_=fn_tt_tt_1,136,English,UK,PG-13,30,584,6.9,2.35,15000
1984,b'The NeverEnding Story',Color,Wolfgang Petersen,99,94,249,271,Barret Oliver,523,0,Adventure|Drama|Family|Fantasy,Gerald McRaney,99557,1560,Alan Oppenheimer,1,book|dragon|story within the story|talking animal|werewolf,http://www.imdb.com/title/tt0088323/?ref_=fn_tt_tt_1,284,English,West Germany,PG,27,312,7.4,2.35,21000
1998,b'Dark City',Color,Alex Proyas,222,111,295,531,William Hurt,3000,14.337579,Action|Drama|Fantasy|Mystery|Sci-Fi|Thriller,Rufus Sewell,156929,4696,Bruce Spence,1,memory|murder|neo noir|retrofuturism|tech noir,http://www.imdb.com/title/tt0118929/?ref_=fn_tt_tt_1,624,English,Australia,R,27,882,7.7,2.35,14000
1998,b'The Newton Boys',Color,Richard Linklater,63,123,0,324,Lew Temple,11000,10.297897,Action|Crime|Drama|History|Western,Matthew McConaughey,8309,11969,Dwight Yoakam,4,bank robber|brother brother relationship|crime spree|explosive|train,http://www.imdb.com/title/tt0120769/?ref_=fn_tt_tt_1,39,English,USA,PG-13,27,597,6,2.35,315
2004,b'Suspect Zero',Color,E. Elias Merhige,101,99,54,398,Kevin Chamberlin,748,8.712564,Crime|Drama|Mystery|Thriller,Harry Lennix,16555,1721,William Mapother,0,fbi|fbi agent|murder|salesman|serial killer,http://www.imdb.com/title/tt0324127/?ref_=fn_tt_tt_1,139,English,USA,R,27,489,5.9,1.33,817
2004,b'Mindhunters',Color,Renny Harlin,127,101,212,749,Clifton Collins Jr.,1000,4.476235,Crime|Horror|Mystery|Thriller,LL Cool J,49405,4186,Eion Bailey,0,fbi|group|island|serial killer|training,http://www.imdb.com/title/tt0297284/?ref_=fn_tt_tt_1,226,English,USA,R,27,968,6.4,2.35,2000
2008,b'What Just Happened',Color,Barry Levinson,137,104,272,17000,Robin Wright,22000,1.089365,Comedy|Drama,Robert De Niro,23767,71973,Kristen Stewart,1,actor|agent|beard|cannes|hollywood,http://www.imdb.com/title/tt0486674/?ref_=fn_tt_tt_1,111,English,USA,R,25,18000,5.7,2.35,845
2003,b'The Statement', Black and White,Norman Jewison,54,120,278,387,Colin Salmon,844,0.763044,Drama|Thriller,Charlotte Rampling,4257,3286,John Neville,4,eiffel tower|nazi|police|ritual|stew,http://www.imdb.com/title/tt0340376/?ref_=fn_tt_tt_1,52,English,Canada,R,23,766,6.2,1.85,188
2006,b'The Magic Flute',Color,Kenneth Branagh,38,135,0,3,Amy Carson,5,0,Drama|Musical|Romance,Kim-Marie Woodhouse,926,24,Joseph Kaiser,1,based on opera|evil|mozart|queen|walking wounded,http://www.imdb.com/title/tt0475331/?ref_=fn_tt_tt_1,19,English,France,0,27,4,6.6,2.35,359
2014,b'A Walk Among the Tombstones',Color,Scott Frank,253,114,71,313,Boyd Holbrook,14000,25.977365,Crime|Drama|Mystery|Thriller,Liam Neeson,87950,15428,David Harbour,0,drug dealer|ex cop|murder of wife|revenge|violence,http://www.imdb.com/title/tt0365907/?ref_=fn_tt_tt_1,207,English,USA,R,28,439,6.5,2.35,15000
2000,"b'O Brother, Where Art Thou?'",Color,Joel Coen,197,107,0,577,Tim Blake Nelson,1000,45.506619,Adventure|Comedy|Crime|Music,Holly Hunter,225102,3066,Daniel von Bargen,3,baby|bank|blind prophet|convict|sirens,http://www.imdb.com/title/tt0190590/?ref_=fn_tt_tt_1,862,English,UK,PG-13,26,596,7.8,2.35,16000
2013,b'Pain & Gain',Color,Michael Bay,335,129,0,385,Larry Hankin,12000,49.874933,Comedy|Crime|Drama,Dwayne Johnson,161168,13573,Michael Rispoli,4,american dream|bodybuilder|money|punch into the camera|reference to julia roberts,http://www.imdb.com/title/tt1980209/?ref_=fn_tt_tt_1,287,English,USA,R,26,412,6.5,2.35,43000
2004,b'In Good Company',Color,Paul Weitz,157,109,80,2000,Ty Burrell,19000,45.489752,Comedy|Drama|Romance,Scarlett Johansson,48973,28493,Dennis Quaid,2,company|corporate takeover|executive|magazine|new boss,http://www.imdb.com/title/tt0385267/?ref_=fn_tt_tt_1,214,English,USA,PG-13,26,3000,6.5,1.85,736
2002,b'Clockstoppers',Color,Jonathan Frakes,69,94,906,528,Paula Garcés,2000,36.985501,Action|Adventure|Comedy|Sci-Fi|Thriller,Michael Biehn,11212,3917,Jason George,0,frozen time|stopped time|time freeze|watch|wristwatch,http://www.imdb.com/title/tt0157472/?ref_=fn_tt_tt_1,94,English,USA,PG,26,587,5.2,1.85,874
2009,b'Brothers',Color,Jim Sheridan,217,105,260,3000,Jake Gyllenhaal,20000,28.501651,Drama|Thriller,Natalie Portman,88035,42473,Bailee Madison,0,afghanistan|death of soldier|presumed dead|prisoner|war trauma,http://www.imdb.com/title/tt0765010/?ref_=fn_tt_tt_1,201,English,USA,R,26,15000,7.1,2.35,10000
2004,b'Agent Cody Banks 2: Destination London',Color,Kevin Allen,55,100,8,588,Frankie Muniz,1000,23.222861,Action|Adventure|Comedy|Family|Romance|Sci-Fi,Daniel Roebuck,11092,3742,David Kelly,4,chase|evil scientist|gadget|mind control|tough girl,http://www.imdb.com/title/tt0358349/?ref_=fn_tt_tt_1,44,English,USA,PG,26,934,4.5,2.35,167
2011,"b""New Year's Eve""",Color,Garry Marshall,200,113,0,307,Common,22000,54.540525,Comedy|Romance,Robert De Niro,66579,23456,Seth Meyers,15,expecting|kiss|new year|new year's eve|singer,http://www.imdb.com/title/tt1598822/?ref_=fn_tt_tt_1,134,English,USA,PG-13,56,988,5.7,1.85,20000
2001,b'Original Sin',Color,Michael Cristofer,93,118,49,155,Gregory Itzin,11000,16.252765,Drama|Mystery|Romance|Thriller,Angelina Jolie Pitt,44913,11662,Jack Thompson,1,delaware|erotica|money|pursuit|sex scene,http://www.imdb.com/title/tt0218922/?ref_=fn_tt_tt_1,181,English,France,R,42,216,6,2.35,3000
2012,b'The Raven',Color,James McTeigue,265,110,160,427,Dave Legeno,771,16.005978,Crime|Mystery|Thriller,Pam Ferris,72886,2356,Kevin McNally,1,mask|murder|newspaper|poem|serial killer,http://www.imdb.com/title/tt1486192/?ref_=fn_tt_tt_1,190,English,USA,R,26,570,6.4,2.35,35000
2004,b'Welcome to Mooseport',Color,Donald Petrie,82,110,80,509,Ray Romano,826,14.469428,Comedy|Romance,Rip Torn,10667,2466,Maura Tierney,2,mayor|pink panties|upskirt|white panties|yellow panties,http://www.imdb.com/title/tt0361925/?ref_=fn_tt_tt_1,95,English,USA,PG-13,26,590,5.2,1.85,260
1994,b'Highlander: The Final Dimension',Color,Andrew Morahan,32,99,5,535,Mako,1000,13.829734,Action|Fantasy|Romance|Sci-Fi,Christopher Lambert,16194,2960,Mario Van Peebles,0,cave|highlander|illusion|immortal|japan,http://www.imdb.com/title/tt0110027/?ref_=fn_tt_tt_1,79,English,Canada,PG-13,26,691,4.3,2.35,319
1996,b'Blood and Wine',Color,Bob Rafelson,42,101,30,223,Mike Starr,1000,1.075288,Crime|Drama|Thriller,Harold Perrineau,7772,2228,Judy Davis,3,diamond|necklace|safecracker|wine|wine dealer,http://www.imdb.com/title/tt0115710/?ref_=fn_tt_tt_1,55,English,USA,R,22,854,6.1,1.85,145
2001,b'The Curse of the Jade Scorpion',Color,Woody Allen,116,103,11000,277,Elizabeth Berkley,11000,7.496522,Comedy|Crime|Mystery|Romance,Woody Allen,31798,12534,Peter Gerety,0,efficiency expert|insurance investigator|magician|scorpion|thief,http://www.imdb.com/title/tt0256524/?ref_=fn_tt_tt_1,178,English,USA,PG-13,26,893,6.8,1.37,826
1996,b'Flipper',Color,Alan Shapiro,23,95,0,26,Chelsea Field,442,20.047715,Adventure|Family,Paul Hogan,8008,616,Jessica Wesson,1,dolphin|florida|florida keys|summer|vomiting,http://www.imdb.com/title/tt0116322/?ref_=fn_tt_tt_1,26,English,USA,PG,25.53,95,5.2,2.35,504
2015,b'Self/less',Color,Tarsem Singh,178,117,763,523,Derek Luke,16000,12.27681,Action|Mystery|Sci-Fi|Thriller,Ryan Reynolds,57674,17847,Sandra Ellis Lafferty,0,cancer|elderly man|funeral|medical|transhumanism,http://www.imdb.com/title/tt2140379/?ref_=fn_tt_tt_1,126,English,USA,PG-13,26,543,6.5,2.35,11000
2004,b'The Passion of the Christ',Color,Mel Gibson,406,120,0,113,Maia Morgenstern,260,0.499263,Drama,Christo Jivkov,179235,705,Hristo Shopov,0,anti semitism|cult film|grindhouse|suffering|torture,http://www.imdb.com/title/tt0335345/?ref_=fn_tt_tt_1,2814,Aramaic,USA,R,30,252,7.1,2.35,13000
1988,b'Rain Man',Color,Barry Levinson,100,133,272,628,Valeria Golino,10000,172.825435,Drama,Tom Cruise,383784,12285,Beth Grant,3,buick|convertible|last will and testament|savant|travel,http://www.imdb.com/title/tt0095953/?ref_=fn_tt_tt_1,331,English,USA,R,25,898,8,1.85,12000
2008,b'Gran Torino',Color,Clint Eastwood,366,116,16000,198,Dreama Walker,16000,148.085755,Drama,Clint Eastwood,561773,17347,Ahney Her,0,gang|gang rape|hmong|teenager|widower,http://www.imdb.com/title/tt1205489/?ref_=fn_tt_tt_1,871,English,USA,R,33,601,8.2,2.35,28000
2008,b'Taken',Color,Pierre Morel,309,93,180,485,Holly Valance,14000,145.000989,Action|Thriller,Liam Neeson,483756,16461,Xander Berkeley,0,agent|cia|france|rescue|teenage abduction,http://www.imdb.com/title/tt0936501/?ref_=fn_tt_tt_1,974,English,France,PG-13,25,816,7.9,2.35,29000
2014,b'The Best of Me',Color,Michael Hoffman,85,118,97,437,Gerald McRaney,775,26.761283,Drama|Romance,Luke Bracey,43084,3197,Clarke Peters,0,adultery|based on novel|heart transplant|infidelity|protective male,http://www.imdb.com/title/tt1972779/?ref_=fn_tt_tt_1,99,English,USA,PG-13,26,523,6.7,2.35,19000
1993,"b""Schindler's List""", Black and White,Steven Spielberg,174,185,14000,212,Embeth Davidtz,14000,96.067179,Biography|Drama|History,Liam Neeson,865020,15233,Caroline Goodall,0,german|german soldier|jew|jewish|nazi,http://www.imdb.com/title/tt0108052/?ref_=fn_tt_tt_1,1273,English,USA,R,22,795,8.9,1.85,41000
2011,b'The Help',Color,Tate Taylor,373,146,150,2000,Bryce Dallas Howard,15000,169.705587,Drama,Emma Stone,318955,23227,Mike Vogel,2,black servant|chocolate pie|jackson mississippi|maid|writing a novel,http://www.imdb.com/title/tt1454029/?ref_=fn_tt_tt_1,460,English,USA,PG-13,25,3000,8.1,1.85,75000
2013,b'The Fifth Estate',Color,Bill Condon,224,128,386,203,Peter Capaldi,19000,3.254172,Biography|Drama|Thriller,Benedict Cumberbatch,29282,36337,Jamie Blackley,1,computer hacker|internet|news leak|whistleblowing|wikileaks,http://www.imdb.com/title/tt1837703/?ref_=fn_tt_tt_1,105,English,USA,R,28,17000,6.2,2.35,11000
2004,b'Scooby-Doo 2: Monsters Unleashed',Color,Raja Gosnell,94,93,67,596,Linda Cardellini,4000,84.185387,Adventure|Comedy|Family|Fantasy|Horror|Mystery,Sarah Michelle Gellar,33180,7800,Tim Blake Nelson,0,ghost|masked villain|monster|museum|tv,http://www.imdb.com/title/tt0331632/?ref_=fn_tt_tt_1,149,English,USA,PG,80,2000,4.9,1.85,567
2003,b'Freddy vs. Jason',Color,Ronny Yu,273,97,31,662,Jason Ritter,918,82.163317,Action|Horror|Thriller,Katharine Isabelle,89101,4692,Zack Ward,0,elm street|freddy krueger|jason voorhees|serial killer|slasher,http://www.imdb.com/title/tt0329101/?ref_=fn_tt_tt_1,885,English,USA,R,30,782,5.8,2.35,3000
2014,b'The Face of an Angel',Color,Michael Winterbottom,78,101,187,127,Ava Acres,554,0,Drama,Cara Delevingne,2863,1041,Sara Stewart,2,0,http://www.imdb.com/title/tt2967008/?ref_=fn_tt_tt_1,25,English,UK,Not Rated,0,213,4.7,2.35,488
2001,b'Jimmy Neutron: Boy Genius',Color,John A. Davis,66,82,8,179,Rob Paulsen,770,80.920948,Action|Adventure|Animation|Comedy|Family|Sci-Fi,Martin Short,23943,2251,Andrea Martin,0,alien|boy genius|children|genius|rescue,http://www.imdb.com/title/tt0268397/?ref_=fn_tt_tt_1,118,English,USA,G,30,677,6,1.85,425
2007,b'No Country for Old Men',Color,Ethan Coen,488,122,1000,883,Stephen Root,2000,74.273505,Crime|Drama|Thriller,Kelly Macdonald,612060,4738,Barry Corbin,0,coin toss|desert|sheriff|texas|tracking device,http://www.imdb.com/title/tt0477348/?ref_=fn_tt_tt_1,1518,English,USA,R,25,939,8.1,2.35,21000
2000,b'Chocolat',Color,Lasse Hallström,152,121,529,163,Leslie Caron,541,71.30976,Drama|Romance,Lena Olin,150308,1323,Hugh O'Conor,1,chocolate|chocolate shop|food|france|village,http://www.imdb.com/title/tt0241303/?ref_=fn_tt_tt_1,498,English,UK,PG-13,25,399,7.3,1.85,18000
2003,"b'Legally Blonde 2: Red, White & Blonde'",Color,Charles Herman-Wurmfeld,133,95,0,643,Bruce McGill,934,89.808372,Comedy,Mary Lynn Rajskub,46417,3500,Bob Newhart,2,animal rights|congresswoman|doorman|transvestism|washington d.c.,http://www.imdb.com/title/tt0333780/?ref_=fn_tt_tt_1,297,English,USA,PG-13,45,655,4.6,1.85,660
2011,b'No Strings Attached',Color,Ivan Reitman,245,108,425,766,Greta Gerwig,20000,70.625986,Comedy|Romance,Natalie Portman,168717,22739,Mindy Kaling,1,ex girlfriend|funeral|hospital|male objectification|summer camp,http://www.imdb.com/title/tt1411238/?ref_=fn_tt_tt_1,178,English,USA,R,25,962,6.2,2.35,24000
1993,b'Tombstone',Color,George P. Cosmatos,84,134,170,472,Dana Delany,2000,56.505065,Action|Biography|Drama|History|Romance|Western,Michael Biehn,95241,4453,Powers Boothe,0,cigar smoking|cowboy|duel|outlaw|tombstone arizona,http://www.imdb.com/title/tt0108358/?ref_=fn_tt_tt_1,439,English,USA,R,25,722,7.8,2.35,11000
1976,b'The Omen',Color,Richard Donner,154,107,503,108,Patrick Troughton,264,0,Fantasy|Horror|Mystery,Lee Remick,80958,673,Billie Whitelaw,2,ambassador|death|hospital|priest|stillborn child,http://www.imdb.com/title/tt0075005/?ref_=fn_tt_tt_1,310,English,UK,R,2.8,139,7.6,2.35,7000
2012,b'The Lucky One',Color,Scott Hicks,170,101,96,204,Riley Thomas Stewart,713,60.443237,Drama|Romance,Blythe Danner,76882,1852,Jay R. Ferguson,0,arrogance|child in peril|disarming someone|kennel|post traumatic stress disorder,http://www.imdb.com/title/tt1327194/?ref_=fn_tt_tt_1,106,English,USA,PG-13,25,220,6.5,2.35,29000
2007,b'Bridge to Terabithia',Color,Gabor Csupo,181,96,47,3000,Zooey Deschanel,14000,82.234139,Adventure|Drama|Family|Fantasy,Josh Hutcherson,110390,28071,Bailee Madison,3,bully|friend|imagination|reality|troll,http://www.imdb.com/title/tt0398808/?ref_=fn_tt_tt_1,522,English,USA,PG,17,11000,7.2,1.85,6000
2011,b'The Grey',Color,Joe Carnahan,408,117,248,726,Frank Grillo,14000,51.533608,Action|Adventure|Drama|Thriller,Liam Neeson,203111,16606,James Badge Dale,1,alaska|leadership|snow|survival|wilderness,http://www.imdb.com/title/tt1601913/?ref_=fn_tt_tt_1,755,English,USA,R,25,798,6.8,2.35,32000
1990,b'Goodfellas',Color,Martin Scorsese,192,146,17000,635,Mike Starr,22000,46.836394,Biography|Crime|Drama,Robert De Niro,728685,24783,Paul Sorvino,3,betrayal|gangster|mafia|organized crime|robbery,http://www.imdb.com/title/tt0099685/?ref_=fn_tt_tt_1,989,English,USA,R,25,854,8.7,1.85,25000
2003,b'Agent Cody Banks',Color,Harald Zwart,79,102,91,434,Frankie Muniz,1000,47.285499,Action|Adventure|Comedy|Crime|Family|Romance|Thriller,Daniel Roebuck,26755,3037,Chris Gauthier,3,cia|nanobot|prep school|scientist|teenager,http://www.imdb.com/title/tt0313911/?ref_=fn_tt_tt_1,104,English,USA,PG,26,934,5,2.35,542
1983,b'Scarface',Color,Brian De Palma,147,142,0,638,F. Murray Abraham,14000,44.7,Crime|Drama,Al Pacino,537442,16464,Mary Elizabeth Mastrantonio,0,assassination attempt|capitalism|cocaine|cuban american|cuban refugee,http://www.imdb.com/title/tt0086250/?ref_=fn_tt_tt_1,851,English,USA,R,25,670,8.3,2.35,19000
1997,b'Money Talks',Color,Brett Ratner,29,97,420,585,Paul Sorvino,695,41.067398,Action|Comedy|Crime|Thriller,Heather Locklear,22748,2530,Faizon Love,2,blood splatter|fistfight|murder|police|prison bus,http://www.imdb.com/title/tt0119695/?ref_=fn_tt_tt_1,41,English,USA,R,25,635,6.1,2.35,666
2007,b'There Will Be Blood',Color,Paul Thomas Anderson,398,158,0,104,Paul F. Tompkins,272,40.218903,Drama,Jim Meskimen,372990,533,Kevin Breznahan,0,alcoholic|alcoholism|money|oil|turn of the century,http://www.imdb.com/title/tt0469494/?ref_=fn_tt_tt_1,1107,English,USA,R,25,111,8.1,2.35,16000
2002,b'The Wild Thornberrys Movie',Color,Cathy Malkasian,38,85,0,503,Flea,1000,39.880476,Adventure|Animation|Comedy|Family|Fantasy,Alfre Woodard,12218,2908,Cree Summer,0,africa|chimpanzee|elephant|safari|shaman,http://www.imdb.com/title/tt0282120/?ref_=fn_tt_tt_1,33,English,USA,PG,25,535,5.2,2.35,187
2003,b'Rugrats Go Wild',Color,John Eng,45,80,0,362,Cree Summer,971,39.39975,Adventure|Animation|Comedy|Family|Fantasy|Musical,Elizabeth Daily,5674,3017,Nancy Cartwright,0,kid|oxygen|rugrats|trapped underwater|underwater,http://www.imdb.com/title/tt0337711/?ref_=fn_tt_tt_1,35,English,USA,PG,25,503,5.6,2.35,329
2005,b'Beauty Shop',Color,Bille Woodruff,72,105,23,485,Keshia Knight Pulliam,1000,36.310118,Comedy,Alfre Woodard,13194,3535,LisaRaye McCoy,1,client|dentures|false teeth|reference to peter pan|single parent,http://www.imdb.com/title/tt0388500/?ref_=fn_tt_tt_1,59,English,USA,PG-13,0,619,5.5,2.35,671
2014,b'Million Dollar Arm',Color,Craig Gillespie,151,124,44,367,Suraj Sharma,4000,36.447959,Biography|Drama|Sport,Jon Hamm,35833,6393,Gregory Alan Williams,0,baseball|based on true story|india|sports agent|training,http://www.imdb.com/title/tt1647668/?ref_=fn_tt_tt_1,96,English,USA,PG,25,774,7,2.39,10000
2014,b'The Giver', Black and White,Phillip Noyce,198,97,176,10000,Meryl Streep,12000,45.089048,Drama|Romance|Sci-Fi,Jeff Bridges,86251,36064,Alexander Skarsgård,3,black and white segues into color|color|community|dystopia|infanticide,http://www.imdb.com/title/tt0435651/?ref_=fn_tt_tt_1,260,English,South Africa,PG-13,25,11000,6.5,2.35,58000
2003,b'Cradle 2 the Grave',Color,Andrzej Bartkowiak,109,101,43,432,Tom Arnold,5000,34.604054,Action|Crime|Drama|Thriller,Jet Li,34942,6867,DMX,2,camera shot from inside human body|diamond|evil man|heist|terrorism,http://www.imdb.com/title/tt0306685/?ref_=fn_tt_tt_1,185,English,USA,R,30,618,5.8,2.35,1000
2004,b'Anacondas: The Hunt for the Blood Orchid',Color,Dwight H. Little,94,97,27,522,Salli Richardson-Whitfield,601,31.526393,Action|Adventure|Horror|Thriller,Nicholas Gonzalez,22243,2730,Johnny Messner,0,anaconda|blood|borneo|flower|orchid,http://www.imdb.com/title/tt0366174/?ref_=fn_tt_tt_1,144,English,USA,PG-13,25,543,4.6,2.35,686
2007,b'August Rush',Color,Kirsten Sheridan,148,114,59,403,Aaron Staton,49000,31.655091,Drama|Music,Robin Williams,87331,50927,Marian Seldes,0,baby|cellist|genius|prodigy|rhapsody,http://www.imdb.com/title/tt0426931/?ref_=fn_tt_tt_1,364,English,USA,PG,30,702,7.5,2.35,18000
2009,b'Dance Flick',Color,Damien Dante Wayans,83,88,82,571,Essence Atkins,756,25.615792,Action|Comedy|Music,Damon Wayans Jr.,10161,4378,Chris Elliott,0,african american|dance|overalls|parody|rap,http://www.imdb.com/title/tt1153706/?ref_=fn_tt_tt_1,50,English,USA,PG-13,25,713,3.5,1.85,657
1994,b'The Shawshank Redemption',Color,Frank Darabont,199,142,0,461,Jeffrey DeMunn,11000,28.341469,Crime|Drama,Morgan Freeman,1689764,13495,Bob Gunton,0,escape from prison|first person narration|prison|prison cell search|wrongful imprisonment,http://www.imdb.com/title/tt0111161/?ref_=fn_tt_tt_1,4144,English,USA,R,25,745,9.3,1.85,108000
2001,b'Crocodile Dundee in Los Angeles',Color,Simon Wincer,71,92,23,162,Paul Hogan,460,25.590119,Adventure|Comedy|Crime,Jere Burns,19699,1315,Linda Kozlowski,0,boat|crocodile|garbage can|knife|paramount pictures,http://www.imdb.com/title/tt0231402/?ref_=fn_tt_tt_1,119,English,Australia,PG,21.15,442,4.8,1.85,387
1996,b'Kingpin',Color,Bobby Farrelly,62,117,101,743,Lin Shaye,13000,24.944213,Comedy|Sport,Bill Murray,63459,16937,Richard Tyson,2,amish|bowling|on the road|rubber hand|tournament,http://www.imdb.com/title/tt0116778/?ref_=fn_tt_tt_1,185,English,USA,PG-13,27,852,6.9,2.35,3000
2013,b'August: Osage County',Color,John Wells,322,121,53,8000,Meryl Streep,19000,37.7384,Drama,Benedict Cumberbatch,67797,39690,Julia Roberts,3,based on play|incestuous relationship|pedophilia|secret|teenage daughter,http://www.imdb.com/title/tt1322269/?ref_=fn_tt_tt_1,285,English,USA,R,25,11000,7.3,2.35,30000
2005,b'Ice Princess',Color,Tim Fywell,67,98,3,28,Trevor Blumas,90,24.381334,Comedy|Drama|Family|Sport,Connie Ray,19737,235,Amy Stewart,2,championship|coach|harvard|physics|zamboni,http://www.imdb.com/title/tt0396652/?ref_=fn_tt_tt_1,81,English,USA,G,0,89,6,1.85,901
2016,b'Eddie the Eagle',Color,Dexter Fletcher,216,106,452,141,Taron Egerton,20000,15.785632,Biography|Comedy|Drama|Sport,Hugh Jackman,32507,21195,Tim McInnerny,3,1988 winter olympics|coach|ski jumper|winter|winter olympics,http://www.imdb.com/title/tt1083452/?ref_=fn_tt_tt_1,119,English,UK,PG-13,23,732,7.5,2.35,15000
2010,b'Dear John',0,Lasse Hallström,162,108,529,690,Henry Thomas,17000,80.014842,Drama|Romance|War,Channing Tatum,104356,19945,Scott Porter,0,army|coin collector|love|surfboard|u.s. army,http://www.imdb.com/title/tt0989757/?ref_=fn_tt_tt_1,186,English,USA,PG-13,25,861,6.3,2.35,14000
2010,"b""Don't Be Afraid of the Dark""",Color,Troy Nixey,298,99,24,155,Alan Dale,3000,24.04249,Fantasy|Horror|Thriller,Bailee Madison,40776,3744,Jack Thompson,1,basement|creature|disappearance|interior designer|mansion,http://www.imdb.com/title/tt1270761/?ref_=fn_tt_tt_1,250,English,USA,R,25,441,5.6,1.85,10000
2002,b'Half Past Dead',Color,Don Michael Paul,58,98,70,223,Nia Peeples,462,15.361537,Action|Crime|Thriller,Claudia Christian,12263,1855,Tony Plana,0,alcatraz|fbi|gold|prison|undercover,http://www.imdb.com/title/tt0297162/?ref_=fn_tt_tt_1,132,English,Germany,PG-13,13,444,4.6,1.85,564
2006,b'Unaccompanied Minors',Color,Paul Feig,73,90,176,825,Rob Riggle,931,16.647384,Adventure|Comedy|Family|Romance,Tyler James Williams,8398,4431,B.J. Novak,1,airport|black comedy|blizzard|christmas|pennsylvania,http://www.imdb.com/title/tt0488658/?ref_=fn_tt_tt_1,56,English,USA,PG,26,839,5.1,2.35,498
1988,"b'Bright Lights, Big City'",Color,James Bridges,28,107,21,418,Phoebe Cates,967,16.118077,Drama,Dianne Wiest,5817,3067,Swoosie Kurtz,0,estranged wife|fashion show|magazine|new york city|writer,http://www.imdb.com/title/tt0094799/?ref_=fn_tt_tt_1,37,English,USA,R,25,767,5.6,1.85,377
1996,b'The Adventures of Pinocchio',Color,Steve Barron,19,90,48,376,Udo Kier,940,15.091542,Adventure|Family|Fantasy|Musical,Martin Landau,4086,2465,Bebe Neuwirth,2,based on novel|human becoming an animal|slow motion|transformation|young boy,http://www.imdb.com/title/tt0115472/?ref_=fn_tt_tt_1,22,Italian,UK,G,25,595,5.3,2.35,246
2000,b'The Next Best Thing',Color,John Schlesinger,86,99,154,347,Rupert Everett,774,14.983572,Comedy|Drama|Romance,Mark Valley,9361,2498,Illeana Douglas,1,best friend|cartoon on tv|custody battle|gay|gay friend,http://www.imdb.com/title/tt0156841/?ref_=fn_tt_tt_1,162,English,USA,PG-13,25,692,4.7,1.85,378
1996,b'Maximum Risk',Color,Ringo Lam,50,101,17,218,Zach Grenier,900,14.095303,Action|Crime|Mystery|Romance|Thriller,Natasha Henstridge,15814,1634,Paul Ben-Victor,1,fbi|fbi agent|mafia|russian mafia|twin,http://www.imdb.com/title/tt0117011/?ref_=fn_tt_tt_1,68,English,USA,R,25,246,5.4,2.35,503
2002,b'Stealing Harvard',Color,Bruce McCulloch,52,85,54,455,Megan Mullally,985,13.973532,Comedy|Crime,Martin Starr,11211,3065,Chris Penn,1,black humor|crying during sex|harvard|humor|man with glasses,http://www.imdb.com/title/tt0265808/?ref_=fn_tt_tt_1,92,English,USA,PG-13,25,637,5.1,1.85,215
2015,b'Legend',Color,Brian Helgeland,260,132,241,151,Paul Anderson,27000,1.865774,Biography|Crime|Drama|History|Thriller,Tom Hardy,87682,27659,Tara Fitzgerald,2,1960s|based on a true story|gangster|identical twins|murder,http://www.imdb.com/title/tt3569230/?ref_=fn_tt_tt_1,174,English,UK,R,30,154,7,2.35,43000
2014,b'Draft Day',Color,Ivan Reitman,159,110,425,148,Chi McBride,3000,28.831145,Drama|Sport,Jennifer Garner,39357,3757,Patrick St. Esprit,1,cleveland browns|head coach|linebacker|nfl|team owner,http://www.imdb.com/title/tt2223990/?ref_=fn_tt_tt_1,113,English,USA,R,25,466,6.8,2.35,14000
2005,b'Lords of Dogtown',Color,Catherine Hardwicke,119,107,308,872,Michael Angarano,13000,11.008432,Biography|Drama|Sport,Heath Ledger,43903,16651,Rebecca De Mornay,0,1970s|skateboarder|skateboarding|surf|swimming pool,http://www.imdb.com/title/tt0355702/?ref_=fn_tt_tt_1,194,English,USA,PG-13,25,947,7.1,1.85,5000
1986,b'Big Trouble in Little China',Color,John Carpenter,180,99,0,52,Kate Burton,400,11.1,Action|Adventure|Comedy|Fantasy,Victor Wong,92464,896,Peter Kwong,1,1980s|airport|cb radio|truck|truck driver,http://www.imdb.com/title/tt0090728/?ref_=fn_tt_tt_1,331,English,USA,PG-13,25,223,7.3,2.35,19000
2012,b'A Perfect Plan',Color,Pascal Chaumeil,58,104,8,8,Malonn Lévana,172,0,Comedy|Romance,Dany Boon,5525,210,Alice Pol,2,curse|divorce|marriage|tourism|travel,http://www.imdb.com/title/tt1986843/?ref_=fn_tt_tt_1,11,French,France,0,17,20,6.3,2.35,853
2011,b'Warrior',Color,Gavin O'Connor,317,140,149,581,Frank Grillo,27000,13.651662,Drama|Sport,Tom Hardy,332276,29692,Kevin Dunn,1,alcoholic|mixed martial arts|return home|tournament|underdog,http://www.imdb.com/title/tt1291584/?ref_=fn_tt_tt_1,514,English,USA,PG-13,25,798,8.2,2.35,77000
2008,b'Stop-Loss',Color,Kimberly Peirce,143,112,108,2000,Channing Tatum,23000,10.91175,Drama|War,Joseph Gordon-Levitt,17757,43560,Abbie Cornish,2,friendship|honor|iraq war|soldier|texas,http://www.imdb.com/title/tt0489281/?ref_=fn_tt_tt_1,99,English,USA,R,25,17000,6.5,1.85,982
2002,b'Abandon',Color,Stephen Gaghan,72,99,79,956,Zooey Deschanel,16000,10.719367,Drama|Music|Mystery|Romance|Thriller,Charlie Hunnam,7909,28987,Tony Goldwyn,3,college|detective|disappearance|police detective|thesis,http://www.imdb.com/title/tt0267248/?ref_=fn_tt_tt_1,157,English,USA,PG-13,25,11000,4.9,2.35,261
2012,b'The Possession',Color,Ole Bornedal,264,92,30,309,Madison Davenport,941,49.122319,Horror|Thriller,Kyra Sedgwick,47169,2348,Natasha Calis,0,basketball coach|box|jewish|rabbi|yard sale,http://www.imdb.com/title/tt0431021/?ref_=fn_tt_tt_1,162,English,USA,PG-13,14,459,5.9,2.35,17000
1996,b'Mrs. Winterbourne',Color,Richard Benjamin,20,105,121,354,Jane Krakowski,3000,10.07,Comedy|Drama|Romance,Brendan Fraser,5668,5023,Cathryn de Prume,3,love|train|train wreck|twin brother|two word title,http://www.imdb.com/title/tt0117104/?ref_=fn_tt_tt_1,50,English,USA,PG-13,25,624,6.2,1.85,491
2011,b'Straw Dogs',Color,Rod Lurie,190,110,37,268,Laz Alonso,10000,10.324441,Action|Drama|Thriller,Alexander Skarsgård,27117,11431,Rhys Coiro,1,gang rape|panties pulled down|rape|rape victim|sexual humiliation,http://www.imdb.com/title/tt0999913/?ref_=fn_tt_tt_1,140,English,USA,R,25,826,5.8,2.35,7000
2006,b'The Hoax',Color,Lasse Hallström,142,116,529,174,Christopher Evan Welch,442,7.156933,Comedy|Drama,Hope Davis,14581,1134,James Biberi,0,book|fabrication|fake|hoax|manuscript,http://www.imdb.com/title/tt0462338/?ref_=fn_tt_tt_1,74,English,USA,R,25,252,6.7,1.85,348
2009,b'The Road',Color,John Hillcoat,355,111,214,3000,Charlize Theron,10000,0.056692,Adventure|Drama,Viggo Mortensen,177401,23566,Robert Duvall,2,apocalypse|boy|food|pistol|survival,http://www.imdb.com/title/tt0898367/?ref_=fn_tt_tt_1,504,English,USA,R,25,9000,7.3,2.35,32000
1984,b'Sheena',Color,John Guillermin,21,117,71,42,Donovan Scott,433,0,Adventure|Fantasy,Tanya Roberts,3334,611,Ted Wass,1,chimpanzee|elephant|jungle|mercenary|shaman,http://www.imdb.com/title/tt0088103/?ref_=fn_tt_tt_1,52,English,UK,PG,25,54,4.8,2.35,739
2005,b'Underclassman',Color,Marcos Siega,31,95,32,324,Nick Cannon,843,5.654777,Action|Comedy|Crime|Drama|Thriller,Cheech Marin,4875,2165,Kaylee DeFer,3,police|private school|shootout|undercover|wigger,http://www.imdb.com/title/tt0373416/?ref_=fn_tt_tt_1,26,English,USA,PG-13,25,593,4.1,2.35,206
2001,"b""Say It Isn't So""",Color,J.B. Rogers,87,95,6,248,Chris Klein,849,5.516708,Comedy|Romance,Eddie Cibrian,11375,2413,Jack Plotnick,2,bestiality|brother sister incest|fisting|hit on the head with a pipe|wedding,http://www.imdb.com/title/tt0239949/?ref_=fn_tt_tt_1,91,English,USA,R,25,841,4.9,1.85,295
2005,"b""The World's Fastest Indian""",Color,Roger Donaldson,126,127,79,50,Antony Starr,12000,5.128124,Biography|Drama|Sport,Anthony Hopkins,44198,12574,Craig Hall,1,mortgage|motorcycle|speed|trailer|utah,http://www.imdb.com/title/tt0412080/?ref_=fn_tt_tt_1,251,English,New Zealand,PG-13,25,506,7.9,2.35,11000
2006,b'Snakes on a Plane',Color,David R. Ellis,285,105,160,490,Kenan Thompson,852,34.014398,Action|Adventure|Crime|Drama|Thriller,Lin Shaye,115650,2603,Rachel Blanchard,0,baby rattle|famous line|murder|passenger|snake,http://www.imdb.com/title/tt0417148/?ref_=fn_tt_tt_1,1033,English,Germany,R,33,521,5.6,2.35,4000
2005,"b""King's Ransom""",Color,Jeffrey W. Byrd,23,95,2,807,Loretta Devine,927,4.006906,Comedy|Crime,Donald Faison,3229,4990,Regina Hall,7,hit in the crotch|kidnapping|nail gun|police|release from prison,http://www.imdb.com/title/tt0388183/?ref_=fn_tt_tt_1,20,English,USA,PG-13,15,912,4.1,1.85,83
2005,b'BloodRayne',Color,Uwe Boll,143,92,892,492,Udo Kier,783,1.55,Action|Adventure|Fantasy|Horror,Meat Loaf,30628,2930,Michael Paré,2,escape|half human|king|vampire|vampire hunter,http://www.imdb.com/title/tt0383222/?ref_=fn_tt_tt_1,471,English,USA,R,25,595,2.9,2.35,937
2011,b'Carnage',Color,Roman Polanski,376,80,2000,132,Christoph Waltz,14000,0,Comedy|Drama,Kate Winslet,96480,25143,Julie Adams,3,based on play|meeting|salesman|single set production|whiskey,http://www.imdb.com/title/tt1692486/?ref_=fn_tt_tt_1,181,English,France,R,25,11000,7.2,2.35,21000
2005,b'Where the Truth Lies',Color,Atom Egoyan,97,107,460,490,Alison Lohman,14000,0.871527,Crime|Drama|Mystery|Thriller,Colin Firth,14982,16090,Rachel Blanchard,2,breasts|death|female rear nudity|lesbian cunnilingus|rear entry sex,http://www.imdb.com/title/tt0373450/?ref_=fn_tt_tt_1,128,English,Canada,R,25,1000,6.5,2.35,507
1998,b'Without Limits',Color,Robert Towne,28,117,162,745,Monica Potter,2000,0.777423,Biography|Drama|Sport,Billy Burke,5841,4351,Billy Crudup,0,car crash|coach|death|oregon|university of oregon,http://www.imdb.com/title/tt0119934/?ref_=fn_tt_tt_1,57,English,USA,PG-13,25,878,7.2,2.35,942
2013,b'The Best Offer',Color,Giuseppe Tornatore,124,131,911,232,Sean Buchanan,5000,0.085433,Crime|Drama|Mystery|Romance,Jim Sturgess,69676,5954,Liya Kebede,2,antique|art|heiress|older man younger woman relationship|plot twist,http://www.imdb.com/title/tt1924396/?ref_=fn_tt_tt_1,131,English,Italy,R,13.5,234,7.8,2.35,31000
2009,b'Bad Lieutenant: Port of Call New Orleans',Color,Werner Herzog,280,122,0,407,Shea Whigham,12000,1.697956,Crime|Drama,Nicolas Cage,64944,13809,Shawn Hatosy,2,drugs|flood|hallucination|lieutenant|murder investigation,http://www.imdb.com/title/tt1095217/?ref_=fn_tt_tt_1,212,English,USA,R,20,463,6.7,1.85,6000
2010,b'Love Ranch',Color,Taylor Hackford,49,117,138,416,Bai Ling,908,0.134904,Comedy|Drama|Romance|Sport,Scout Taylor-Compton,2395,3204,Gil Birmingham,9,argentine|brothel|cancer|female full frontal nudity|fight,http://www.imdb.com/title/tt1125929/?ref_=fn_tt_tt_1,17,English,USA,R,25,581,5.7,1.78,636
2009,"b""The True Story of Puss'N Boots""",Color,Jérôme Deschamps,4,80,0,0,André Wilms,44,0,Adventure|Animation|Comedy,Yolande Moreau,753,53,Jérôme Deschamps,0,cartoon cat|cat|character name in title|puss in boots|surrealism,http://www.imdb.com/title/tt1239462/?ref_=fn_tt_tt_1,24,English,France,G,25,9,2.9,0,90
2010,b'Space Dogs',Color,Inna Evlannikova,16,85,0,7,Evgeniy Mironov,21,0,Adventure|Animation|Comedy|Family,Sergey Garmash,891,48,Aleksandr Bashirov,0,dog|flea|meteor|space|space dog,http://www.imdb.com/title/tt1272051/?ref_=fn_tt_tt_1,8,Russian,Russia,G,25,15,5.2,0,200
2013,b'The Counselor',Color,Ridley Scott,336,138,0,1000,Brad Pitt,13000,16.96939,Crime|Drama|Thriller,Michael Fassbender,80861,27797,Goran Visnjic,4,cunnilingus|drug trafficking|lawyer|no panties|shootout,http://www.imdb.com/title/tt2193215/?ref_=fn_tt_tt_1,431,English,USA,R,25,11000,5.3,2.35,24000
1970,b'Waterloo',Color,Sergey Bondarchuk,16,134,27,87,Dan O'Herlihy,279,0,Action|Drama|History|War,Rod Steiger,5911,705,Jack Hawkins,2,battle|costume drama|final battle|napoleon|napoleon bonaparte,http://www.imdb.com/title/tt0066549/?ref_=fn_tt_tt_1,76,English,Italy,G,25,128,7.3,2.35,690
2014,b'Red Sky',0,Mario Van Peebles,7,100,535,399,Mario Van Peebles,668,0,Action|Thriller,Martin Kove,1084,2204,Jacob Vargas,0,exploding airplane|fighter pilot|hands tied|held at gunpoint|military,http://www.imdb.com/title/tt1946381/?ref_=fn_tt_tt_1,11,English,USA,PG-13,25,535,4.1,0,437
2012,b'On the Road',Color,Walter Salles,252,137,179,4000,Viggo Mortensen,17000,0.717753,Adventure|Drama,Kristen Stewart,33107,33747,Kirsten Dunst,4,benzedrine|cactus|drugs|poem|year 1949,http://www.imdb.com/title/tt0337692/?ref_=fn_tt_tt_1,128,English,France,R,25,10000,6.1,2.35,27000
2015,b'Point Break',Color,Ericson Core,163,114,19,848,Edgar Ramírez,1000,28.772222,Action|Crime|Sport|Thriller,Ray Winstone,33958,3962,Delroy Lindo,1,athlete|extreme sports|fbi|fbi agent|heist,http://www.imdb.com/title/tt2058673/?ref_=fn_tt_tt_1,163,English,USA,PG-13,105,897,5.3,2.35,37000
2014,b'Think Like a Man Too',Color,Tim Story,52,106,167,676,Regina Hall,966,65.182182,Comedy|Romance,Romany Malco,15310,4830,David Walton,8,african american|imperative in title|las vegas nevada|nevada|wedding,http://www.imdb.com/title/tt2239832/?ref_=fn_tt_tt_1,38,English,USA,PG-13,24,807,5.7,2.35,3000
1991,b'The Fisher King',Color,Terry Gilliam,84,137,0,161,David Hyde Pierce,12000,41.895491,Comedy|Drama|Fantasy,Jeff Bridges,63274,12947,Harry Shearer,1,friendship|holy grail|massacre|redemption|video store,http://www.imdb.com/title/tt0101889/?ref_=fn_tt_tt_1,170,English,USA,R,24,443,7.6,1.85,12000
1998,b'I Still Know What You Did Last Summer',Color,Danny Cannon,125,100,41,970,Mekhi Phifer,45000,39.989008,Horror|Mystery,Muse Watson,55398,49847,Bill Cobbs,2,bahamas|fisherman|hook|island|roommate,http://www.imdb.com/title/tt0130018/?ref_=fn_tt_tt_1,418,English,USA,R,24,1000,4.6,2.35,891
2000,b'Nurse Betty',Color,Neil LaBute,156,110,119,265,Pruitt Taylor Vince,11000,25.16727,Comedy|Crime|Drama,Morgan Freeman,30119,12254,Kathleen Wilhoite,4,hospital|kansas city|obsession|salesman|soap opera,http://www.imdb.com/title/tt0171580/?ref_=fn_tt_tt_1,263,English,Germany,R,24,592,6.3,2.35,455
2009,b'The Men Who Stare at Goats',Color,Grant Heslov,271,94,293,939,Jeff Bridges,18000,32.416109,Comedy|War,Kevin Spacey,109620,32474,Stephen Root,0,first person narration|general|hampster|reference to loch ness monster|reporter,http://www.imdb.com/title/tt1234548/?ref_=fn_tt_tt_1,268,English,USA,R,25,12000,6.2,2.35,15000
2001,b'Double Take',Color,George Gallo,45,88,269,384,Eddie Griffin,1000,0.020218,Action|Comedy|Crime|Thriller,Daniel Roebuck,5431,2557,Garcelle Beauvais,2,cia|cia agent|fbi|mexico|train,http://www.imdb.com/title/tt0238948/?ref_=fn_tt_tt_1,50,English,USA,PG-13,24,489,5.3,2.35,204
2004,b'Win a Date with Tad Hamilton!',Color,Robert Luketic,84,95,126,886,Gary Cole,2000,16.964743,Comedy|Romance,Topher Grace,22844,4681,Nathan Lane,1,best friend|contest|date|small town|west virginia,http://www.imdb.com/title/tt0335559/?ref_=fn_tt_tt_1,140,English,USA,PG-13,24,989,5.6,2.35,876
1999,b'Muppets from Space',Color,Tim Hill,70,87,25,611,F. Murray Abraham,1000,16.290976,Adventure|Comedy|Family|Fantasy|Music|Sci-Fi,Josh Charles,14637,3243,David Arquette,0,alien|breakfast|escape|rat|ufo,http://www.imdb.com/title/tt0158811/?ref_=fn_tt_tt_1,100,English,USA,G,24,670,6.2,1.85,619
2000,b'Ready to Rumble',Color,Brian Robbins,51,107,48,940,Ellen Albertini Dow,1000,12.37241,Comedy|Sport,Oliver Platt,11709,4971,Martin Landau,1,gay subtext|homoerotic fight|homoeroticism|homosexual subtext|wcw wrestling,http://www.imdb.com/title/tt0217756/?ref_=fn_tt_tt_1,101,English,USA,PG-13,24,957,5.3,1.85,650
1999,b'Play It to the Bone',Color,Ron Shelton,73,124,41,197,Robert Wagner,512,8.427204,Comedy|Drama|Sport,Willie Garson,10100,1523,Lolita Davidovich,0,boxing movie|friendship|highway travel|male rear nudity|road movie,http://www.imdb.com/title/tt0196857/?ref_=fn_tt_tt_1,59,English,USA,R,24,481,5.4,2.35,153
2010,b'Piranha 3D',Color,Alexandre Aja,365,88,192,847,Kelly Brook,3000,25.003072,Comedy|Horror,Adam Scott,72552,5737,Jessica Szohr,0,bloody water|boat|party|piranha|spring break,http://www.imdb.com/title/tt0464154/?ref_=fn_tt_tt_1,374,English,USA,R,24,859,5.5,2.35,13000
1998,b'Meet the Deedles',Color,Steve Boyum,18,93,9,254,M.C. Gainey,23000,4.308981,Comedy|Family,Paul Walker,2265,24436,A.J. Langer,2,accidental kiss|eating a worm|park|worm|yellowstone national park,http://www.imdb.com/title/tt0120645/?ref_=fn_tt_tt_1,37,English,USA,PG,24,284,3.9,0,839
1993,b'The Princess and the Cobbler',Color,Richard Williams,10,80,18,73,Kenneth Williams,742,0.669276,Action|Adventure|Animation|Comedy|Fantasy,Donald Pleasence,2541,1088,Clive Revill,0,cobbler|desert|gold|princess|thief,http://www.imdb.com/title/tt0112389/?ref_=fn_tt_tt_1,47,English,UK,G,28,83,7.2,2.35,408
2004,b'The Bridge of San Luis Rey',Color,Mary McGuckian,16,120,6,382,F. Murray Abraham,22000,0.04288,Drama|Romance,Robert De Niro,2919,23769,Geraldine Chaplin,3,bridge|friar|inquisition|peru|rope bridge,http://www.imdb.com/title/tt0356443/?ref_=fn_tt_tt_1,50,English,UK,PG,24,670,5.1,1.85,181
2010,b'Faster',Color,George Tillman Jr.,196,98,88,706,Tom Berenger,12000,23.225911,Action|Crime|Drama|Thriller,Dwayne Johnson,80574,14699,Mike Epps,1,gun|prison|reference to god|reference to jesus christ|vengeance,http://www.imdb.com/title/tt1433108/?ref_=fn_tt_tt_1,157,English,USA,R,24,854,6.5,2.35,12000
2004,"b""Howl's Moving Castle""",Color,Hayao Miyazaki,212,119,6000,422,Blythe Danner,23000,4.710455,Adventure|Animation|Family|Fantasy,Christian Bale,214091,24263,Jean Simmons,0,anime|castle|demon|steampunk|witch,http://www.imdb.com/title/tt0347149/?ref_=fn_tt_tt_1,330,Japanese,Japan,PG,24,713,8.2,1.85,13000
2009,b'Zombieland',Color,Ruben Fleischer,445,88,181,11,Bill Murray,15000,75.590286,Adventure|Comedy|Horror|Sci-Fi,Emma Stone,386217,28011,Derek Graf,4,amusement park|on the road|zombie|zombie apocalypse|zombie spoof,http://www.imdb.com/title/tt1156398/?ref_=fn_tt_tt_1,553,English,USA,R,23.6,13000,7.7,2.35,26000
1980,b'Star Wars: Episode V - The Empire Strikes Back',Color,Irvin Kershner,223,127,883,441,Kenny Baker,11000,290.158751,Action|Adventure|Fantasy|Sci-Fi,Harrison Ford,837759,12643,Anthony Daniels,0,duel|famous twist|rebel|rescue|snowy landscape,http://www.imdb.com/title/tt0080684/?ref_=fn_tt_tt_1,900,English,USA,PG,18,504,8.8,2.35,17000
2011,b'The Ides of March',Color,George Clooney,421,101,0,1000,Philip Seymour Hoffman,33000,40.962534,Drama,Ryan Gosling,188652,57077,Jennifer Ehle,1,governor|intern|manager|ohio|politics,http://www.imdb.com/title/tt1124035/?ref_=fn_tt_tt_1,288,English,USA,R,12.5,22000,7.1,2.35,22000
2000,b'Pitch Black',Color,David Twohy,214,112,123,787,Radha Mitchell,14000,39.235088,Horror|Sci-Fi,Vin Diesel,193962,16196,Cole Hauser,0,captain|darkness|eclipse|space|survival,http://www.imdb.com/title/tt0134847/?ref_=fn_tt_tt_1,805,English,USA,R,23,991,7.1,2.35,5000
2013,b'Her',Color,Spike Jonze,574,126,0,105,Brian Johnson,19000,25.556065,Drama|Romance|Sci-Fi,Scarlett Johansson,355126,19359,Matt Letscher,1,divorce|female frontal nudity|future|loneliness|operating system,http://www.imdb.com/title/tt1798709/?ref_=fn_tt_tt_1,748,English,USA,R,23,128,8,1.85,148000
2016,b'Eddie the Eagle',Color,Dexter Fletcher,216,106,452,141,Taron Egerton,20000,15.785632,Biography|Comedy|Drama|Sport,Hugh Jackman,32513,21195,Tim McInnerny,3,1988 winter olympics|coach|ski jumper|winter|winter olympics,http://www.imdb.com/title/tt1083452/?ref_=fn_tt_tt_1,119,English,UK,PG-13,23,732,7.5,2.35,15000
1999,b'Anywhere But Here',Color,Wayne Wang,36,114,61,407,Eva Amurri Martino,20000,18.653615,Comedy|Drama,Natalie Portman,14786,22040,Shawn Hatosy,2,family relationships|female protagonist|nubile woman|policeman|teenager,http://www.imdb.com/title/tt0149691/?ref_=fn_tt_tt_1,103,English,USA,PG-13,23,797,6.1,2.35,638
2000,b'The Crew',Color,Michael Dinner,53,88,12,249,Dan Hedaya,327,13.019253,Comedy|Crime,Seymour Cassel,3914,1509,Lainie Kazan,4,beach|drug lord|drugs|hotel|stripper,http://www.imdb.com/title/tt0198386/?ref_=fn_tt_tt_1,47,English,USA,PG-13,23,281,5.6,1.85,153
1996,"b""Marvin's Room""",Color,Jerry Zaks,45,98,4,11000,Robert De Niro,29000,12.782508,Drama,Leonardo DiCaprio,20163,63194,Meryl Streep,2,house|leukemia|mental institution|nursing home|transplant,http://www.imdb.com/title/tt0116999/?ref_=fn_tt_tt_1,71,English,USA,PG-13,23,22000,6.7,1.85,1000
2008,b'The Longshots',Color,Fred Durst,47,94,258,424,Dash Mihok,721,11.508423,Biography|Comedy|Drama|Family|Sport,Tasha Smith,3174,2453,Garrett Morris,2,absent father|american football|based on true story|middle school,http://www.imdb.com/title/tt1091751/?ref_=fn_tt_tt_1,19,English,USA,PG,23,463,5.1,2.35,376
2004,b'Vanity Fair',Color,Mira Nair,118,141,300,73,Roger Lloyd Pack,805,16.123851,Drama,Romola Garai,17373,1618,Lillete Dubey,2,aristocrat|english|painter|painting|singer,http://www.imdb.com/title/tt0241025/?ref_=fn_tt_tt_1,148,English,USA,PG-13,23,539,6.2,2.35,767
2009,b'Bodyguards and Assassins',Color,Teddy Chan,55,139,3,107,Simon Yam,556,0,Action|Drama|History,Bingbing Fan,6263,1059,Nicholas Tse,0,giant|hong kong|hook and chain|knife fight|martial artist,http://www.imdb.com/title/tt1403130/?ref_=fn_tt_tt_1,33,Mandarin,China,0,23,155,6.9,2.35,765
2007,b'1408',Color,Mikael Håfström,314,114,101,23,Kim Thomson,129,71.975611,Fantasy|Horror,Drew Powell,209396,214,Alexandra Silber,0,book|debunking|evil|hotel|paranormal phenomena,http://www.imdb.com/title/tt0450385/?ref_=fn_tt_tt_1,580,English,USA,PG-13,25,25,6.8,2.35,11000
1987,b'Spaceballs',Color,Mel Brooks,103,96,0,542,Dick Van Patten,1000,38.119483,Adventure|Comedy|Sci-Fi,Joan Rivers,136667,2936,Michael Winslow,2,parody|planet enclosed within shield|sci fi spoof|self referential|winnebago,http://www.imdb.com/title/tt0094012/?ref_=fn_tt_tt_1,273,English,USA,PG,22.7,605,7.1,1.85,13000
2014,b'The Water Diviner',Color,Russell Crowe,183,111,0,234,Ryan Corr,523,4.19053,Drama|War,Cem Yilmaz,53341,1795,Steve Bastoni,0,australian|battle|battle of gallipoli|gallipoli|world war one,http://www.imdb.com/title/tt3007512/?ref_=fn_tt_tt_1,185,English,Australia,R,22.5,468,7.1,2.35,18000
2001,b'The Animal',Color,Luke Greenfield,75,84,42,182,Michael Papajohn,436,55.762229,Comedy|Sci-Fi,Louis Lombardi,47383,1203,Colleen Haskell,1,camera focus on a female butt|cartoon on tv|forest|hairy buttocks|seal the animal,http://www.imdb.com/title/tt0255798/?ref_=fn_tt_tt_1,132,English,USA,PG-13,22,241,4.8,1.85,1000
1982,b'Gandhi', Black and White,Richard Attenborough,95,189,0,249,Amrish Puri,545,0,Biography|Drama|History,Candice Bergen,171726,1943,John Gielgud,0,british|india|indian|muslim|pakistan,http://www.imdb.com/title/tt0083987/?ref_=fn_tt_tt_1,256,English,UK,PG,22,429,8.1,2.35,12000
2014,b'The Hundred-Foot Journey',Color,Lasse Hallström,180,122,529,171,Charlotte Le Bon,820,54.235441,Comedy|Drama,Manish Dayal,52894,1484,Juhi Chawla,3,chef|haute cuisine|indian cuisine|michelin guide|restaurant,http://www.imdb.com/title/tt2980648/?ref_=fn_tt_tt_1,185,English,USA,PG,22,201,7.3,2.35,55000
2001,b'I Am Sam',Color,Jessie Nelson,129,132,24,506,Loretta Devine,967,40.270895,Drama,Dianne Wiest,121937,3152,Richard Schiff,0,child custody|custody battle|disability|mentally impaired man|single father,http://www.imdb.com/title/tt0277027/?ref_=fn_tt_tt_1,431,English,USA,PG-13,22,912,7.6,1.85,15000
2014,b'Son of God',Color,Christopher Spencer,61,170,25,55,Amber Rose Revah,329,59.696176,Biography|Drama|History,Roma Downey,15448,775,Darwin Shaw,1,bare chested male bondage|crucifixion|loincloth|reference to god|resurrection,http://www.imdb.com/title/tt3210686/?ref_=fn_tt_tt_1,174,English,USA,PG-13,22,134,5.6,2.35,15000
1993,b'Shadowlands',Color,Richard Attenborough,23,115,0,266,James Frain,12000,25.842,Biography|Drama|Romance,Anthony Hopkins,13455,13619,Julian Fellowes,0,author|book|england|friend|oxford,http://www.imdb.com/title/tt0108101/?ref_=fn_tt_tt_1,87,English,UK,PG,22,1000,7.4,2.35,2000
2005,b'Deuce Bigalow: European Gigolo',Color,Mike Bigelow,98,83,2,137,Eddie Griffin,591,22.264487,Comedy,Carlos Ponce,41239,1729,Charles Keating,0,dolphin|gigolo|pimp|serial killer|villain arrested,http://www.imdb.com/title/tt0367652/?ref_=fn_tt_tt_1,166,English,USA,R,22,489,4.6,1.85,887
2015,b'Victor Frankenstein',Color,Paul McGuigan,159,110,118,287,Spencer Wilding,11000,5.773519,Drama|Horror|Sci-Fi|Thriller,Daniel Radcliffe,28621,12876,Daniel Mays,2,assistant|experiment|frankenstein|medical student|scientist,http://www.imdb.com/title/tt1976009/?ref_=fn_tt_tt_1,91,English,USA,PG-13,40,1000,6,2.35,11000
2001,b'Saving Silverman',Color,Dennis Dugan,97,96,221,110,Neil Diamond,240,19.351569,Comedy|Crime|Romance,Amanda Detmer,33287,664,Kyle Gass,1,female nudity|friend|kidnapping|love|nun,http://www.imdb.com/title/tt0239948/?ref_=fn_tt_tt_1,201,English,USA,PG-13,22,226,5.9,1.85,739
2001,b'The Glass House',Color,Daniel Sackheim,95,106,12,595,Bruce Dern,962,17.951431,Crime|Drama|Mystery|Thriller,Chris Noth,25462,4239,Trevor Morgan,1,car|car accident|death|friend|glass,http://www.imdb.com/title/tt0221218/?ref_=fn_tt_tt_1,200,English,USA,PG-13,30,844,5.8,2.35,804
2016,"b'Hail, Caesar!'",Color,Ethan Coen,423,106,1000,1000,Channing Tatum,19000,29.997095,Comedy|Mystery,Scarlett Johansson,60926,38494,Alden Ehrenreich,5,50s|film within a film|hollywood|illegitimate pregnancy|twins,http://www.imdb.com/title/tt0475290/?ref_=fn_tt_tt_1,302,English,UK,PG-13,22,17000,6.4,1.85,23000
2013,b'Homefront',Color,Gary Fleder,203,100,39,798,James Franco,26000,19.783777,Action|Crime|Drama|Thriller,Jason Statham,82804,39989,Frank Grillo,1,biker|biker gang|dea|dea agent|fight,http://www.imdb.com/title/tt2312718/?ref_=fn_tt_tt_1,154,English,USA,R,22,11000,6.5,2.35,15000
1993,b'RoboCop 3',Color,Fred Dekker,75,104,87,691,Rip Torn,1000,10.69621,Action|Crime|Sci-Fi|Thriller,CCH Pounder,35018,3148,Mako,0,android|corporation|ninja|police|robocop,http://www.imdb.com/title/tt0107978/?ref_=fn_tt_tt_1,180,English,USA,PG-13,23.5,826,3.9,1.85,716
2001,b'Megiddo: The Omega Code 2',Color,Brian Trenchard-Smith,18,104,53,576,Udo Kier,2000,5.974653,Action|Adventure|Fantasy|Sci-Fi|Thriller,Michael Biehn,2253,4221,Franco Nero,0,armageddon|battle|end times|reference to satan|sequel,http://www.imdb.com/title/tt0263728/?ref_=fn_tt_tt_1,111,English,USA,PG-13,22,595,4.1,1.85,158
1970,b'Darling Lili',Color,Blake Edwards,22,143,688,42,Vernon Dobtcheff,638,5,Comedy|Drama|Musical|Romance|War,Rock Hudson,1547,788,Jeremy Kemp,2,crepe suzette|french|mata hari spoof|song|spy,http://www.imdb.com/title/tt0065611/?ref_=fn_tt_tt_1,50,English,USA,G,25,50,6.2,2.35,104
1999,b'Dudley Do-Right',Color,Hugh Wilson,41,77,37,795,Alex Rocco,3000,9.694105,Comedy|Family|Romance,Brendan Fraser,8176,5568,Eric Idle,0,gold|gold rush|mirror|police officer|singer,http://www.imdb.com/title/tt0160236/?ref_=fn_tt_tt_1,77,English,USA,PG,22,968,3.8,2.35,272
2005,b'Joyeux Noel',Color,Christian Carion,115,116,13,140,Dany Boon,203,1.050445,Drama|History|Music|Romance|War,Gary Lewis,21394,773,Ian Richardson,0,christmas|no man's land|soldier|trench|world war one,http://www.imdb.com/title/tt0424205/?ref_=fn_tt_tt_1,147,French,France,PG-13,22,172,7.8,2.35,11000
2008,b'Mad Money',Color,Callie Khouri,98,104,144,290,Ted Danson,939,20.668843,Comedy|Crime|Thriller,Stephen Root,16831,2453,Roger Cross,3,bank|federal reserve bank|money|security guard|shredder,http://www.imdb.com/title/tt0951216/?ref_=fn_tt_tt_1,54,English,USA,PG-13,22,875,5.8,2.35,687
2014,b'Before I Go to Sleep',Color,Rowan Joffe,149,92,17,231,Ben Crompton,14000,2.963012,Drama|Mystery|Thriller,Colin Firth,48873,14617,Anne-Marie Duff,1,amnesia|female nudity|infidelity|nudity|therapist,http://www.imdb.com/title/tt1726592/?ref_=fn_tt_tt_1,105,English,UK,R,22,257,6.3,2.35,11000
2007,b'Molire',Color,Laurent Tirard,78,120,2,80,Ludivine Sagnier,809,0.634277,Comedy|History,Romain Duris,5166,1651,Fabrice Luchini,1,deathbed|play|playwright|prison|theater,http://www.imdb.com/title/tt0796335/?ref_=fn_tt_tt_1,27,French,France,PG-13,16,521,7.3,2.35,815
2013,b'Out of the Furnace',Color,Scott Cooper,288,116,108,120,Sam Shepard,23000,11.326836,Crime|Drama|Thriller,Christian Bale,83171,24134,Dendrie Taylor,0,ambiguous ending|brother brother relationship|drug dealer|fight club|revenge,http://www.imdb.com/title/tt1206543/?ref_=fn_tt_tt_1,231,English,USA,R,22,820,6.8,2.35,17000
1996,b'My Fellow Americans',Color,Peter Segal,27,101,88,812,Bradley Whitford,957,22.294341,Adventure|Comedy,Wilford Brimley,12278,4629,Sela Ward,3,gay pride|highway travel|president|road movie|u.s. president,http://www.imdb.com/title/tt0117119/?ref_=fn_tt_tt_1,71,English,USA,PG-13,21.5,821,6.5,1.85,758
2012,b'To Rome with Love',Color,Woody Allen,275,112,11000,159,Judy Davis,385,16.684352,Comedy|Romance,Ornella Muti,67893,1205,Alessandra Mastronardi,0,architect|celebrity|prostitute|shower|tourist,http://www.imdb.com/title/tt1859650/?ref_=fn_tt_tt_1,163,English,USA,R,17,223,6.3,1.85,18000
1993,b'Teenage Mutant Ninja Turtles III',Color,Stuart Gillard,60,96,8,199,John Aylward,533,42.66,Action|Adventure|Comedy|Family|Fantasy|Sci-Fi,Paige Turco,25086,1254,Matt Hill,0,battle|japan|magic|samurai|turtle,http://www.imdb.com/title/tt0108308/?ref_=fn_tt_tt_1,87,English,USA,PG,17,219,4.8,1.85,1000
2012,b'Silver Linings Playbook',Color,David O. Russell,539,122,737,14000,Robert De Niro,34000,132.08891,Comedy|Drama|Romance,Jennifer Lawrence,533607,72115,Bradley Cooper,0,adulterous wife|bipolar disorder|obsessive compulsive personality disorder|unhappy marriage|widow,http://www.imdb.com/title/tt1045658/?ref_=fn_tt_tt_1,692,English,USA,R,21,22000,7.8,2.35,117000
2007,b'Freedom Writers',Color,Richard LaGravenese,84,123,98,579,Scott Glenn,2000,36.581633,Biography|Crime|Drama,Hunter Parrish,52533,3994,Imelda Staunton,1,gang violence|high school|journal|marriage|teacher,http://www.imdb.com/title/tt0463998/?ref_=fn_tt_tt_1,235,English,Germany,PG-13,21,826,7.5,1.85,10000
1999,b'The Rage: Carrie 2', Black and White,Katt Shea,85,104,52,484,Rachel Blanchard,711,17.757087,Horror|Sci-Fi|Thriller,Jason London,13065,3162,Eddie Kaye Thomas,1,high school|party|prom|suicide|teenage girl,http://www.imdb.com/title/tt0144814/?ref_=fn_tt_tt_1,253,English,USA,R,21,490,4.6,1.85,897
2009,b'Away We Go',Color,Sam Mendes,217,98,0,374,Jim Gaffigan,925,9.430988,Comedy|Drama|Romance,Catherine O'Hara,45992,1997,Carmen Ejogo,2,baby|children|friend|love|road trip,http://www.imdb.com/title/tt1176740/?ref_=fn_tt_tt_1,115,English,USA,R,17,472,7.1,2.35,7000
2008,b'Swing Vote',Color,Joshua Michael Stern,131,120,0,886,Judge Reinhold,1000,16.28436,Comedy|Drama,Madeline Carroll,15079,6212,Nathan Lane,1,ballot|election|new mexico|vote|voting,http://www.imdb.com/title/tt1027862/?ref_=fn_tt_tt_1,79,English,USA,PG-13,21,901,6.1,2.35,1000
2002,b'Moonlight Mile',Color,Brad Silberling,111,112,52,347,Holly Hunter,15000,6.830957,Drama|Romance,Jake Gyllenhaal,11983,16692,Bob Clendenin,3,1970s|death|district attorney|fiancee|watching television,http://www.imdb.com/title/tt0179098/?ref_=fn_tt_tt_1,147,English,USA,PG-13,21,1000,6.7,2.35,365
2011,b'Tinker Tailor Soldier Spy',Color,Tomas Alfredson,466,127,140,10000,Colin Firth,19000,24.104113,Drama|Mystery|Thriller,Benedict Cumberbatch,149066,46241,Gary Oldman,1,cold war|hungary|mole|spy|woman on top,http://www.imdb.com/title/tt1340800/?ref_=fn_tt_tt_1,517,English,France,R,20,14000,7.1,2.35,24000
1999,b'Molly',Color,John Duigan,16,102,18,186,Jill Hennessy,670,0.015593,Comedy|Drama|Romance,Elaine Hendrix,2295,1562,Sarah Wynter,1,autism|experimental surgery|female nudity|forename as title|regression,http://www.imdb.com/title/tt0143746/?ref_=fn_tt_tt_1,40,English,USA,PG-13,21,419,5.8,1.85,284
2011,b'The Beaver',Color,Jodie Foster,276,91,0,220,Cherry Jones,34000,0.958319,Drama,Jennifer Lawrence,39764,34705,Riley Thomas Stewart,0,beaver puppet|depression|dysfunctional family|puppet|speech,http://www.imdb.com/title/tt1321860/?ref_=fn_tt_tt_1,148,English,USA,PG-13,21,242,6.7,2.35,17000
1999,b'eXistenZ',Color,David Cronenberg,196,115,0,716,Sarah Polley,1000,2.840417,Horror|Sci-Fi|Thriller,Jennifer Jason Leigh,77493,2990,Callum Rennie,0,assassin|game|game designer|pod|virtual reality,http://www.imdb.com/title/tt0120907/?ref_=fn_tt_tt_1,527,English,Canada,R,31,900,6.8,1.85,6000
1981,b'Raiders of the Lost Ark',Color,Steven Spielberg,234,115,14000,488,Karen Allen,11000,242.374454,Action|Adventure,Harrison Ford,661017,12906,William Hootkins,1,archeological dig|archeologist|ark of the covenant|egypt|nazi,http://www.imdb.com/title/tt0082971/?ref_=fn_tt_tt_1,771,English,USA,PG,18,783,8.5,2.35,16000
2003,b'Bringing Down the House',Color,Adam Shankman,121,105,163,338,Kimberly J. Brown,1000,132.541238,Comedy,Angus T. Jones,30058,2505,Steve Harris,2,divorce|lawyer|spanking|villain arrested|wrongful conviction,http://www.imdb.com/title/tt0305669/?ref_=fn_tt_tt_1,236,English,USA,PG-13,33,409,5.5,2.35,800
1991,b'The Silence of the Lambs',Color,Jonathan Demme,185,138,438,173,Scott Glenn,12000,130.727,Crime|Drama|Horror|Thriller,Anthony Hopkins,887467,13184,Anthony Heald,0,case file|fbi agent|psycho thriller|psychopath|serial killer,http://www.imdb.com/title/tt0102926/?ref_=fn_tt_tt_1,916,English,USA,R,19,826,8.6,1.85,40000
2013,b'The Conjuring',Color,James Wan,511,112,0,697,Lili Taylor,6000,137.387272,Horror|Mystery|Thriller,Mackenzie Foy,300110,9049,Hayley McFarland,0,based on true story|farmhouse|paranormal investigator|rhode island|supernatural power,http://www.imdb.com/title/tt1457767/?ref_=fn_tt_tt_1,807,English,USA,R,20,960,7.5,2.35,131000
2005,b'Are We There Yet?',Color,Brian Levant,75,95,32,563,Tracy Morgan,826,82.301521,Adventure|Comedy|Family|Romance,Nia Long,22679,3558,Jay Mohr,2,car fire|children|cockroach|independent film|new year,http://www.imdb.com/title/tt0368578/?ref_=fn_tt_tt_1,149,English,USA,PG,32,642,4.6,1.85,773
2014,b'Tammy',Color,Ben Falcone,148,100,265,265,Mark Duplass,989,84.518155,Comedy,Gary Cole,35965,2654,Ben Falcone,0,alcoholic|grandmother|highway travel|niagara falls|on the road,http://www.imdb.com/title/tt2103254/?ref_=fn_tt_tt_1,144,English,USA,R,20,830,4.9,1.85,11000
2011,b'The Descendants',Color,Alexander Payne,549,115,729,552,Nick Krause,8000,82.624961,Comedy|Drama,Shailene Woodley,205284,9578,Beau Bridges,0,boating accident|daughters|father daughter relationship|hospital|marriage,http://www.imdb.com/title/tt1033575/?ref_=fn_tt_tt_1,439,English,USA,R,20,727,7.3,2.35,22000
2010,b'The Last Song',Color,Julie Anne Robinson,123,107,30,318,Bobby Coleman,742,62.933793,Drama|Family|Music|Romance,Kelly Preston,62421,2341,Melissa Ordway,1,beach|fire|love|pianist|summer,http://www.imdb.com/title/tt1294226/?ref_=fn_tt_tt_1,185,English,USA,PG,20,360,5.8,2.35,10000
2013,b'12 Years a Slave',Color,Steve McQueen,597,134,0,500,Scoot McNairy,2000,56.66787,Biography|Drama|History,Quvenzhané Wallis,439176,4251,Taran Killam,0,racism|separation from family|social injustice|torture|whipping,http://www.imdb.com/title/tt2024544/?ref_=fn_tt_tt_1,695,English,USA,R,20,660,8.1,2.35,83000
2002,b'Drumline',Color,Charles Stone III,64,118,30,284,Nick Cannon,962,56.398162,Comedy|Drama|Music|Romance,Leonard Roberts,28649,2390,Jason Weaver,0,drumline|drummer|fish out of water|marching band|university,http://www.imdb.com/title/tt0303933/?ref_=fn_tt_tt_1,185,English,USA,PG-13,20,593,5.7,2.35,2000
1990,b'Edward Scissorhands',Color,Tim Burton,111,105,13000,658,Dianne Wiest,40000,56.362352,Fantasy|Romance,Johnny Depp,357581,42330,Conchata Ferrell,0,creation|inventor|magical realism|scissors|suburb,http://www.imdb.com/title/tt0099487/?ref_=fn_tt_tt_1,588,English,USA,PG-13,20,967,7.9,1.85,16000
2016,b'Me Before You',Color,Thea Sharrock,151,110,17,418,Emilia Clarke,11000,56.154094,Drama|Romance,Sam Claflin,44723,21852,Brendan Coyle,0,accident|caretaker|economic hardship|quadriplegic|wheelchair,http://www.imdb.com/title/tt2674426/?ref_=fn_tt_tt_1,130,English,UK,PG-13,20,10000,7.6,2.35,51000
2016,b'Bad Moms',Color,Jon Lucas,81,100,24,851,Jay Hernandez,15000,55.461307,Comedy,Mila Kunis,4654,18786,Jada Pinkett Smith,9,lesbian kiss|mom|pta|reference to mad max|scene during end credits,http://www.imdb.com/title/tt4651520/?ref_=fn_tt_tt_1,46,English,USA,R,20,1000,6.7,0,18000
2006,b'Date Movie',Color,Aaron Seltzer,99,85,64,729,Carmen Electra,3000,48.546578,Comedy|Romance,Alyson Hannigan,50415,6539,Fred Willard,0,female protagonist|greek|overweight|spoof|wedding planner,http://www.imdb.com/title/tt0466342/?ref_=fn_tt_tt_1,613,English,USA,PG-13,20,869,2.7,1.85,806
2002,b'Return to Never Land',Color,Robin Budd,80,72,2,434,Rob Paulsen,1000,48.423368,Adventure|Animation|Family|Fantasy,Roger Rees,13324,3402,Spencer Breslin,1,1940s|gang that lives together|outlaw gang|rescue|sequel,http://www.imdb.com/title/tt0280030/?ref_=fn_tt_tt_1,79,English,USA,G,20,677,5.8,1.66,302
2014,b'Selma',Color,Ava DuVernay,364,128,151,852,Tom Wilkinson,1000,52.066,Biography|Drama|History,David Oyelowo,61114,3869,Oprah Winfrey,0,civil rights|courage|protest|selma alabama|u.s. politics,http://www.imdb.com/title/tt1020072/?ref_=fn_tt_tt_1,212,English,UK,PG-13,20,1000,7.5,2.35,22000
2003,b'The Jungle Book 2',Color,Steve Trenbirth,85,72,0,384,Phil Collins,3000,47.887943,Adventure|Animation|Family|Musical,Haley Joel Osment,11634,4480,Tony Jay,0,dog|jungle|shot gun|tiger|village,http://www.imdb.com/title/tt0283426/?ref_=fn_tt_tt_1,58,English,USA,G,20,455,5.4,1.85,227
2005,b'Boogeyman',Color,Stephen Kay,140,89,19,349,Skye McCole Bartusiak,526,46.363118,Drama|Horror|Mystery|Thriller,Barry Watson,25960,1383,Charles Mesure,0,boogeyman|childhood|fear|hometown|uncle,http://www.imdb.com/title/tt0357507/?ref_=fn_tt_tt_1,389,English,USA,PG-13,20,392,4.1,1.85,1000
2000,b'The Tigger Movie',Color,Jun Falkenstein,89,77,25,16,John Fiedler,304,45.542421,Animation|Comedy|Drama|Family|Musical,Kath Soucie,13319,575,Ken Sansom,0,cartoon tiger|coming of age|tiger|tigger|title directed by female,http://www.imdb.com/title/tt0220099/?ref_=fn_tt_tt_1,53,English,USA,G,30,253,6.3,1.78,347
2009,b'Orphan',Color,Jaume Collet-Serra,265,123,174,602,CCH Pounder,87000,41.57374,Horror|Mystery|Thriller,Jimmy Bennett,141663,88953,Aryana Engineer,1,alcoholism|girl|little girl|orphan|troubled marriage,http://www.imdb.com/title/tt1148204/?ref_=fn_tt_tt_1,383,English,USA,R,0,1000,7,1.85,20000
2015,b'Max',Color,Boaz Yakin,61,111,132,455,Joseph Julian Soria,1000,42.652003,Adventure|Family,Jay Hernandez,18915,2851,Edgar Arreola,0,afghanistan|death of marine|dog|dog adoption|man dog relationship,http://www.imdb.com/title/tt3369806/?ref_=fn_tt_tt_1,87,English,USA,PG,20,465,6.8,2.35,33000
2015,b'Spotlight',Color,Tom McCarthy,474,128,310,77,Jamey Sheridan,745,44.98818,Biography|Crime|Drama|History,Billy Crudup,195333,1058,Brian d'Arcy James,2,cover up|investigation|journalist|newspaper|sexual abuse,http://www.imdb.com/title/tt1895587/?ref_=fn_tt_tt_1,409,English,USA,R,20,168,8.1,1.85,80000
2006,b'The Grudge 2',Color,Takashi Shimizu,131,137,70,464,Sarah Roemer,4000,39.143839,Horror|Thriller,Sarah Michelle Gellar,38658,5746,Matthew Knight,0,curse|ghost|haunted house|high school|schoolgirl,http://www.imdb.com/title/tt0433386/?ref_=fn_tt_tt_1,284,English,USA,PG-13,20,884,5,1.85,930
1979,b'The Black Hole',Color,Gary Nelson,90,98,20,160,Maximilian Schell,889,0,Action|Sci-Fi,Robert Forster,18481,2110,Yvette Mimieux,0,black hole|escape|palomino|robot|scientist,http://www.imdb.com/title/tt0078869/?ref_=fn_tt_tt_1,230,English,USA,PG,20,877,5.9,2.35,4000
2010,b'The American',Color,Anton Corbijn,333,105,210,101,Thekla Reuten,978,35.596227,Crime|Drama|Thriller,Violante Placido,79461,1454,Filippo Timi,1,ambush|assassin|priest|prostitute|sweden,http://www.imdb.com/title/tt1440728/?ref_=fn_tt_tt_1,463,English,USA,R,20,191,6.3,2.35,10000
2010,b'Vampires Suck',Color,Jason Friedberg,122,82,82,354,Dave Foley,759,36.658108,Comedy,Diedrich Bader,39095,2898,Anneliese van der Pol,7,cat|friend|love|sheriff|teenager,http://www.imdb.com/title/tt1666186/?ref_=fn_tt_tt_1,187,English,USA,PG-13,20,401,3.5,1.85,16000
2014,b'This Is Where I Leave You',Color,Shawn Levy,156,103,189,949,Abigail Spencer,2000,34.290142,Comedy|Drama,Tina Fey,54242,4662,Jane Fonda,8,brother sister relationship|childhood home|man child|sibling|vomiting,http://www.imdb.com/title/tt1371150/?ref_=fn_tt_tt_1,145,English,USA,R,19.8,1000,6.6,2.35,14000
2013,b'Texas Chainsaw 3D',Color,John Luessenhop,282,92,34,322,Keram Malicki-Sánchez,383,34.334256,Horror|Thriller,Gunnar Hansen,35131,1945,Shaun Sipos,0,chainsaw|halloween|mansion|massacre|texas,http://www.imdb.com/title/tt1572315/?ref_=fn_tt_tt_1,255,English,USA,R,11,333,4.8,2.35,16000
2013,b'Scary Movie 5',Color,Malcolm D. Lee,153,88,92,636,Snoop Dogg,31000,32.014289,Comedy,Marisa Saks,50337,34319,Molly Shannon,8,2010s|ape|ballet|psychic|supernatural,http://www.imdb.com/title/tt0795461/?ref_=fn_tt_tt_1,177,English,USA,PG-13,20,881,3.5,1.85,13000
2008,b'Milk',Color,Gus Van Sant,324,128,835,755,Denis O'Hare,11000,31.838002,Biography|Drama|History,James Franco,136673,13189,Lucas Grabeel,1,california|gay|gay activist|gay pickup|gay rights,http://www.imdb.com/title/tt1013753/?ref_=fn_tt_tt_1,281,English,USA,R,20,896,7.6,1.85,10000
2016,b'Risen',Color,Kevin Reynolds,122,107,58,47,Jan Cornet,141,36.874745,Action|Adventure|Drama|Mystery,Peter Firth,12276,389,María Botto,2,biblical|crucifixion|judea|resurrection|roman soldier,http://www.imdb.com/title/tt3231054/?ref_=fn_tt_tt_1,117,English,USA,PG-13,20,76,6.3,2.35,21000
2011,b'A Very Harold & Kumar 3D Christmas',Color,Todd Strauss-Schulson,161,90,12,587,Thomas Lennon,786,35.033759,Adventure|Comedy,Patton Oswalt,55008,2462,Paula Garcés,4,christmas|christmas tree|fire|new york city|stoner,http://www.imdb.com/title/tt1268799/?ref_=fn_tt_tt_1,93,English,USA,R,19,651,6.3,2.35,21000
2000,b'High Fidelity',Color,Stephen Frears,174,113,350,619,Lili Taylor,1000,27.277055,Comedy|Drama|Music|Romance,Drake Bell,143137,3141,Lisa Bonet,0,employer employee relationship|record store|store|thirty something|vinyl,http://www.imdb.com/title/tt0146882/?ref_=fn_tt_tt_1,602,English,UK,R,20,960,7.6,1.85,10000
1996,b'Eye for an Eye',Color,John Schlesinger,31,101,154,497,Beverly D'Angelo,1000,53.146,Crime|Drama|Thriller,Joe Mantegna,9845,3174,Philip Baker Hall,1,justice|rape|self defense|support group|vigilante,http://www.imdb.com/title/tt0116260/?ref_=fn_tt_tt_1,77,English,USA,R,20,816,6.1,1.85,613
2004,b'Eternal Sunshine of the Spotless Mind',Color,Michel Gondry,273,108,1000,1000,Kirsten Dunst,14000,34.126138,Drama|Fantasy|Romance|Sci-Fi,Kate Winslet,666937,19364,Tom Wilkinson,1,borderline personality disorder|loneliness|memory|playing against type|retrograde narrative,http://www.imdb.com/title/tt0338013/?ref_=fn_tt_tt_1,1514,English,USA,R,20,4000,8.3,1.85,52000
2013,"b""The World's End""",Color,Edgar Wright,427,109,1000,24,Thomas Law,177,26.003149,Action|Comedy|Sci-Fi,Michael Smiley,185587,278,Jasper Levine,6,alcoholic|doppelganger|group therapy|self mutilation|twin actresses for twin sisters,http://www.imdb.com/title/tt1213663/?ref_=fn_tt_tt_1,401,English,UK,R,20,55,7,2.35,49000
2007,b'Nancy Drew',Color,Andrew Fleming,93,99,26,650,Laura Harring,720,25.584685,Comedy|Crime|Family|Mystery|Romance|Thriller,Kay Panabaker,15877,3327,Tate Donovan,5,chase|clue|detective|movie star|murder,http://www.imdb.com/title/tt0479500/?ref_=fn_tt_tt_1,102,English,USA,PG,20,669,5.9,2.35,590
2011,b'Monte Carlo',Color,Thomas Bezucha,94,109,15,350,Luke Bracey,3000,23.179303,Adventure|Comedy|Family|Romance,Leighton Meester,32951,4257,Brett Cullen,3,cell phone|hotel|misunderstanding|monte carlo|young woman,http://www.imdb.com/title/tt1067774/?ref_=fn_tt_tt_1,44,English,Hungary,PG,20,775,5.8,1.85,6000
2006,b'The Covenant',Color,Renny Harlin,120,97,212,637,Kyle Schmid,960,23.292105,Action|Fantasy|Horror|Thriller,Laura Ramsey,39541,3261,Toby Hemingway,0,family secret|friendship between men|magic|supernatural power|teenager,http://www.imdb.com/title/tt0475944/?ref_=fn_tt_tt_1,334,English,USA,PG-13,20,917,5.3,2.35,3000
2009,b'Shorts',Color,Robert Rodriguez,103,89,0,470,Leo Howard,87000,20.916309,Comedy|Family|Fantasy,Jimmy Bennett,5332,88422,Jake Short,4,boy|family relationships|rock|twin|two headed person,http://www.imdb.com/title/tt1100119/?ref_=fn_tt_tt_1,37,English,USA,PG,40,570,4.9,1.85,431
1995,b'To Die For',Color,Gus Van Sant,59,106,835,458,Wayne Knight,1000,21.2,Comedy|Crime|Drama,Kurtwood Smith,34774,3598,Holland Taylor,0,career|fame|murder|new hampshire|television,http://www.imdb.com/title/tt0114681/?ref_=fn_tt_tt_1,162,English,USA,R,20,967,6.8,1.85,1000
2007,b'Georgia Rule',Color,Garry Marshall,88,113,0,949,Zachary Gordon,995,18.88288,Comedy|Drama,Hector Elizondo,20539,4039,Jane Fonda,3,alcoholic|rules|secret|summer|teenager,http://www.imdb.com/title/tt0791304/?ref_=fn_tt_tt_1,125,English,USA,R,20,975,5.9,2.35,681
1981,b'Under the Rainbow',Color,Steve Rash,13,98,15,281,Adam Arkin,691,8.5,Comedy,Mako,2061,1761,Billy Barty,0,assassin|hotel|japanese tourist|secret service|wizard of oz,http://www.imdb.com/title/tt0083254/?ref_=fn_tt_tt_1,34,English,USA,PG,20,374,5.4,1.78,501
2007,b'Into the Wild',Color,Sean Penn,274,148,0,826,William Hurt,17000,18.352454,Adventure|Biography|Drama,Kristen Stewart,426359,18752,Hal Holbrook,0,alaska|based on true story|male nudity|self discovery|wilderness,http://www.imdb.com/title/tt0758758/?ref_=fn_tt_tt_1,760,English,USA,R,15,882,8.2,2.35,76000
2006,b'School for Scoundrels',Color,Todd Phillips,110,108,480,579,Sarah Silverman,970,17.803796,Comedy,Jon Heder,26100,4374,Jacinda Barrett,1,paintball|paintball gun|pepper spray|tennis|what happened to epilogue,http://www.imdb.com/title/tt0462519/?ref_=fn_tt_tt_1,97,English,USA,PG-13,20,931,5.9,2.35,484
2012,b'Silent Hill: Revelation 3D',Color,Michael J. Bassett,173,95,83,206,Deborah Kara Unger,991,17.529157,Adventure|Drama|Horror|Mystery|Thriller,Radha Mitchell,49888,2173,Martin Donovan,0,18th birthday|alternate reality|introduction|nightmare|on the run,http://www.imdb.com/title/tt0938330/?ref_=fn_tt_tt_1,220,English,France,R,20,494,5,2.35,25000
1996,b'From Dusk Till Dawn',Color,Robert Rodriguez,165,108,0,844,Salma Hayek,16000,25.75384,Crime|Fantasy|Horror,Quentin Tarantino,219091,23296,Cheech Marin,2,brother|human versus vampire|rapist|stripper|vampire,http://www.imdb.com/title/tt0116367/?ref_=fn_tt_tt_1,592,English,USA,R,19,4000,7.3,1.85,12000
2005,"b""Pooh's Heffalump Movie""",Color,Frank Nissen,45,68,0,253,Brenda Blethyn,304,18.081626,Animation|Family|Fantasy|Mystery,Kath Soucie,4180,861,John Fiedler,0,creature|forest|mother son relationship|rabbit|winnie the pooh,http://www.imdb.com/title/tt0407121/?ref_=fn_tt_tt_1,32,English,USA,G,20,286,6.4,1.85,264
2002,b'The Country Bears',Color,Peter Hastings,43,88,0,939,Alex Rocco,3000,16.988996,Comedy|Family|Music|Musical,Haley Joel Osment,3875,8189,Stephen Root,1,animal in title|bear|box office flop|disney|satire,http://www.imdb.com/title/tt0276033/?ref_=fn_tt_tt_1,75,English,USA,G,35,968,4,1.85,422
2004,b'Paparazzi',Color,Paul Abascal,77,84,2,472,Tom Hollander,787,15.712072,Action|Crime|Drama|Thriller,Cole Hauser,13210,2915,Kelly Carlson,0,actor|coma|movie star|paparazzi|revenge,http://www.imdb.com/title/tt0338325/?ref_=fn_tt_tt_1,138,English,USA,PG-13,20,555,5.8,2.35,269
2008,b'Twilight',Color,Catherine Hardwicke,350,122,308,10000,Taylor Lautner,17000,191.449475,Drama|Fantasy|Romance,Kristen Stewart,348010,44061,Anna Kendrick,1,blood|high school|love|school|vampire,http://www.imdb.com/title/tt1099212/?ref_=fn_tt_tt_1,1535,English,USA,PG-13,37,12000,5.2,2.35,19000
2003,b'A Guy Thing',Color,Chris Koch,81,101,13,499,Lochlyn Munro,651,15.408822,Comedy|Romance,Thomas Lennon,14147,2698,James Brolin,3,bachelor party|climbing a tree|taxi|toilet|wedding,http://www.imdb.com/title/tt0295289/?ref_=fn_tt_tt_1,92,English,USA,PG-13,20,555,5.6,1.85,401
2000,b'Loser',Color,Amy Heckerling,81,98,143,153,Robert Miano,302,15.464026,Comedy|Romance,Andy Dick,23076,1189,Zak Orth,2,college|loser|love|new york city|overdose,http://www.imdb.com/title/tt0217630/?ref_=fn_tt_tt_1,158,English,USA,PG-13,20,216,5.3,1.85,1000
2009,b'Capitalism: A Love Story',Color,Michael Moore,222,105,909,173,Michael Moore,1000,14.359793,Crime|Documentary|News,Ronald Reagan,35137,2327,Bernie Sanders,0,capitalism|critique of capitalism|investment bank|market economy|plutocracy,http://www.imdb.com/title/tt1232207/?ref_=fn_tt_tt_1,188,English,USA,R,0,909,7.4,1.85,10000
2012,b'Lockout',Color,James Mather,289,95,4,80,Vincent Regan,788,14.29157,Action|Adventure|Sci-Fi|Thriller,Joseph Gilgun,82082,1414,Jacky Ido,2,bodyguard|maximum security prison|outer space|president|prison,http://www.imdb.com/title/tt1592525/?ref_=fn_tt_tt_1,236,English,France,PG-13,20,447,6.1,2.35,10000
2004,b'Envy',Color,Barry Levinson,76,99,272,62,Ariel Gade,1000,12.181484,Comedy,Amy Poehler,26390,1189,Sam Lerner,1,best friend|dog|envy|jealousy|neighbor,http://www.imdb.com/title/tt0326856/?ref_=fn_tt_tt_1,176,English,USA,PG-13,40,87,4.8,1.85,713
1994,b'Bullets Over Broadway',Color,Woody Allen,67,98,11000,967,Chazz Palminteri,1000,13.383737,Comedy|Crime,Jim Broadbent,29385,4302,Dianne Wiest,4,actress|bodyguard|new york city|play|playwright,http://www.imdb.com/title/tt0109348/?ref_=fn_tt_tt_1,86,English,USA,R,20,979,7.5,1.85,979
2002,b'The Quiet American',Color,Phillip Noyce,149,101,176,83,Tzi Ma,3000,12.987647,Drama|Mystery|Romance|Thriller|War,Brendan Fraser,24019,3431,Holmes Osborne,2,american|french|saigon|vietnam|vietnamese,http://www.imdb.com/title/tt0258068/?ref_=fn_tt_tt_1,199,English,UK,R,30,268,7.1,2.35,983
2002,b'Undisputed', Black and White,Walter Hill,64,94,394,565,Wes Studi,922,12.398628,Action|Crime|Drama|Sport,Fisher Stevens,21542,2880,Jon Seda,2,boxing|fight|heavyweight champion|iceman|prison,http://www.imdb.com/title/tt0281322/?ref_=fn_tt_tt_1,88,English,USA,R,20,855,6.1,2.35,977
2010,b'Let Me In',Color,Matt Reeves,390,116,198,884,Dylan Minnette,17000,12.13442,Drama|Fantasy|Horror|Mystery,Chloë Grace Moretz,92237,20258,Kodi Smit-McPhee,0,blood|boy|night|school|vampire,http://www.imdb.com/title/tt1228987/?ref_=fn_tt_tt_1,366,English,UK,R,20,1000,7.2,2.35,25000
1994,b'3 Ninjas Kick Back',Color,Charles T. Kanganis,5,93,18,181,Dustin Nguyen,400,11.784,Action|Comedy|Family,Victor Wong,6701,1151,Don Stark,0,1990s|dagger|japan|mousetrap|stick fight,http://www.imdb.com/title/tt0109015/?ref_=fn_tt_tt_1,26,English,USA,PG,20,220,4.3,1.85,444
1999,b'Three to Tango',Color,Damon Santostefano,81,98,4,677,Oliver Platt,2000,10.544143,Comedy|Romance,Matthew Perry,16372,4843,David Ramsey,2,architect|award|farce|love|misunderstanding,http://www.imdb.com/title/tt0144640/?ref_=fn_tt_tt_1,121,English,Australia,PG-13,20,1000,6.1,1.37,311
2015,b'Burnt',Color,John Wells,175,101,53,580,Omar Sy,14000,13.650738,Comedy|Drama,Bradley Cooper,61360,16926,Riccardo Scamarcio,1,chef|gay kiss|michelin star|restaurant|violent behavior,http://www.imdb.com/title/tt2503944/?ref_=fn_tt_tt_1,129,English,USA,R,20,1000,6.6,2.35,25000
1989,"b""We're No Angels""",Color,Neil Jordan,20,106,277,383,Demi Moore,22000,10.555348,Comedy|Crime,Robert De Niro,17349,24887,James Russo,0,con|convict|escape|police|priest,http://www.imdb.com/title/tt0098625/?ref_=fn_tt_tt_1,42,English,USA,PG-13,20,2000,6,2.35,855
2009,"b""Everybody's Fine""",Color,Kirk Jones,160,99,52,148,James Frain,22000,8.855646,Adventure|Drama,Robert De Niro,49855,23409,Brendan Sexton III,1,bus trip|parental love|retirement|surprise visit|train ride,http://www.imdb.com/title/tt0780511/?ref_=fn_tt_tt_1,117,English,USA,PG-13,21,1000,7.2,2.35,10000
2005,b'The Man',Color,Les Mayfield,72,83,10,69,Susie Essman,688,8.326035,Action|Comedy|Crime,Miguel Ferrer,21933,1019,Gigi Rice,2,buddy comedy|criminal|gun smuggling|mistaken identity|salesman,http://www.imdb.com/title/tt0399327/?ref_=fn_tt_tt_1,76,English,Germany,PG-13,33,99,5.5,1.85,676
2007,b'Code Name: The Cleaner',Color,Les Mayfield,53,91,10,436,Will Patton,716,8.104069,Action|Comedy|Crime,Callum Rennie,9785,2700,Cedric the Entertainer,3,comic violence|hand to hand combat|kung fu|talking to self in mirror|violence,http://www.imdb.com/title/tt0462229/?ref_=fn_tt_tt_1,26,English,USA,PG-13,20,537,4.5,1.85,233
2004,b'Connie and Carla',Color,Michael Lembeck,76,108,54,463,Nia Vardalos,786,8.05428,Comedy|Crime|Music,Debbie Reynolds,6838,2730,Dash Mihok,3,box office flop|drag queen|gender disguise|mafia|witness,http://www.imdb.com/title/tt0345074/?ref_=fn_tt_tt_1,117,English,USA,PG-13,20,567,6.3,1.85,924
2014,b'Inherent Vice',Color,Paul Thomas Anderson,401,148,0,175,Katherine Waterston,204,8.093318,Comedy|Crime|Drama|Mystery|Romance,Martin Dew,61935,707,Serena Scott Thomas,0,1960s|based on novel|ex boyfriend ex girlfriend relationship|southern california|voice over narration,http://www.imdb.com/title/tt1791528/?ref_=fn_tt_tt_1,242,English,USA,R,20,178,6.7,1.85,18000
2006,b'Doogal',Color,Dave Borthwick,31,77,3,593,Kylie Minogue,787,7.382993,Adventure|Animation|Comedy|Family|Fantasy,Jimmy Fallon,3851,2185,Jon Stewart,0,diamond|lava|magic|mountain|sorcerer,http://www.imdb.com/title/tt0763304/?ref_=fn_tt_tt_1,114,English,USA,G,20,690,2.8,1.85,346
2008,b'An American Carol',Color,David Zucker,45,83,119,633,Geoffrey Arend,885,7.00172,Comedy|Fantasy,Chriss Anglin,8560,2907,Gary Coleman,2,arab stereotype|box office flop|documentary filmmaker|filmmaker|terrorist,http://www.imdb.com/title/tt1190617/?ref_=fn_tt_tt_1,205,English,USA,PG-13,12,816,4.3,2.35,797
2013,b'Machete Kills',Color,Robert Rodriguez,260,107,0,99,Demián Bichir,2000,7.268659,Action|Comedy|Crime|Thriller,Alexa PenaVega,59248,2848,Marko Zaror,7,arms dealer|battle|bomb|machete|missile,http://www.imdb.com/title/tt2002718/?ref_=fn_tt_tt_1,164,English,Russia,R,20,749,5.6,1.85,48000
2008,b'Strange Wilderness',Color,Fred Wolf,58,87,29,522,Ashley Scott,1000,6.563357,Adventure|Comedy,Kevin Alejandro,18571,4218,Jeff Garlin,4,bigfoot|critically bashed|ecuador|friend|tv show,http://www.imdb.com/title/tt0489282/?ref_=fn_tt_tt_1,120,English,USA,R,20,794,5.3,2.35,847
1999,b'Topsy-Turvy',Color,Mike Leigh,103,154,608,149,Dexter Fletcher,1000,6.201757,Biography|Comedy|Drama|History|Music|Musical,Jim Broadbent,10037,1690,Lesley Manville,1,19th century|exhibition|gilbert and sullivan|gilbert and sullivan's princess ida|japanese,http://www.imdb.com/title/tt0151568/?ref_=fn_tt_tt_1,202,English,UK,R,10,452,7.4,1.66,608
2015,b'Little Boy',Color,Alejandro Monteverde,45,106,38,975,Cary-Hiroyuki Tagawa,1000,6.420319,Drama|War,Tom Wilkinson,15978,5705,Michael Rapaport,0,0,http://www.imdb.com/title/tt1810683/?ref_=fn_tt_tt_1,122,English,Mexico,PG-13,20,1000,7.4,2.35,15000
2011,b'A Dangerous Method',Color,David Cronenberg,345,99,0,691,Viggo Mortensen,13000,5.702083,Biography|Drama|Thriller,Michael Fassbender,80617,23755,Sarah Gadon,3,carl jung|patient|psychoanalysis|russian|sigmund freud,http://www.imdb.com/title/tt1571222/?ref_=fn_tt_tt_1,190,English,UK,R,15,10000,6.5,1.85,36000
2012,b'Chasing Mavericks',Color,Michael Apted,116,116,150,956,Abigail Spencer,18000,6.002756,Biography|Drama|Sport,Gerard Butler,24997,21200,Leven Rambin,2,box office flop|no opening credits|surfing|two word title|year 1987,http://www.imdb.com/title/tt1629757/?ref_=fn_tt_tt_1,75,English,USA,PG,20,1000,7.2,1.85,13000
2005,b'Alone in the Dark',Color,Uwe Boll,148,94,892,81,Darren Shahlavi,310,5.132655,Horror|Sci-Fi,Catherine Lough Haggquist,37626,838,Karin Konoval,0,artifact|creature|darkness|demon|museum,http://www.imdb.com/title/tt0369226/?ref_=fn_tt_tt_1,521,English,Canada,R,20,294,2.3,2.35,1000
2009,b'Bandslam',Color,Todd Graff,79,111,650,181,Charlie Saxton,690,5.205343,Comedy|Drama|Family|Music|Romance,Scott Porter,11958,1573,Ryan Donowho,3,battle of the bands|high school|rock 'n' roll|school|teenager,http://www.imdb.com/title/tt0976222/?ref_=fn_tt_tt_1,39,English,USA,PG,20,224,6.4,2.35,1000
2008,b'Passchendaele',Color,Paul Gross,25,114,329,544,Michael Greyeyes,1000,0,Drama|History|Romance|War,Landon Liboiron,6904,3493,Caroline Dhavernas,0,battle|canadian armed forces|canadian soldier|directed by star|veteran,http://www.imdb.com/title/tt1092082/?ref_=fn_tt_tt_1,102,English,Canada,R,20,912,6.5,2.35,971
2008,"b'Synecdoche, New York'",Color,Charlie Kaufman,245,124,0,631,Jennifer Jason Leigh,22000,3.081925,Comedy|Drama|Romance,Philip Seymour Hoffman,55842,24732,Samantha Morton,0,actress|director|play|theatre director|warehouse,http://www.imdb.com/title/tt0383028/?ref_=fn_tt_tt_1,274,English,USA,R,21,1000,7.5,2.35,13000
2003,b'Bon voyage', Black and White,Jean-Paul Rappeneau,69,114,22,413,Peter Coyote,572,2.353728,Comedy|Drama|Mystery|Romance|Thriller|War,Isabelle Adjani,4293,1776,Virginie Ledoyen,5,actress|bordeaux|german|heavy water|nazi,http://www.imdb.com/title/tt0310778/?ref_=fn_tt_tt_1,53,French,France,PG-13,20,548,6.9,2.35,235
1980,"b""Can't Stop the Music""",Color,Nancy Walker,26,124,42,161,Randy Jones,801,2,Biography|Comedy|Musical,Steve Guttenberg,2998,1462,Caitlyn Jenner,0,male frontal nudity|male full frontal nudity|male nudity|male rear nudity|new york city,http://www.imdb.com/title/tt0080492/?ref_=fn_tt_tt_1,74,English,USA,PG,20,174,4.5,2.35,1000
2003,b'Marci X',Color,Richard Benjamin,28,80,121,587,Jane Krakowski,836,1.646664,Comedy|Music,Damon Wayans,4518,2467,Paula Garcés,2,female protagonist|hip hop|jewish american princess|rapper|record label,http://www.imdb.com/title/tt0266747/?ref_=fn_tt_tt_1,66,English,USA,R,20,624,2.8,1.85,241
2002,b'Equilibrium',Color,Kurt Wimmer,146,107,110,722,Emily Watson,23000,1.190018,Action|Drama|Sci-Fi|Thriller,Christian Bale,261317,25088,Sean Pertwee,2,cleric|dystopia|fascist|law|neo noir,http://www.imdb.com/title/tt0238380/?ref_=fn_tt_tt_1,1137,English,USA,R,20,876,7.5,2.35,20000
2008,b'The Children of Huang Shi',Color,Roger Spottiswoode,67,125,55,2,Guang Li,991,1.027749,Drama|War,Radha Mitchell,8087,1003,Matthew Walker,4,british|communist|journalist|nurse|orphan,http://www.imdb.com/title/tt0889588/?ref_=fn_tt_tt_1,33,English,Australia,R,40,10,7.1,2.35,1000
2000,b'The Yards',Color,James Gray,93,115,115,977,Ellen Burstyn,9000,0.88271,Crime|Drama|Romance|Thriller,Charlize Theron,16215,11433,Faye Dunaway,2,best friend|corruption|fall to death|female nudity|friend,http://www.imdb.com/title/tt0138946/?ref_=fn_tt_tt_1,138,English,USA,R,24,1000,6.4,2.35,401
2012,b'The Oogieloves in the Big Balloon Adventure',Color,Matthew Diamond,28,88,12,231,Garrett Clayton,979,1.064277,Adventure|Family|Fantasy|Musical,Chazz Palminteri,14015,1978,Toni Braxton,0,balloon|birthday|box office flop|critically bashed,http://www.imdb.com/title/tt1520498/?ref_=fn_tt_tt_1,83,English,USA,G,20,532,6.7,0,831
2005,b'The Game of Their Lives',Color,David Anspaugh,21,101,25,407,Costas Mandylor,18000,0.375474,Drama|History|Sport,Gerard Butler,2613,20354,Jimmy Jean-Louis,0,1950s|brazil|soccer|soccer movie|world cup,http://www.imdb.com/title/tt0354595/?ref_=fn_tt_tt_1,46,English,USA,PG,20,723,6.2,2.35,445
1994,b'Rapa Nui',Color,Kevin Reynolds,9,107,58,324,Jason Scott Lee,699,0.30507,Action|Adventure|Drama|History|Romance,Esai Morales,3843,1592,Sandrine Holt,1,easter island|location in title|statue|topless female nudity|two word title,http://www.imdb.com/title/tt0110944/?ref_=fn_tt_tt_1,25,English,USA,R,20,533,6.4,2.35,399
2008,b'CJ7',Color,Stephen Chow,83,86,0,3,Yuqi Zhang,46,0.206678,Comedy|Family|Sci-Fi,Jiao Xu,11391,82,Chi Chung Lam,1,father son relationship|miracle|school|ufo|written and directed by cast member,http://www.imdb.com/title/tt0940709/?ref_=fn_tt_tt_1,66,Cantonese,Hong Kong,PG,0,33,6.5,2.35,1000
1998,b'Les couloirs du temps: Les visiteurs II',Color,Jean-Marie Poiré,8,118,8,11,Philippe Nahon,106,0.146072,Comedy|Family|Fantasy|Sci-Fi,Christian Clavier,7147,182,Marie-Anne Chazel,0,jewel|knight|magical potion|sequel|time travel comedy,http://www.imdb.com/title/tt0120882/?ref_=fn_tt_tt_1,16,French,France,0,140,56,6,2.35,136
2002,b'People I Know',Color,Daniel Algrant,42,100,3,442,Richard Schiff,14000,0.121972,Crime|Drama|Mystery,Al Pacino,9868,15612,Mark Webber,3,actor|client|new york|protection|scandal,http://www.imdb.com/title/tt0274711/?ref_=fn_tt_tt_1,81,English,USA,R,22,506,5.5,1.85,217
2007,b'The Touch',Color,Jane Clark,0,7,23,51,Traci Dinwiddie,344,0,Romance|Short,Necar Zadegan,118,726,Elea Oberon,0,lesbian|paris france|period piece|poem|poetess,http://www.imdb.com/title/tt1128219/?ref_=fn_tt_tt_1,0,English,USA,0,0.013,281,5.2,1.85,30
2008,b'Three Kingdoms: Resurrection of the Dragon',Color,Daniel Lee,29,102,10,60,Sammo Kam-Bo Hung,483,0,Action|Drama|History|War,Andy Lau,5154,1113,Andy On,3,art of war|china|civil war|female warrior|musician,http://www.imdb.com/title/tt0882978/?ref_=fn_tt_tt_1,29,Mandarin,China,R,25,472,6.2,2.35,314
2012,b'Zambezia',Color,Wayne Thornley,39,83,0,700,Phil LaMarr,12000,0,Adventure|Animation|Comedy|Family,Leonard Nimoy,5203,15680,Noureen DeWulf,0,bird|city name in title|falcon|one word title|place name in title,http://www.imdb.com/title/tt1488181/?ref_=fn_tt_tt_1,11,English,South Africa,G,20,857,5.8,1.78,1000
2014,b'Ramanujan',Color,Gnana Rajasekaran,2,153,0,7,Michael Lieber,109,0,Biography|Drama|History,Mani Bharathi,102,164,Kevin McGowan,0,ramanujan,http://www.imdb.com/title/tt3037162/?ref_=fn_tt_tt_1,1,English,India,0,0,36,7,2.35,58
2014,b'Dwegons and Leprechauns',Color,Tom Walsh,2,98,2,53,Maggie Wheeler,729,0,Animation,Joey D. Vieira,50,1092,Jacqueline Lovell,4,dwegons,http://www.imdb.com/title/tt1134666/?ref_=fn_tt_tt_1,3,English,USA,PG,20,282,4.8,0,70
2013,b'The Frozen Ground',Color,Scott Walker,120,105,17,897,Radha Mitchell,12000,0,Crime|Drama|Mystery|Thriller,Nicolas Cage,43879,16355,Jodi Lyn O'Keefe,3,anchorage alaska|based on true story|pole dancer|serial killer|strip club,http://www.imdb.com/title/tt2005374/?ref_=fn_tt_tt_1,133,English,USA,R,27.22,991,6.4,2.35,11000
2011,b'Bad Teacher',Color,Jake Kasdan,286,97,52,384,John Michael Higgins,3000,100.292856,Comedy,Justin Timberlake,160418,5547,Phyllis Smith,0,boob job|breast enlargement|breast surgery|cheating on a test|ejaculation,http://www.imdb.com/title/tt1284575/?ref_=fn_tt_tt_1,296,English,USA,R,20,957,5.7,1.85,16000
1996,b'Scream',Color,Wes Craven,242,103,0,157,W. Earl Brown,611,103.001286,Horror|Mystery,David Arquette,222018,1212,Roger Jackson,0,mask|mystery killer|slasher|teenage girl|telephone,http://www.imdb.com/title/tt0117571/?ref_=fn_tt_tt_1,869,English,USA,R,15,422,7.2,2.35,11000
1980,b'The Shining',Color,Stanley Kubrick,253,146,0,413,Shelley Duvall,888,0,Drama|Horror,Scatman Crothers,610333,2560,Joe Turkel,0,breaking down a door|haunted hotel|identical twins|labyrinth|twin sisters,http://www.imdb.com/title/tt0081505/?ref_=fn_tt_tt_1,1320,English,USA,R,19,629,8.4,1.37,37000
1985,b'Back to the Future',Color,Robert Zemeckis,198,116,0,459,Thomas F. Wilson,1000,210.609762,Adventure|Comedy|Sci-Fi,Lea Thompson,732212,3230,J.J. Cohen,0,clock tower|delorean|future|time travel|time travel comedy,http://www.imdb.com/title/tt0088763/?ref_=fn_tt_tt_1,809,English,USA,PG,19,690,8.5,1.18,39000
2009,b'I Can Do Bad All by Myself',Color,Tyler Perry,36,113,0,256,Mary J. Blige,607,51.697449,Comedy|Drama,Eric Mendenhall,8346,1465,Hope Olaide Wilson,6,aunt|immigrant|looting|love|nightclub singer,http://www.imdb.com/title/tt1385912/?ref_=fn_tt_tt_1,59,English,USA,PG-13,13,269,4.1,1.85,1000
2016,b'Fight Valley',Color,Rob Hawk,6,90,97,319,Erin O'Brien,731,0,Action|Drama,Kari J. Kramer,60,2374,Cabrina Collesides,4,0,http://www.imdb.com/title/tt4280822/?ref_=fn_tt_tt_1,6,English,USA,0,27,634,5,0,1000
2011,"b""The Devil's Double""",Color,Lee Tamahori,167,109,93,521,Dominic Cooper,31000,1.357042,Biography|Drama|Thriller,Mem Ferda,53977,35561,Ludivine Sagnier,1,betrayal|debauchery|lust|palace|saddam hussein,http://www.imdb.com/title/tt1270262/?ref_=fn_tt_tt_1,125,English,Belgium,R,15,3000,7.1,2.35,14000
2000,b'Thomas and the Magic Railroad',Color,Britt Allcroft,47,85,2,402,Colm Feore,1000,15.911333,Adventure|Comedy|Drama|Family|Fantasy,Mara Wilson,2855,2429,Peter Fonda,1,locomotive|magic|mountain|railroad|steam locomotive,http://www.imdb.com/title/tt0205461/?ref_=fn_tt_tt_1,119,English,UK,G,19,539,3.6,1.85,663
2001,b'Spirited Away',Color,Hayao Miyazaki,246,125,6000,7,Ryûnosuke Kamiki,17,10.049886,Adventure|Animation|Family|Fantasy,Bunta Sugawara,417971,44,Miyu Irino,0,anime|bathhouse|pig|spirit|work,http://www.imdb.com/title/tt0245429/?ref_=fn_tt_tt_1,902,Japanese,Japan,PG,19,10,8.6,1.85,28000
2013,b'Firestorm',Color,Alan Yuen,23,118,0,30,Michael Wong,483,0,Action|Crime|Thriller,Andy Lau,1904,635,Terence Yin,1,die hard scenario|gunfight|hong kong police|police escort attacked|shootout,http://www.imdb.com/title/tt3341072/?ref_=fn_tt_tt_1,12,Mandarin,China,0,0,91,6.2,2.35,332
1984,b'The Bounty',Color,Roger Donaldson,29,132,79,1000,Anthony Hopkins,14000,8.6,Action|Adventure|Drama|History|Romance,Liam Neeson,17982,28094,Laurence Olivier,2,lieutenant|lifeboat|mutiny|sailing ship|ship,http://www.imdb.com/title/tt0086993/?ref_=fn_tt_tt_1,95,English,UK,PG,25,12000,7,2.35,1000
2013,b'The Book Thief',Color,Brian Percival,252,131,33,326,Sophie Nélisse,876,21.483154,Drama|War,Emily Watson,98741,1985,Roger Allam,1,basement|book|girl|library|track,http://www.imdb.com/title/tt0816442/?ref_=fn_tt_tt_1,236,English,USA,PG-13,19,526,7.6,2.35,53000
2010,b'Leap Year',Color,Anand Tucker,134,100,14,356,Kaitlin Olson,3000,0.012561,Comedy|Romance,Adam Scott,71276,4094,Dominique McElligott,2,ireland|irish|journey|tradition|travel,http://www.imdb.com/title/tt1216492/?ref_=fn_tt_tt_1,181,English,USA,PG,19,547,6.4,2.35,13000
1993,b'The Nutcracker',Color,Emile Ardolino,10,92,22,0,Kyra Nichols,2,2.119994,Family|Fantasy|Music,Darci Kistler,1153,2,Margaret Tracey,0,christmas|lifting female in air|lifting male in air|lifting someone into the air|little girl,http://www.imdb.com/title/tt0107719/?ref_=fn_tt_tt_1,15,English,USA,G,19,0,5.7,1.85,238
1996,b'Kansas City',Color,Robert Altman,31,116,500,530,Jennifer Jason Leigh,12000,1.292527,Crime|Drama|Music|Thriller,Steve Buscemi,3536,14579,Miranda Richardson,2,1930s|election|female frontal nudity|kansas city|politician,http://www.imdb.com/title/tt0116745/?ref_=fn_tt_tt_1,44,English,France,R,19,1000,6.3,1.85,228
2016,b'Indignation',Color,James Schamus,63,110,44,85,Sarah Gadon,8000,0.560512,Drama,Logan Lerman,550,8972,Tracy Letts,0,based on novel,http://www.imdb.com/title/tt4193394/?ref_=fn_tt_tt_1,3,Hebrew,USA,R,0,691,7.8,2,599
2013,b'Out of Inferno',Color,Danny Pang,23,107,15,27,Angelica Lee,82,0,Action,Louis Koo,625,151,Ching Wan Lau,2,0,http://www.imdb.com/title/tt2957680/?ref_=fn_tt_tt_1,4,Chinese,China,PG-13,0,39,5.7,1.85,124
1998,b'Fear and Loathing in Las Vegas',Color,Terry Gilliam,156,118,0,551,Michael Jeter,40000,10.562387,Adventure|Comedy|Drama,Johnny Depp,213226,43105,Ellen Barkin,0,american dream|convertible|drugs|journalist|lawyer,http://www.imdb.com/title/tt0120669/?ref_=fn_tt_tt_1,648,English,USA,R,18.5,693,7.7,2.35,15000
2009,b'The Invention of Lying',Color,Ricky Gervais,192,100,0,985,Tina Fey,3000,18.439082,Comedy|Fantasy|Romance,Jennifer Garner,94292,7252,Martin Starr,3,genetics|heaven|lie|screenwriter|truth,http://www.imdb.com/title/tt1058017/?ref_=fn_tt_tt_1,287,English,USA,PG-13,18.5,2000,6.4,1.85,13000
2014,b'Neighbors',Color,Nicholas Stoller,351,97,89,329,Carla Gallo,920,150.056505,Comedy,Craig Roberts,216581,2771,Ike Barinholtz,3,broken leg|friendship|jewish|topless female nudity|urination,http://www.imdb.com/title/tt2004420/?ref_=fn_tt_tt_1,397,English,USA,R,18,798,6.4,2.35,21000
2014,b'Left Behind',Color,Vic Armstrong,169,110,179,734,Lea Thompson,12000,13.998282,Action|Drama|Fantasy|Mystery|Thriller,Nicolas Cage,24854,15044,Quinton Aaron,1,bible quote|chaos|faith|riot|shrine,http://www.imdb.com/title/tt2467046/?ref_=fn_tt_tt_1,374,English,USA,PG-13,16,1000,3.1,2.35,31000
2004,b'Barbershop 2: Back in Business', Black and White,Kevin Rodney Sullivan,50,106,8,521,Sean Patrick Thomas,748,64.955956,Comedy|Drama,Harry Lennix,10104,3956,Kenan Thompson,4,barbecue|barbershop|blaxploitation|marriage|politics,http://www.imdb.com/title/tt0337579/?ref_=fn_tt_tt_1,69,English,USA,PG-13,18,656,5.7,1.85,265
2003,b'Bad Santa',Color,Terry Zwigoff,195,98,72,566,Tony Cox,1000,60.057639,Comedy|Crime|Drama,Bernie Mac,107815,3151,Alex Borstein,2,bartender|christmas|christmas eve|department store|drink,http://www.imdb.com/title/tt0307987/?ref_=fn_tt_tt_1,485,English,USA,R,18,624,7.1,1.85,10000
2016,b'My Big Fat Greek Wedding 2',Color,Kirk Jones,156,94,52,261,Louis Mandylor,567,59.573085,Comedy|Family|Romance,Nia Vardalos,13562,2259,Joey Fatone,10,family restaurant|greek|remarriage|suburb|wedding,http://www.imdb.com/title/tt3760922/?ref_=fn_tt_tt_1,103,English,USA,PG-13,18,312,6.1,2.35,19000
1987,b'Predator',Color,John McTiernan,217,107,323,794,Bill Duke,1000,59.735548,Action|Horror|Sci-Fi,Shane Black,290949,4223,Carl Weathers,1,box office hit|commando|death of friend|jungle|severed arm,http://www.imdb.com/title/tt0093773/?ref_=fn_tt_tt_1,629,English,USA,R,15,1000,7.8,1.85,13000
1984,b'Amadeus',Color,Milos Forman,134,180,869,521,F. Murray Abraham,692,51.6,Biography|Drama|History|Music,Jeffrey Jones,270790,3076,Tom Hulce,0,1800s|classical composer|composer|first person narration|opera,http://www.imdb.com/title/tt0086879/?ref_=fn_tt_tt_1,549,English,USA,R,18,670,8.3,2.35,16000
2008,b'Prom Night',Color,Nelson McCormick,146,89,29,458,Scott Porter,2000,43.818159,Horror|Mystery,Ming-Na Wen,27664,4867,Collins Pennie,0,friend|hotel|killer|murder|prom,http://www.imdb.com/title/tt0926129/?ref_=fn_tt_tt_1,260,English,USA,PG-13,20,690,3.9,2.35,1000
2014,b'Birdman or (The Unexpected Virtue of Ignorance)',Color,Alejandro G. Iñárritu,588,119,0,529,Naomi Watts,15000,42.335698,Comedy|Drama|Romance,Emma Stone,395087,21668,Merritt Wever,8,actor|artist|broadway play|replacement|stage,http://www.imdb.com/title/tt2562232/?ref_=fn_tt_tt_1,1101,English,USA,R,18,6000,7.8,1.85,114000
2013,b'Blue Jasmine',Color,Woody Allen,415,98,11000,218,Charlie Tahan,594,33.404871,Drama,Sally Hawkins,150082,1353,Andrew Dice Clay,1,congenital liar|mental breakdown|self deception|snob|talking to oneself,http://www.imdb.com/title/tt2334873/?ref_=fn_tt_tt_1,384,English,USA,PG-13,18,268,7.3,2.35,36000
1996,b'Spy Hard',Color,Rick Friedberg,27,81,8,341,Barry Bostwick,844,26.906039,Action|Comedy,Hulk Hogan,29621,2653,Nicollette Sheridan,2,1990s|dentist|hit with a door|martial arts|museum,http://www.imdb.com/title/tt0117723/?ref_=fn_tt_tt_1,76,English,USA,PG-13,18,456,5.3,1.85,588
1980,b'The Fog',Color,John Carpenter,212,89,0,606,Hal Holbrook,2000,21.378,Fantasy|Horror,Jamie Lee Curtis,46492,4877,Janet Leigh,0,california|fog|leper|lighthouse|ship,http://www.imdb.com/title/tt0080749/?ref_=fn_tt_tt_1,335,English,USA,R,1,826,6.8,2.35,7000
2011,b'Soul Surfer',Color,Sean McNamara,110,106,80,723,Chris Brochu,2000,43.853424,Biography|Drama|Family|Sport,Dennis Quaid,35514,5024,Craig T. Nelson,1,christian|christian film|shark|surfer|surfing,http://www.imdb.com/title/tt1596346/?ref_=fn_tt_tt_1,114,English,USA,PG,18,795,7.1,2.35,15000
1984,b'Conan the Destroyer',Color,Richard Fleischer,77,103,130,406,Olivia d'Abo,691,26.4,Action|Adventure|Fantasy,Mako,62009,2481,Grace Jones,1,gods|princess|queen|rescue|wizard,http://www.imdb.com/title/tt0087078/?ref_=fn_tt_tt_1,109,English,USA,PG,18,476,5.8,2.35,2000
2010,b'127 Hours',Color,Danny Boyle,450,94,0,223,Treat Williams,11000,18.329466,Adventure|Biography|Drama|Thriller,James Franco,279179,11984,Kate Burton,0,alone|aron ralston|based on autobiography|canyon|survival,http://www.imdb.com/title/tt1542344/?ref_=fn_tt_tt_1,440,English,USA,R,18,642,7.6,1.85,63000
2000,b'Small Time Crooks',Color,Woody Allen,128,94,11000,975,Jon Lovitz,11000,17.07123,Comedy|Crime,Woody Allen,31169,23283,Michael Rapaport,0,apartment building|crook|new york city|three word title|written and directed by cast member,http://www.imdb.com/title/tt0196216/?ref_=fn_tt_tt_1,192,English,USA,PG,18,11000,6.7,1.85,812
2004,b'Catch That Kid',Color,Bart Freundlich,54,91,38,362,Corbin Bleu,17000,16.702864,Comedy|Crime,Kristen Stewart,8023,18711,Kevin G. Schmidt,0,caper|computer genius|dog|heist|security chief,http://www.imdb.com/title/tt0337917/?ref_=fn_tt_tt_1,49,English,USA,PG,18,632,5.2,1.85,591
2015,b'Steve Jobs',Color,Danny Boyle,412,122,0,816,Michael Fassbender,14000,17.750583,Biography|Drama,Kate Winslet,93548,28933,Michael Stuhlbarg,0,apple computer|box office flop|computer|dialogue driven|father daughter relationship,http://www.imdb.com/title/tt2080374/?ref_=fn_tt_tt_1,307,English,UK,R,30,13000,7.2,2.35,23000
1981,b'The Legend of the Lone Ranger',Color,William A. Fraker,25,98,28,102,Richard Farnsworth,372,8,Action|Adventure|Western,Jason Robards,1400,927,Michael Horse,0,ambush|hero|masked hero|outlaw|texas ranger,http://www.imdb.com/title/tt0082648/?ref_=fn_tt_tt_1,41,English,USA,PG,18,262,5,2.35,346
2001,b'The Tailor of Panama',Color,John Boorman,104,109,128,1000,Jamie Lee Curtis,11000,13.491653,Drama|Thriller,Daniel Radcliffe,23728,14995,Mark Margolis,0,canal|panama|president|spy|tailor,http://www.imdb.com/title/tt0236784/?ref_=fn_tt_tt_1,213,English,USA,R,18,2000,6.1,2.35,813
1981,b'Blow Out',Color,Brian De Palma,120,107,0,101,Dennis Franz,517,0,Mystery|Thriller,Nancy Allen,27629,1067,John McMartin,0,conspiracy|political conspiracy|recording|sound|truth,http://www.imdb.com/title/tt0082085/?ref_=fn_tt_tt_1,149,English,USA,R,18,376,7.4,2.35,2000
2013,b'Getaway',Color,Courtney Solomon,146,90,31,179,Paul Freeman,210,10.494494,Action|Crime|Thriller,Rebecca Budig,19586,676,Bruce Payne,1,die hard scenario|earth viewed from space|race against time|race car driver|title at the end,http://www.imdb.com/title/tt2167202/?ref_=fn_tt_tt_1,109,English,USA,PG-13,18,193,4.4,2.35,4000
2014,b'And So It Goes',Color,Rob Reiner,107,94,0,197,Annie Parisse,712,15.155772,Comedy|Drama|Romance,Yaya DaCosta,8895,1673,Frankie Valli,2,four word title|grandparent grandchild relationship|reference to facebook|reference to the internet|singer,http://www.imdb.com/title/tt2465146/?ref_=fn_tt_tt_1,48,English,USA,PG-13,18,341,5.7,2.35,3000
2004,b'Being Julia',Color,István Szabó,93,104,109,202,Shaun Evans,405,7.739049,Comedy|Drama|Romance,Miriam Margolyes,10680,847,Juliet Stevenson,2,diva|marriage|open marriage|revenge|social climber,http://www.imdb.com/title/tt0340012/?ref_=fn_tt_tt_1,112,English,Canada,R,18,204,7.1,1.85,562
2008,b'RocknRolla',Color,Guy Ritchie,209,114,0,1000,Gerard Butler,27000,5.694401,Action|Crime|Thriller,Tom Hardy,194489,46944,Tom Wilkinson,4,accountant|finger gun|homosexual|killed in an elevator|painting,http://www.imdb.com/title/tt1032755/?ref_=fn_tt_tt_1,192,English,UK,R,18,18000,7.3,2.35,12000
2003,b'Anything Else',Color,Woody Allen,128,108,11000,922,Stockard Channing,11000,3.203044,Comedy|Romance,Woody Allen,25165,14843,Fisher Stevens,2,love at first sight|new york city|sex|teacher|writer,http://www.imdb.com/title/tt0313792/?ref_=fn_tt_tt_1,155,English,USA,R,18,944,6.4,2.35,827
2013,b'The Railway Man',Color,Jonathan Teplitzky,186,116,6,212,Colin Firth,25000,4.435083,Biography|Drama|Romance|War,Jeremy Irvine,27882,39463,Sam Reid,2,japanese soldier|physical torture|pow camp|prisoner of war|reference to adolf hitler,http://www.imdb.com/title/tt2058107/?ref_=fn_tt_tt_1,119,English,Australia,R,18,14000,7.1,2.35,18000
2016,b'Restoration',Color,Zack Ward,15,92,662,161,Anna Harr,662,0,Horror,Zack Ward,436,1498,James Cullen Bressack,0,0,http://www.imdb.com/title/tt4517738/?ref_=fn_tt_tt_1,6,English,USA,0,0,290,4,0,378
2002,b'The Salton Sea',Color,D.J. Caruso,79,103,154,576,Meat Loaf,1000,0.676698,Crime|Drama|Mystery|Thriller,Adam Goldberg,26730,4094,Anthony LaPaglia,0,male in shower|murder|neighbor neighbor relationship|remote control car|sex scene,http://www.imdb.com/title/tt0235737/?ref_=fn_tt_tt_1,180,English,USA,R,18,783,7.2,1.85,2000
2013,b'Metallica Through the Never',Color,Nimród Antal,103,93,190,151,Mackenzie Gray,364,3.419967,Music,James Hetfield,13359,1083,Lars Ulrich,0,headbanger|metallica|roadie|song in title|standing on the roof of a car,http://www.imdb.com/title/tt2172935/?ref_=fn_tt_tt_1,56,English,USA,R,0,253,7.2,2.35,19000
2008,b'The Informers',Color,Gregor Jordan,97,98,34,394,Brad Renfro,663,0,Crime|Drama|Thriller,Austin Nichols,14324,2215,Lou Taylor Pucci,1,breasts|female nudity|male pubic hair|pubic hair|sex scene,http://www.imdb.com/title/tt0865554/?ref_=fn_tt_tt_1,93,English,Germany,R,18,551,5.1,2.35,1000
2009,b'I Come with the Rain',Color,Tran Anh Hung,59,114,157,32,Simón Andreu,84,0,Thriller,Takuya Kimura,2541,198,Shawn Yue,0,gangster|hong kong|missing person|missing son|serial killer,http://www.imdb.com/title/tt1024744/?ref_=fn_tt_tt_1,20,English,France,Not Rated,18,35,5.5,2.35,342
1999,"b""One Man's Hero""",Color,Lance Hool,10,121,0,353,Joaquim de Almeida,854,0.229311,Action|Drama|History|Romance|War|Western,Tom Berenger,899,2705,Mark Moses,2,american|battalion|catholic|mexican|sergeant,http://www.imdb.com/title/tt0120775/?ref_=fn_tt_tt_1,42,English,Spain,R,11.35,578,6.2,2.35,271
1985,b'Day of the Dead',Color,George A. Romero,184,87,0,83,John Amplas,1000,0,Horror,Greg Nicotero,49669,1592,Joseph Pilato,1,bunker|experiment|military|research|scientist,http://www.imdb.com/title/tt0088993/?ref_=fn_tt_tt_1,419,English,USA,Unrated,3.5,177,7.2,1.85,3000
2012,b'Red Lights',Color,Rodrigo Cortés,195,114,89,920,Toby Jones,22000,0,Drama|Horror|Mystery|Thriller,Robert De Niro,48162,25804,Craig Roberts,2,fraud|physicist|psychic|skeptic|tailing,http://www.imdb.com/title/tt1748179/?ref_=fn_tt_tt_1,140,English,Spain,R,14,2000,6.2,2.35,10000
2009,b'Madea Goes to Jail',Color,Tyler Perry,44,103,0,543,Keshia Knight Pulliam,923,90.485233,Comedy|Crime|Drama,Vanessa Ferlito,9544,3699,Derek Luke,0,adaptation directed by original author|cross dressing|madea series|remake|sequel,http://www.imdb.com/title/tt1142800/?ref_=fn_tt_tt_1,45,English,USA,PG-13,0,619,4.1,1.85,804
2004,b'Hotel Rwanda',Color,Terry George,187,121,83,242,Sophie Okonedo,3000,23.4729,Drama|History|War,Don Cheadle,264533,4142,Hakeem Kae-Kazim,1,atrocity|central africa|ethnic warfare|united nations peace keeping force|united nations soldier,http://www.imdb.com/title/tt0395169/?ref_=fn_tt_tt_1,609,English,UK,PG-13,17.5,460,8.1,2.35,12000
2002,b'City of Ghosts',Color,Matt Dillon,38,116,0,50,Shawn Andrews,109,0.325491,Crime|Drama|Thriller,Kirk Fox,4387,245,Rob Campbell,0,bag over head|buddhist temple|loss of friend|male bonding|nightclub,http://www.imdb.com/title/tt0164003/?ref_=fn_tt_tt_1,67,English,USA,R,17.5,67,6,1.85,204
2001,b'The Others',Color,Alejandro Amenábar,239,101,448,83,Elaine Cassidy,482,96.471845,Fantasy|Horror|Thriller,Fionnula Flanagan,268581,956,Eric Sykes,0,curtain|haunting|mansion|mute|xeroderma pigmentosum,http://www.imdb.com/title/tt0230600/?ref_=fn_tt_tt_1,1109,English,USA,PG-13,17,203,7.6,1.85,20000
1986,b'Aliens',Color,James Cameron,250,154,0,604,Carrie Henn,2000,85.2,Action|Adventure|Sci-Fi,Michael Biehn,488537,4228,Jenette Goldstein,1,alien|human versus alien|monster|rescue mission|space marine,http://www.imdb.com/title/tt0090605/?ref_=fn_tt_tt_1,1076,English,USA,R,18.5,626,8.4,1.85,18000
2014,"b""Let's Be Cops""",Color,Luke Greenfield,129,104,42,613,Damon Wayans Jr.,839,82.38956,Comedy,Rob Riggle,106820,3627,James D'Arcy,1,friendship between men|impersonating a police officer|mobster|party|police officer,http://www.imdb.com/title/tt1924435/?ref_=fn_tt_tt_1,147,English,USA,R,17,756,6.5,1.85,14000
1978,b'Halloween',Color,John Carpenter,318,101,0,598,Donald Pleasence,2000,47,Horror|Thriller,Jamie Lee Curtis,157857,4400,P.J. Soles,0,halloween|masked killer|michael myers|slasher|trick or treat,http://www.imdb.com/title/tt0077651/?ref_=fn_tt_tt_1,1191,English,USA,R,0.3,742,7.9,2.35,12000
2003,b'Good Boy!',Color,John Hoffman,52,87,9,503,Molly Shannon,818,37.56623,Comedy|Drama|Family|Fantasy|Sci-Fi,Liam Aiken,3407,2164,Kevin Nealon,1,dog|friend|neighborhood|planet|star,http://www.imdb.com/title/tt0326900/?ref_=fn_tt_tt_1,48,English,USA,PG,17,636,5.1,1.85,309
2013,b'The Best Man Holiday',Color,Malcolm D. Lee,56,123,92,849,Sanaa Lathan,1000,70.492685,Comedy|Drama,Harold Perrineau,11600,5306,Eddie Cibrian,5,childbirth|christmas|gay slur|infidelity|punched in the nose,http://www.imdb.com/title/tt2083355/?ref_=fn_tt_tt_1,64,English,USA,R,17,886,6.7,2.35,7000
2006,"b""Smokin' Aces""",Color,Joe Carnahan,186,109,248,968,Common,16000,35.635046,Action|Crime|Drama|Thriller,Ryan Reynolds,121058,19410,Alex Rocco,0,casino|fbi|mafia|mob hit|sniper,http://www.imdb.com/title/tt0475394/?ref_=fn_tt_tt_1,482,English,UK,R,17,988,6.7,2.35,3000
2010,b'Saw 3D: The Final Chapter',Color,Kevin Greutert,178,90,52,298,Gina Holden,723,45.670855,Horror|Mystery,Costas Mandylor,67978,1978,Betsy Russell,0,blood splatter|self help guru|sequel|support group|survivor,http://www.imdb.com/title/tt1477076/?ref_=fn_tt_tt_1,279,English,Canada,R,20,346,5.6,1.85,12000
2002,b'40 Days and 40 Nights',Color,Michael Lehmann,140,96,36,486,Vinessa Shaw,1000,37.939782,Comedy|Romance,Emmanuelle Vaugier,62272,3294,Paulo Costanzo,0,female on male rape|lent|male rear nudity|masturbation|sex,http://www.imdb.com/title/tt0243736/?ref_=fn_tt_tt_1,207,English,USA,R,17,580,5.6,1.85,2000
2010,b'TRON: Legacy',Color,Joseph Kosinski,469,125,364,1000,Olivia Wilde,12000,172.051787,Action|Adventure|Sci-Fi,Jeff Bridges,264186,25549,James Frain,0,arcade|bridge|disappearance|escape|warrior,http://www.imdb.com/title/tt1104001/?ref_=fn_tt_tt_1,665,English,USA,PG,170,10000,6.8,2.35,30000
2011,b'Beastly',Color,Daniel Barnz,148,86,33,583,Mary-Kate Olsen,15000,27.854896,Drama|Fantasy|Romance,Alex Pettyfer,64190,17396,Erik Knudsen,1,love|maid|newscaster|student|tutor,http://www.imdb.com/title/tt1152398/?ref_=fn_tt_tt_1,129,English,USA,PG-13,17,976,5.6,2.35,16000
2003,b'Dickie Roberts: Former Child Star',Color,Sam Weisman,75,98,39,428,Jenna Boyd,593,22.734486,Comedy,Kevin Grevioux,11815,2713,Mary McCormack,1,dental braces|dental headgear|former child star|panties|white panties,http://www.imdb.com/title/tt0325258/?ref_=fn_tt_tt_1,117,English,USA,PG-13,17,517,5.6,2.35,320
2015,"b'McFarland, USA'",Color,Niki Caro,113,129,51,89,Valente Rodriguez,427,44.469602,Biography|Drama|Sport,Morgan Saylor,23480,952,Diana Maria Riva,0,coach|high school|place name in title|school|student,http://www.imdb.com/title/tt2097298/?ref_=fn_tt_tt_1,83,English,USA,PG,17,234,7.4,2.35,21000
2006,b'ATL',Color,Chris Robinson,54,105,49,104,Adam Boyer,680,21.160089,Comedy|Crime|Drama|Music|Romance,T.I.,8522,1538,Malika,0,high school|rollerskating rink|spelman college|twin|voice over narration,http://www.imdb.com/title/tt0466856/?ref_=fn_tt_tt_1,92,English,USA,PG-13,0,503,6,2.35,874
2012,b'Pitch Perfect',Color,Jason Moore,223,112,36,746,Hana Mae Lee,10000,64.998368,Comedy|Music|Romance,Anna Kendrick,213898,12676,Ben Platt,4,a cappella|competition|dj|female protagonist|lesbian,http://www.imdb.com/title/tt1981677/?ref_=fn_tt_tt_1,250,English,USA,PG-13,17,751,7.2,1.85,36000
2001,b'Summer Catch',Color,Michael Tollin,50,108,19,505,Brian Dennehy,973,19.693891,Comedy|Drama|Romance|Sport,Marc Blucas,12993,3344,Bruce Davison,2,baseball|baseball player|night|rivalry|summer,http://www.imdb.com/title/tt0234829/?ref_=fn_tt_tt_1,107,English,USA,PG-13,34,954,4.9,1.85,476
2002,b'They',Color,Robert Harmon,81,89,11,973,Ethan Embry,1000,12.693621,Horror|Mystery|Thriller,Alexander Gould,10885,4060,Marc Blucas,0,darkness|friend|kiss|nightmare|suicide,http://www.imdb.com/title/tt0283632/?ref_=fn_tt_tt_1,271,English,USA,PG-13,17,982,4.8,2.35,814
2006,b'Larry the Cable Guy: Health Inspector',Color,Trent Cooper,37,89,0,323,Larry the Cable Guy,690,15.655665,Comedy|Romance,Thomas F. Wilson,9104,2135,Megyn Price,2,diner|food poisoning|health inspector|restaurant|undercover,http://www.imdb.com/title/tt0462395/?ref_=fn_tt_tt_1,112,English,USA,PG-13,4,400,3.1,1.33,110
1999,b'The Adventures of Elmo in Grouchland',Color,Gary Halvorson,44,73,11,142,Kevin Clash,1000,11.634458,Adventure|Comedy|Family|Fantasy|Musical,Vanessa Williams,2045,2020,Caroll Spinney,0,based on tv series|blanket|box office flop|rescue|sesame street,http://www.imdb.com/title/tt0159421/?ref_=fn_tt_tt_1,37,English,USA,G,17,436,5.8,1.85,339
2009,"b""Brooklyn's Finest""",Color,Antoine Fuqua,197,132,847,625,Lili Taylor,3000,27.154426,Crime|Drama|Thriller,Don Cheadle,52852,6317,Armando Riesco,1,catholic|corrupt cop|new york city|police detective|police officer killed,http://www.imdb.com/title/tt1210042/?ref_=fn_tt_tt_1,138,English,USA,R,17,960,6.7,2.35,4000
2013,b'Evil Dead',Color,Fede Alvarez,543,96,201,58,Elizabeth Blackmore,394,54.239856,Horror,Lou Taylor Pucci,125016,673,Ellen Sandweiss,0,book of the dead|demon|h.p. lovecraft|lesbian kiss|promise,http://www.imdb.com/title/tt1288558/?ref_=fn_tt_tt_1,789,English,USA,R,17,150,6.5,2.35,70000
2006,b'American Dreamz',Color,Paul Weitz,153,107,80,841,Dennis Quaid,2000,7.156725,Comedy|Music,Judy Greer,22639,5992,Chris Klein,6,chief of staff|contest|president|singing|terrorist,http://www.imdb.com/title/tt0465142/?ref_=fn_tt_tt_1,217,English,USA,PG-13,19,2000,5.5,1.85,300
1987,b'Superman IV: The Quest for Peace',Color,Sidney J. Furie,94,134,22,488,Margot Kidder,1000,15.68102,Action|Adventure|Family|Sci-Fi,Jim Broadbent,33570,3007,William Hootkins,6,box office flop|dc comics|hair|nuclear disarmament|superman,http://www.imdb.com/title/tt0094074/?ref_=fn_tt_tt_1,259,English,UK,PG,17,593,3.6,2.35,1000
2007,b'How She Move',Color,Ian Iqbal Rashid,62,94,8,66,Clé Bennett,328,7.070459,Drama,DeRay Davis,4600,760,Conrad Coates,0,dance|dance contest|loss of sister|step dancing|teenager,http://www.imdb.com/title/tt0770810/?ref_=fn_tt_tt_1,18,English,Canada,PG-13,0,122,3.3,1.85,238
2004,b'Bobby Jones: Stroke of Genius',Color,Rowdy Herrington,35,128,9,193,Jeremy Northam,767,2.694071,Biography|Drama|Romance|Sport,Aidan Quinn,3222,1727,Paul Freeman,3,colon in title|competition|five word title|golf|temper,http://www.imdb.com/title/tt0375104/?ref_=fn_tt_tt_1,64,English,USA,PG,0,327,6.7,2.35,352
1986,b'Shanghai Surprise',Color,Jim Goddard,21,97,3,161,Paul Freeman,400,2.315683,Adventure|Crime|Drama|Romance,Victor Wong,4081,805,Clyde Kusatsu,0,china|missionary|opium|villain|year 1937,http://www.imdb.com/title/tt0091934/?ref_=fn_tt_tt_1,28,English,UK,PG-13,17,193,3,1.85,154
2006,b'The Illusionist',Color,Neil Burger,236,110,168,96,Eddie Marsan,3000,39.825798,Drama|Mystery|Romance|Thriller,Rufus Sewell,295375,4210,Jake Wood,3,duchess|illusionist|magician|prince|supernatural power,http://www.imdb.com/title/tt0443543/?ref_=fn_tt_tt_1,645,English,USA,PG-13,16,979,7.6,1.85,15000
1977,b'Damnation Alley',Color,Jack Smight,41,91,22,255,Jan-Michael Vincent,669,0,Sci-Fi,George Peppard,3701,1769,Paul Winfield,0,cockroach|desert|ghost town|giant spider|travel,http://www.imdb.com/title/tt0075909/?ref_=fn_tt_tt_1,71,English,USA,PG,17,642,5.2,2.35,903
2006,b'The Illusionist',Color,Neil Burger,236,110,168,96,Eddie Marsan,3000,39.825798,Drama|Mystery|Romance|Thriller,Rufus Sewell,295375,4210,Jake Wood,3,duchess|illusionist|magician|prince|supernatural power,http://www.imdb.com/title/tt0443543/?ref_=fn_tt_tt_1,645,English,USA,PG-13,16,979,7.6,1.85,15000
1989,b'Dead Poets Society',Color,Peter Weir,96,128,608,1000,Josh Charles,49000,95.860116,Comedy|Drama,Robin Williams,277451,51609,Kurtwood Smith,0,education|english teacher|poet|professor|student,http://www.imdb.com/title/tt0097165/?ref_=fn_tt_tt_1,491,English,USA,PG,16.4,1000,8,1.85,23000
2011,b'The Artist', Black and White,Michel Hazanavicius,576,100,405,628,Ed Lauter,996,44.667095,Comedy|Drama|Romance,Bérénice Bejo,190030,4606,Beth Grant,0,1920s|jack russell terrier|modern silent movie|movie star|movie studio,http://www.imdb.com/title/tt1655442/?ref_=fn_tt_tt_1,583,English,France,PG-13,15,897,8,1.33,30000
2012,b'Moonrise Kingdom',Color,Wes Anderson,487,94,0,559,Bill Murray,13000,45.507053,Adventure|Comedy|Drama|Romance,Bruce Willis,237848,27911,Bob Balaban,2,1960s|boy scouts|boy scouts camp|coming of age|young love,http://www.imdb.com/title/tt1748122/?ref_=fn_tt_tt_1,377,English,USA,PG-13,16,13000,7.8,1.85,71000
2002,b'The Master of Disguise',Color,Perry Andelin Blake,56,80,11,499,Kenan Thompson,911,40.36353,Comedy|Family,Jennifer Esposito,18254,3058,James Brolin,2,disguise|mask|master of disguise|restaurant|waiter,http://www.imdb.com/title/tt0295427/?ref_=fn_tt_tt_1,307,English,USA,PG,16,521,3.3,1.85,1000
2006,"b""Pan's Labyrinth""",Color,Guillermo del Toro,406,112,0,250,Maribel Verdú,634,37.623143,Drama|Fantasy|War,Ivana Baquero,467234,1322,Sergi López,0,fairy|fairy tale|faun|princess|spain,http://www.imdb.com/title/tt0457430/?ref_=fn_tt_tt_1,1083,Spanish,Spain,R,13.5,269,8.2,1.85,27000
2001,b'See Spot Run',Color,John Whitesell,51,94,14,635,Angus T. Jones,1000,33.357476,Action|Comedy|Crime|Family,Leslie Bibb,7392,4194,Paul Sorvino,0,boy|fbi|mailman|van|witness protection,http://www.imdb.com/title/tt0250720/?ref_=fn_tt_tt_1,53,English,USA,PG,35,1000,5.4,1.85,393
2001,b'Baby Boy', Black and White,John Singleton,41,130,309,522,Snoop Dogg,939,28.734552,Crime|Drama|Romance|Thriller,Mo'Nique,9566,3107,Angell Conwell,2,cartoon on tv|family relationships|physical abuse|single parent|two word title,http://www.imdb.com/title/tt0255819/?ref_=fn_tt_tt_1,81,English,USA,R,16,881,6.4,1.85,1000
2007,b'Hot Fuzz',Color,Edgar Wright,285,121,1000,108,Joe Cornish,175,23.618786,Action|Comedy|Mystery,Bill Bailey,352695,485,Billie Whitelaw,1,accident|conspiracy|police|police officer|village,http://www.imdb.com/title/tt0425112/?ref_=fn_tt_tt_1,687,English,UK,R,8,115,7.9,2.35,17000
2008,b'Vicky Cristina Barcelona',Color,Woody Allen,275,96,11000,252,Kevin Dunn,19000,23.213577,Drama|Romance,Scarlett Johansson,198111,19894,Christopher Evan Welch,0,art|artist|painter|sex|summer,http://www.imdb.com/title/tt0497465/?ref_=fn_tt_tt_1,365,English,Spain,PG-13,15.5,581,7.2,1.85,14000
2016,b'Bad Moms',Color,Jon Lucas,81,100,24,851,Jay Hernandez,15000,55.461307,Comedy,Mila Kunis,4654,18786,Jada Pinkett Smith,9,lesbian kiss|mom|pta|reference to mad max|scene during end credits,http://www.imdb.com/title/tt4651520/?ref_=fn_tt_tt_1,46,English,USA,R,20,1000,6.7,0,18000
2000,b'Boys and Girls',Color,Robert Iscove,67,94,7,95,Amanda Detmer,3000,20.627372,Comedy|Drama|Romance,Alyson Hannigan,13661,3451,Tsianina Joelson,3,best friend|break up|friendship|graduation|male in underwear,http://www.imdb.com/title/tt0204175/?ref_=fn_tt_tt_1,134,English,USA,PG-13,16,240,5.3,1.85,487
2009,"b""Jennifer's Body""",Color,Karyn Kusama,300,107,45,271,Amy Sedaris,24000,16.204793,Comedy|Fantasy|Horror,J.K. Simmons,92712,24805,Cynthia Stevenson,1,cannibalism|cheerleader|condom|hook for hand|satanic ritual,http://www.imdb.com/title/tt1131734/?ref_=fn_tt_tt_1,294,English,USA,R,16,396,5.1,1.85,6000
2000,b'Drowning Mona',Color,Nick Gomez,84,96,22,324,Jamie Lee Curtis,8000,15.427192,Comedy|Crime|Mystery,Will Ferrell,11768,11078,Tracey Walter,0,crying woman|plot|suspect|waitress|younger man older woman relationship,http://www.imdb.com/title/tt0186045/?ref_=fn_tt_tt_1,148,English,USA,PG-13,16,2000,5.6,1.85,492
2014,b'Left Behind',Color,Vic Armstrong,169,110,179,734,Lea Thompson,12000,13.998282,Action|Drama|Fantasy|Mystery|Thriller,Nicolas Cage,24854,15044,Quinton Aaron,1,bible quote|chaos|faith|riot|shrine,http://www.imdb.com/title/tt2467046/?ref_=fn_tt_tt_1,374,English,USA,PG-13,16,1000,3.1,2.35,31000
2010,b'Remember Me',Color,Allen Coulter,158,113,47,238,Lena Olin,21000,19.057024,Drama|Romance,Robert Pattinson,113963,22088,Ruby Jerins,0,binge drinking|new york|new york city|september 11 2001|suicide,http://www.imdb.com/title/tt1403981/?ref_=fn_tt_tt_1,361,English,USA,PG-13,16,541,7.2,1.85,24000
2003,b'How to Deal',Color,Clare Kilner,46,101,6,258,Alexandra Holden,812,14.108518,Comedy|Drama|Romance,Dylan Baker,8215,1882,Trent Ford,1,best friend|high school|mother|sister|wedding,http://www.imdb.com/title/tt0319524/?ref_=fn_tt_tt_1,95,English,USA,PG-13,16,326,5.7,1.85,371
1988,b'My Stepmother Is an Alien',Color,Richard Benjamin,15,105,121,384,Alyson Hannigan,11000,13.854,Comedy|Romance|Sci-Fi,Jon Lovitz,21079,14677,Tony Jay,0,alien|earth|female alien|mission|secret,http://www.imdb.com/title/tt0095687/?ref_=fn_tt_tt_1,55,English,USA,PG-13,20,3000,5.2,1.85,818
2004,b'The Cookout',Color,Lance Rivera,21,97,3,578,Vincent Pastore,1000,11.540112,Comedy,Farrah Fawcett,2385,3835,Jenifer Lewis,1,flatulence|interracial marriage|marriage,http://www.imdb.com/title/tt0380277/?ref_=fn_tt_tt_1,20,English,USA,PG-13,0,584,3.6,1.85,177
1979,b'Meteor',Color,Ronald Neame,42,108,38,316,Karl Malden,940,0,Action|Drama|Sci-Fi|Thriller,Martin Landau,5237,1945,Brian Keith,7,asteroid|meteor|nasa|nuclear weapon|satellite,http://www.imdb.com/title/tt0079550/?ref_=fn_tt_tt_1,90,English,USA,PG,16,416,4.9,2.35,392
2000,b'Duets',Color,Bruce Paltrow,65,112,28,215,Marian Seldes,555,4.734235,Comedy|Drama|Music,Lochlyn Munro,8217,1227,Huey Lewis,0,convict|karaoke|middle america|salesman|singer,http://www.imdb.com/title/tt0134630/?ref_=fn_tt_tt_1,123,English,USA,R,15,403,6,1.85,573
2002,b'Hollywood Ending',Color,Woody Allen,109,112,11000,642,Debra Messing,11000,4.839383,Comedy|Romance,Woody Allen,21613,12766,Treat Williams,0,blind|director|psychosomatic blindness|self deprecating|studio,http://www.imdb.com/title/tt0278823/?ref_=fn_tt_tt_1,148,English,USA,PG-13,16,650,6.6,1.85,762
2005,b'The White Countess',Color,James Ivory,64,135,133,258,Natasha Richardson,898,1.666262,Drama|History|Romance|War,Vanessa Redgrave,5321,2096,Lynn Redgrave,0,countess|diplomat|japanese|russian|shanghai,http://www.imdb.com/title/tt0384686/?ref_=fn_tt_tt_1,78,English,UK,PG-13,16,708,6.7,1.66,356
2013,b'Trance',Color,Danny Boyle,393,101,0,888,Spencer Wilding,3000,2.319187,Crime|Drama|Mystery|Thriller,Rosario Dawson,92640,5056,Tuppence Middleton,0,amnesia|criminal|heist|hypnotherapy|lost painting,http://www.imdb.com/title/tt1924429/?ref_=fn_tt_tt_1,212,English,UK,R,20,1000,7,2.35,23000
2008,b'Welcome to the Sticks',Color,Dany Boon,78,106,172,27,Kad Merad,172,0,Comedy|Romance,Dany Boon,30587,329,Michel Galabru,2,alcohol|alcoholic drink|drunken man|france|provence,http://www.imdb.com/title/tt1064932/?ref_=fn_tt_tt_1,49,French,France,0,11,55,7.1,2.35,3000
2008,b'Good',Color,Vicente Amorim,67,92,6,227,Jodie Whittaker,10000,0.023091,Drama|Romance|War,Viggo Mortensen,5664,11091,Steven Mackintosh,1,censorship|children|corpse|heil hitler|suffering,http://www.imdb.com/title/tt0436364/?ref_=fn_tt_tt_1,42,English,UK,R,15,304,6.2,2.35,921
2009,b'Enter the Void',Color,Gaspar Noé,216,161,929,116,Emily Alyn Lind,488,0.336467,Drama|Fantasy,Paz de la Huerta,45449,943,Olly Alexander,0,drug deal|drugs|explicit sex|love|stripper,http://www.imdb.com/title/tt1191111/?ref_=fn_tt_tt_1,192,English,France,Not Rated,13,289,7.3,2.35,23000
2009,"b""Hachi: A Dog's Tale""",Color,Lasse Hallström,84,93,529,805,Sarah Roemer,1000,0,Drama|Family,Cary-Hiroyuki Tagawa,155249,4453,Joan Allen,0,dog|human animal relationship|japanese|loyalty|waiting,http://www.imdb.com/title/tt1028532/?ref_=fn_tt_tt_1,304,English,USA,G,16,884,8.1,1.85,115000
2002,b'Juwanna Mann',Color,Jesse Vaughan,32,91,10,574,Jenifer Lewis,890,13.571817,Comedy|Drama|Romance|Sport,Vivica A. Fox,5312,3104,Kevin Pollak,3,basketball|dodge viper|hit in the crotch|male nudity|the star spangled banner,http://www.imdb.com/title/tt0247444/?ref_=fn_tt_tt_1,40,English,USA,PG-13,15.6,578,4.5,1.85,939
2002,b'Ararat',Color,Atom Egoyan,78,115,460,125,Marie-Josée Croze,232,1.554566,Drama|War,David Alpay,8624,699,Charles Aznavour,1,armenian|armenian genocide|customs agent|genocide|prayer,http://www.imdb.com/title/tt0273435/?ref_=fn_tt_tt_1,180,English,Canada,R,0,150,6.6,1.66,824
2001,b'Madison',Color,William Bindley,21,94,4,518,Jake Lloyd,844,0.508867,Drama|Sport,Bruce Dern,1033,3583,William Shockley,0,boat racing|hydroplane|loyalty|one word title|scolding,http://www.imdb.com/title/tt0206113/?ref_=fn_tt_tt_1,26,English,USA,PG,0,626,6.5,2.35,282
2005,b'Slow Burn',Color,Wayne Beach,40,93,7,922,LL Cool J,1000,1.181197,Drama|Mystery|Thriller,Mekhi Phifer,3299,4329,Fisher Stevens,0,district attorney|interview|murder|prosecutor|reporter,http://www.imdb.com/title/tt0376196/?ref_=fn_tt_tt_1,24,English,USA,R,15.5,1000,5.9,1.85,191
1990,b'Home Alone',Color,Chris Columbus,102,103,0,925,Devin Ratray,3000,285.761243,Comedy|Family,Macaulay Culkin,311075,7521,Catherine O'Hara,5,airport|child protagonist|child swearing|christmas|home alone,http://www.imdb.com/title/tt0099785/?ref_=fn_tt_tt_1,305,English,USA,PG,18,1000,7.5,1.85,20000
1987,b'3 Men and a Baby',Color,Leonard Nimoy,21,102,12000,801,Ted Danson,19000,167.78096,Comedy|Drama|Family,Tom Selleck,36918,21499,Steve Guttenberg,4,1980s|baby|heroin|package|questioned by police,http://www.imdb.com/title/tt0094137/?ref_=fn_tt_tt_1,42,English,USA,PG,11,875,5.9,1.85,3000
1986,b'Top Gun',Color,Tony Scott,173,110,12000,555,Tom Skerritt,10000,176.781728,Action|Drama|Romance,Tom Cruise,219171,13069,Adrian Pasdar,2,flying|gay subtext|machismo|male objectification|pilot,http://www.imdb.com/title/tt0092099/?ref_=fn_tt_tt_1,388,English,USA,PG,15,1000,6.9,1.33,19000
1999,b'American Beauty',Color,Sam Mendes,176,122,0,158,Peter Gallagher,18000,130.058047,Drama,Kevin Spacey,822500,19078,Ara Celi,0,domestic violence|drug dealer|homosexuality|midlife crisis|unfaithfulness,http://www.imdb.com/title/tt0169547/?ref_=fn_tt_tt_1,2715,English,USA,R,15,828,8.4,2.35,22000
2010,"b""The King's Speech""",Color,Tom Hooper,479,118,0,520,Jennifer Ehle,14000,138.795342,Biography|Drama|History|Romance,Colin Firth,503631,15732,Derek Jacobi,0,king|king george vi|speech|speech therapist|throne,http://www.imdb.com/title/tt1504320/?ref_=fn_tt_tt_1,636,English,UK,R,15,1000,8,1.85,64000
2008,b'The Yellow Handkerchief',Color,Udayan Prasad,60,102,4,882,Eddie Redmayne,17000,0.31704,Drama|Romance,Kristen Stewart,6723,30978,William Hurt,1,louisiana|overalls|road trip|southern u.s.|teenage boy,http://www.imdb.com/title/tt0954990/?ref_=fn_tt_tt_1,36,English,USA,PG-13,15.5,13000,6.8,2.35,1000
1985,b'The Color Purple',Color,Steven Spielberg,70,154,14000,271,Rae Dawn Chong,852,94.175854,Drama,Oprah Winfrey,60988,2592,Dana Ivey,0,book strap|girl|racial discrimination|racial tension|stereotype,http://www.imdb.com/title/tt0088939/?ref_=fn_tt_tt_1,199,English,USA,PG-13,15,581,7.8,1.85,6000
2009,b'Tidal Wave',Color,JK Youn,43,103,2,13,Ji-won Ha,94,0,Action|Comedy|Drama|Thriller,Nicole Dionne,2659,213,Kyung-gu Sol,2,korea|lifeguard|single father|tears|tsunami,http://www.imdb.com/title/tt1153040/?ref_=fn_tt_tt_1,25,Korean,South Korea,R,0,80,5.7,2.35,558
2014,b'The Imitation Game',Color,Morten Tyldum,454,114,77,305,Rory Kinnear,19000,91.121452,Biography|Drama|Thriller|War,Benedict Cumberbatch,467613,20295,Allen Leech,1,crossword puzzle|cryptography|enigma code|gay lead character|world war two,http://www.imdb.com/title/tt2084970/?ref_=fn_tt_tt_1,608,English,UK,PG-13,14,393,8.1,2.35,165000
1980,b'Private Benjamin',Color,Howard Zieff,25,109,6,271,Albert Brooks,1000,69.8,Comedy|War,Eileen Brennan,18140,2419,Alan Oppenheimer,1,camera shot of feet|female stockinged feet|loss of husband|pantyhose|suntan pantyhose,http://www.imdb.com/title/tt0081375/?ref_=fn_tt_tt_1,60,English,USA,R,10,745,6.1,1.85,855
2013,b'Mama',Color,Andrés Muschietti,393,100,127,250,Megan Charpentier,1000,71.58822,Fantasy|Horror,Javier Botet,134869,1949,Isabelle Nélisse,1,aunt|children|death of sister|forest|hiding in a closet,http://www.imdb.com/title/tt2023587/?ref_=fn_tt_tt_1,304,English,Canada,PG-13,20,340,6.2,1.85,57000
1978,b'Halloween',Color,John Carpenter,318,101,0,598,Donald Pleasence,2000,47,Horror|Thriller,Jamie Lee Curtis,157857,4400,P.J. Soles,0,halloween|masked killer|michael myers|slasher|trick or treat,http://www.imdb.com/title/tt0077651/?ref_=fn_tt_tt_1,1191,English,USA,R,0.3,742,7.9,2.35,12000
2013,b'Bad Grandpa',Color,Jeff Tremaine,157,102,79,27,Georgina Cates,925,101.97884,Comedy,Jackson Nicoll,77724,1018,Grasie Mercedes,0,child beauty pageant|grandson|hidden camera|jackass|road trip,http://www.imdb.com/title/tt3063516/?ref_=fn_tt_tt_1,162,English,USA,R,15,38,6.6,1.85,26000
1988,b'Beetlejuice',Color,Tim Burton,109,92,13000,217,Jeffrey Jones,925,73.326666,Comedy|Fantasy,Catherine O'Hara,189413,1953,Glenn Shadix,3,attic|ghost|surrealism|teenage girl|yuppie,http://www.imdb.com/title/tt0094721/?ref_=fn_tt_tt_1,306,English,USA,PG,15,692,7.5,1.85,15000
2007,b'Why Did I Get Married?',Color,Tyler Perry,41,113,0,607,Tasha Smith,2000,55.184721,Comedy|Drama,Michael Jai White,9811,6510,Lamman Rucker,8,marriage|overweight|psychologist|secret|work,http://www.imdb.com/title/tt0906108/?ref_=fn_tt_tt_1,100,English,USA,PG-13,15,721,5.6,1.85,1000
2012,b'The Woman in Black',Color,James Watkins,462,95,43,259,Roger Allam,11000,54.322273,Drama|Fantasy|Horror|Thriller,Daniel Radcliffe,139749,11946,Jessica Raine,0,afterlife|baby boy|bird in a cage|ghost|reunited family,http://www.imdb.com/title/tt1596365/?ref_=fn_tt_tt_1,509,English,UK,PG-13,17,326,6.4,2.35,29000
2002,b'Big Fat Liar',Color,Shawn Levy,69,88,189,799,Donald Faison,934,47.811275,Adventure|Comedy|Family,Frankie Muniz,29008,3707,Lee Majors,1,brunette|film producer|liar|prank|stunt,http://www.imdb.com/title/tt0265298/?ref_=fn_tt_tt_1,99,English,USA,PG,15,927,5.4,1.85,896
1978,b'The Deer Hunter',Color,Michael Cimino,140,183,517,652,Meryl Streep,22000,0,Drama|War,Robert De Niro,232577,34025,John Savage,2,escape|friend|party|pittsburgh steelers|vietnam,http://www.imdb.com/title/tt0077416/?ref_=fn_tt_tt_1,1026,English,UK,R,15,11000,8.2,2.35,11000
1997,b'Wag the Dog',Color,Barry Levinson,130,97,272,957,Kirsten Dunst,22000,43.022524,Comedy|Drama,Robert De Niro,67604,29252,John Michael Higgins,0,death|election|hollywood|president|scandal,http://www.imdb.com/title/tt0120885/?ref_=fn_tt_tt_1,218,English,USA,R,15,4000,7.1,1.85,12000
2013,b'Snitch',Color,Ric Roman Waugh,238,112,29,874,Harold Perrineau,12000,42.919096,Action|Drama|Thriller,Dwayne Johnson,64747,15800,Nadine Velazquez,1,cigarette smoking|dea|drugs|inspired by true events|undercover,http://www.imdb.com/title/tt0882977/?ref_=fn_tt_tt_1,122,English,USA,PG-13,15,1000,6.5,2.35,12000
2015,b'Krampus',Color,Michael Dougherty,198,98,66,562,Conchata Ferrell,3000,42.59253,Comedy|Fantasy|Horror,Adam Scott,29867,4567,Allison Tolman,0,christmas|german|holiday|krampus|santa claus,http://www.imdb.com/title/tt3850590/?ref_=fn_tt_tt_1,181,English,USA,PG-13,15,658,6.2,2.35,27000
1997,b'Cop Land',Color,James Mangold,131,120,446,1000,Sylvester Stallone,22000,44.886089,Crime|Drama|Thriller,Robert De Niro,69576,40117,Janeane Garofalo,3,corruption|faked death|falling off a roof|internal affairs|nypd,http://www.imdb.com/title/tt0118887/?ref_=fn_tt_tt_1,207,English,USA,R,10,13000,6.9,1.85,2000
2012,b'End of Watch',Color,David Ayer,355,109,453,953,Anna Kendrick,15000,40.983001,Crime|Drama|Thriller,Jake Gyllenhaal,181025,27788,America Ferrera,2,lapd|police|police officer|south central los angeles|street gang,http://www.imdb.com/title/tt1855199/?ref_=fn_tt_tt_1,336,English,USA,R,7,10000,7.7,1.85,38000
2015,b'Aloha',Color,Cameron Crowe,138,105,488,13000,Bradley Cooper,15000,20.991497,Comedy|Drama|Romance,Emma Stone,39782,44037,Bill Murray,1,box office flop|critically bashed|hawaii|one word title|written by director,http://www.imdb.com/title/tt1243974/?ref_=fn_tt_tt_1,172,English,USA,PG-13,37,14000,5.4,1.85,11000
2014,b'The Theory of Everything',Color,James Marsh,419,123,120,149,Emily Watson,13000,35.887263,Biography|Drama|Romance,Eddie Redmayne,265507,14100,Simon McBurney,0,based on memoir|cambridge university|husband wife relationship|lou gehrig's disease|physicist,http://www.imdb.com/title/tt2980516/?ref_=fn_tt_tt_1,388,English,UK,PG-13,15,876,7.7,2.35,90000
2009,b'Halloween II',Color,Rob Zombie,220,119,0,593,Tyler Mane,908,33.386128,Horror,Scout Taylor-Compton,36372,3226,Margot Kidder,0,halloween|hospital|michael myers|rampage|vomiting,http://www.imdb.com/title/tt1311067/?ref_=fn_tt_tt_1,491,English,USA,R,15,764,4.9,1.85,3000
2014,b'Wild',Color,Jean-Marc Vallée,349,115,212,612,Kevin Rankin,2000,37.877959,Adventure|Biography|Drama,Michiel Huisman,86664,4896,Gaby Hoffmann,1,female protagonist|grief|hiking|loss of mother|mother daughter relationship,http://www.imdb.com/title/tt2305051/?ref_=fn_tt_tt_1,252,English,USA,R,15,820,7.1,2.35,38000
2010,b'Clash of the Titans',Color,Louis Leterrier,344,106,255,850,Jason Flemyng,14000,163.192114,Action|Adventure|Fantasy,Liam Neeson,229687,18003,Alexa Davalos,0,famous line|hand to hand combat|kraken|rape|zeus,http://www.imdb.com/title/tt0800320/?ref_=fn_tt_tt_1,637,English,USA,PG-13,125,1000,5.8,2.35,15000
1987,b'The Princess Bride',Color,Rob Reiner,185,98,0,594,Carol Kane,18000,30.857814,Adventure|Family|Fantasy|Romance,Robin Wright,294163,20060,André the Giant,0,fairy tale|giant|pirate|princess|true love,http://www.imdb.com/title/tt0093779/?ref_=fn_tt_tt_1,718,English,USA,PG,16,636,8.1,1.85,33000
2011,b'Drive',Color,Nicolas Winding Refn,676,100,0,228,Albert Brooks,33000,35.054909,Crime|Drama,Ryan Gosling,431578,34337,Russ Tamblyn,0,kissing in an elevator|mythical hero|neo noir|protective male|silent protagonist,http://www.imdb.com/title/tt0780504/?ref_=fn_tt_tt_1,1264,English,USA,R,15,745,7.8,2.35,81000
2004,b'Confessions of a Teenage Drama Queen',Color,Sara Sugarman,74,89,10,231,Carol Kane,811,29.302097,Comedy|Family|Music|Romance,Adam Garcia,23408,2167,Glenne Headly,8,band|friend|new york city|suburb|teenager,http://www.imdb.com/title/tt0361467/?ref_=fn_tt_tt_1,105,English,Germany,PG,15,636,4.6,1.85,810
1998,b'The Object of My Affection',Color,Nicholas Hytner,65,111,13,106,Tim Daly,818,29.106737,Comedy|Drama|Romance,Liam Aiken,15582,1450,Kali Rocha,0,baby|dancing|gay|name calling|penis slur,http://www.imdb.com/title/tt0120772/?ref_=fn_tt_tt_1,132,English,USA,R,15,511,6,1.85,849
2005,b'Because of Winn-Dixie',Color,Wayne Wang,96,106,61,649,Luke Benward,907,32.645546,Comedy|Drama|Family,Cicely Tyson,8427,3462,Eva Marie Saint,5,10 year old|dog|florida|girl|supermarket,http://www.imdb.com/title/tt0317132/?ref_=fn_tt_tt_1,88,English,USA,PG,14,807,6.4,1.85,1000
2000,b'Book of Shadows: Blair Witch 2',Color,Joe Berlinger,160,90,31,162,Erica Leerhsen,193,26.421314,Adventure|Fantasy|Horror|Mystery|Thriller,Kim Director,28964,608,Kurt Loder,0,convenience store|digit in title|punctuation in title|violence|witch,http://www.imdb.com/title/tt0229260/?ref_=fn_tt_tt_1,457,English,USA,R,15,184,4,1.85,949
1996,b'The Craft',Color,Andrew Fleming,93,101,26,266,Rachel True,838,24.881,Drama|Fantasy|Horror|Thriller,Christine Taylor,57140,1812,Brenda Strong,0,coven|occult|outcast|spell|witch,http://www.imdb.com/title/tt0115963/?ref_=fn_tt_tt_1,195,English,USA,R,15,328,6.2,1.85,6000
1993,b'Nowhere to Run',Color,Robert Harmon,25,94,11,232,Rosanna Arquette,1000,22.189039,Action|Crime|Drama|Romance|Thriller,Kieran Culkin,17074,2210,Joss Ackland,0,business|escaped convict|farm|motorcycle|widow,http://www.imdb.com/title/tt0107711/?ref_=fn_tt_tt_1,55,English,USA,R,15,605,5.5,1.85,466
2006,b'Flicka',Color,Michael Mayer,46,95,15,461,Danny Pino,1000,20.998709,Adventure|Drama|Family,Alison Lohman,6095,3845,Tim McGraw,0,father son relationship|horse|horse ranch|ranch|wild mustang,http://www.imdb.com/title/tt0434215/?ref_=fn_tt_tt_1,76,English,USA,PG,15,786,6.2,2.35,1000
2000,b'Urban Legends: Final Cut',Color,John Ottman,108,97,83,579,Joey Lawrence,912,21.468807,Horror|Mystery|Thriller,Loretta Devine,13048,2682,Jacinda Barrett,2,film set|movie set|sequel|slow motion|urban legend,http://www.imdb.com/title/tt0192731/?ref_=fn_tt_tt_1,227,English,USA,R,14,786,4.1,2.35,243
1998,b'Disturbing Behavior',Color,David Nutter,96,84,119,918,Ethan Embry,989,17.411331,Horror|Mystery|Sci-Fi|Thriller,Bruce Greenwood,17328,4660,Katharine Isabelle,3,blue ribbon|high school|jacket|jock|yogurt,http://www.imdb.com/title/tt0134619/?ref_=fn_tt_tt_1,237,English,Australia,R,15,982,5.5,1.85,673
2012,b'The Place Beyond the Pines',Color,Derek Cianfrance,417,140,310,619,Ben Mendelsohn,33000,21.383298,Crime|Drama|Thriller,Ryan Gosling,187170,34413,Angelo Anthony Pizza,3,bank|carnival|motorcycle|police|rookie cop,http://www.imdb.com/title/tt1817273/?ref_=fn_tt_tt_1,376,English,USA,R,15,748,7.3,2.35,47000
1999,b'Eye of the Beholder',Color,Stephan Elliott,88,109,11,159,Patrick Bergin,471,16.459004,Drama|Mystery|Thriller,Jason Priestley,13320,1069,Geneviève Bujold,1,chicago illinois|false identity|femme fatale|new york city|spying,http://www.imdb.com/title/tt0120662/?ref_=fn_tt_tt_1,415,English,Canada,R,15,308,4.9,2.35,327
2008,b'The Hurt Locker',Color,Kathryn Bigelow,388,131,0,383,Christian Camargo,10000,15.7,Drama|History|Thriller|War,Jeremy Renner,332065,11114,Brian Geraghty,0,army|bomb|dangerous job|death|iraq,http://www.imdb.com/title/tt0887912/?ref_=fn_tt_tt_1,876,English,USA,R,15,602,7.6,1.85,16000
2012,b'Killing Them Softly',Color,Andrew Dominik,414,97,181,748,Sam Shepard,11000,14.93857,Crime|Thriller,Brad Pitt,111625,14025,Ben Mendelsohn,1,exploding car|hit by a car|poker game|punched in the face|shot to death,http://www.imdb.com/title/tt1764234/?ref_=fn_tt_tt_1,369,English,USA,R,15,820,6.2,2.35,20000
2014,b'A Most Wanted Man',Color,Anton Corbijn,291,122,210,123,Nina Hoss,22000,17.237244,Crime|Drama|Thriller,Philip Seymour Hoffman,57210,22574,Homayoun Ershadi,3,intelligence|intelligence agency|secret service|surveillance camera|war on terror,http://www.imdb.com/title/tt1972571/?ref_=fn_tt_tt_1,158,English,UK,R,15,164,6.8,2.35,13000
2008,"b""The Pirates Who Don't Do Anything: A VeggieTales Movie""",Color,Mike Nawrocki,37,85,12,23,Cam Clarke,354,12.70188,Adventure|Animation|Comedy|Family,Yuri Lowenthal,2037,568,Phil Vischer,0,17th century|king|pirate|vegetable|waiter,http://www.imdb.com/title/tt0475998/?ref_=fn_tt_tt_1,22,English,USA,G,15,173,5.7,1.85,175
2007,b'U2 3D',Color,Catherine Owens,68,85,0,44,The Edge,468,10.35369,Documentary|Music,Bono,2673,646,Larry Mullen Jr.,0,3d in title|digit in title|rock band|rocker|u2,http://www.imdb.com/title/tt0892375/?ref_=fn_tt_tt_1,31,English,USA,G,0,67,8.4,1.78,116
2000,b'Highlander: Endgame',Color,Douglas Aarniokoski,90,101,36,377,Adrian Paul,1000,12.80119,Action|Adventure|Fantasy|Sci-Fi,Christopher Lambert,16340,2764,Adam Copeland,1,battle|explosion|immortal|revenge|sequel to cult film,http://www.imdb.com/title/tt0144964/?ref_=fn_tt_tt_1,355,English,USA,R,15,786,4.6,2.35,356
2006,b'Idlewild',Color,Bryan Barber,81,121,16,526,Faizon Love,907,12.549485,Crime|Drama|Musical|Romance,Cicely Tyson,4603,3633,Bobb'e J. Thompson,4,gangster|playing piano|song and dance|speakeasy|written and directed by cast member,http://www.imdb.com/title/tt0417225/?ref_=fn_tt_tt_1,91,English,USA,R,15,585,6.2,2.35,489
2011,b'One Day',Color,Lone Scherfig,221,107,92,358,Jim Sturgess,11000,13.766014,Drama|Romance,Anne Hathaway,106111,17627,Rafe Spall,0,23 year time span|accidental death|best friend|loss of loved one|male female friendship,http://www.imdb.com/title/tt1563738/?ref_=fn_tt_tt_1,181,English,USA,PG-13,15,5000,7,2.35,49000
2009,b'Whip It',Color,Drew Barrymore,230,111,0,727,Jimmy Fallon,796,13.034417,Drama|Sport,Daniel Stern,55665,2633,Alia Shawkat,1,beauty pageant|friend|pageant|roller derby|texas,http://www.imdb.com/title/tt1172233/?ref_=fn_tt_tt_1,118,English,USA,PG-13,15,787,6.9,2.35,10000
2001,b'Knockaround Guys',Color,Brian Koppelman,57,92,34,366,Tom Noonan,14000,11.63242,Crime|Drama|Thriller,Vin Diesel,19768,15644,Kevin Gage,1,mob|mobster|money|montana|sheriff,http://www.imdb.com/title/tt0211465/?ref_=fn_tt_tt_1,135,English,USA,R,0,442,6.1,2.35,566
2003,b'Confidence',Color,James Foley,119,97,164,308,Brian Van Holt,436,12.212417,Crime|Thriller,Louis Lombardi,30643,1172,Leland Orser,3,con|grifter|lap dance|organized crime|shot in the forehead,http://www.imdb.com/title/tt0310910/?ref_=fn_tt_tt_1,144,English,USA,R,15,324,6.7,2.35,622
1999,b'The Muse',Color,Albert Brooks,97,97,745,745,Bradley Whitford,12000,11.614236,Comedy,Jeff Bridges,9294,15209,Albert Brooks,2,directed by star|muse|satire|screenwriter|tiffany's,http://www.imdb.com/title/tt0164108/?ref_=fn_tt_tt_1,140,English,USA,PG-13,15,821,5.6,1.37,251
2004,b'De-Lovely', Black and White,Irwin Winkler,119,125,34,65,Keith Allen,427,13.337299,Biography|Drama|Music|Musical,Kevin McNally,9649,729,Sandra Nelson,7,cole porter|composer|love|party|tears,http://www.imdb.com/title/tt0352277/?ref_=fn_tt_tt_1,226,English,USA,PG-13,20,66,6.6,2.35,1000
1989,b'New York Stories',Color,Woody Allen,42,124,11000,563,Larry David,11000,10.763469,Comedy|Drama|Romance,Woody Allen,13692,12685,Mia Farrow,0,12 year old|artist|hotel|three word title|written and directed by cast member,http://www.imdb.com/title/tt0097965/?ref_=fn_tt_tt_1,55,English,USA,PG,15,860,6.4,1.85,877
1998,"b""Barney's Great Adventure""",Color,Steve Gomer,24,76,9,47,Kyla Pratt,595,11.144518,Adventure|Family,Trevor Morgan,2724,1139,Shirley Douglas,0,apostrophe in title|critically bashed|hit on the head with a ball|punctuation in title|tyrannosaurus rex,http://www.imdb.com/title/tt0120598/?ref_=fn_tt_tt_1,53,English,Canada,G,15,417,2.8,1.85,436
2012,b'The Man with the Iron Fists',Color,RZA,208,107,561,353,RZA,746,15.608545,Action,Rick Yune,53471,2377,Daniel Wu,3,blacksmith|box office flop|chop socky|critically bashed|village,http://www.imdb.com/title/tt1258972/?ref_=fn_tt_tt_1,224,English,USA,R,15,561,5.4,2.35,29000
1998,b'Home Fries',Color,Dean Parisot,42,91,23,629,Jake Busey,925,10.443316,Comedy|Drama|Romance,Catherine O'Hara,7159,2913,Shelley Duvall,2,baby|infidelity|pilot|pregnant|waitress,http://www.imdb.com/title/tt0119304/?ref_=fn_tt_tt_1,88,English,USA,PG-13,15,660,5,1.85,247
2000,b'Here on Earth',Color,Mark Piznarski,44,96,4,670,Chris Klein,989,10.494147,Drama|Romance,Bruce Greenwood,7403,3142,Elaine Hendrix,1,diner|love|private school|school|small town,http://www.imdb.com/title/tt0195778/?ref_=fn_tt_tt_1,162,English,USA,PG-13,15,841,5.1,1.85,648
1985,b'Brazil',Color,Terry Gilliam,230,142,0,1000,Bob Hoskins,22000,9.929,Drama|Sci-Fi,Robert De Niro,152306,29475,Jim Broadbent,0,black comedy|bureaucracy|dream|terrorist|wrongful arrest,http://www.imdb.com/title/tt0088846/?ref_=fn_tt_tt_1,513,English,UK,R,15,5000,8,1.85,16000
2004,b'Raise Your Voice',Color,Sean McNamara,46,103,80,782,Rebecca De Mornay,1000,10.41198,Family|Music|Romance,Oliver James,22649,4676,Jason Ritter,0,music school|scholarship|small town|stage fright|three word title,http://www.imdb.com/title/tt0361696/?ref_=fn_tt_tt_1,212,English,USA,PG,15,872,5.9,2.35,1000
1998,b'The Big Lebowski',Color,Joel Coen,249,117,0,12000,Jeff Bridges,22000,17.439163,Comedy|Crime,Philip Seymour Hoffman,537419,47728,Steve Buscemi,1,death|drug|nihilism|rug|white russian,http://www.imdb.com/title/tt0118715/?ref_=fn_tt_tt_1,1028,English,USA,R,15,12000,8.2,1.85,35000
2002,b'Dark Blue',Color,Ron Shelton,71,118,41,274,Dash Mihok,556,9.059588,Crime|Drama|Romance|Thriller,Khandi Alexander,17261,1873,Michael Michele,1,corrupt|criminal|investigation|lapd|police,http://www.imdb.com/title/tt0279331/?ref_=fn_tt_tt_1,125,English,USA,R,15,463,6.6,2.35,455
2007,b'A Mighty Heart',Color,Michael Winterbottom,190,108,187,254,Archie Panjabi,11000,9.17281,Biography|Drama|History|Thriller|War,Angelina Jolie Pitt,24150,12178,Dan Futterman,0,fbi|journalist|missing|pakistan|reporter,http://www.imdb.com/title/tt0829459/?ref_=fn_tt_tt_1,118,English,USA,R,16,883,6.7,2.35,923
2000,b'Whatever It Takes',Color,David Raynr,50,94,9,612,Jodi Lyn O'Keefe,11000,8.735529,Comedy|Drama|Romance,James Franco,8055,13524,Marla Sokoloff,4,male objectification|manipulative behavior|modern day adaptation|narcissistic woman|promiscuous woman,http://www.imdb.com/title/tt0202402/?ref_=fn_tt_tt_1,89,English,USA,PG-13,15,897,5.5,1.85,816
2002,b'Boat Trip',Color,Mort Nathan,63,97,2,461,Lin Shaye,890,8.586376,Comedy,Vivica A. Fox,26598,3161,Bob Gunton,4,gay|hot air balloon|rejecting a marriage proposal|talking to a dog|vomiting on someone,http://www.imdb.com/title/tt0285462/?ref_=fn_tt_tt_1,132,English,USA,R,20,852,4.9,1.85,1000
1998,b'The Love Letter',Color,Dan Curtis,0,99,45,224,Campbell Scott,1000,0,Fantasy|Romance,Jennifer Jason Leigh,1465,2166,Estelle Parsons,1,antique|desk|letter|love|time travel,http://www.imdb.com/title/tt0140340/?ref_=fn_tt_tt_1,56,English,USA,Unrated,0,393,7.4,1.33,515
2006,b'Hoot',Color,Wil Shriner,49,91,6,596,Neil Flynn,8000,8.080116,Adventure|Comedy|Family,Logan Lerman,6562,10732,Tim Blake Nelson,0,fight|florida|montana|owl|school,http://www.imdb.com/title/tt0453494/?ref_=fn_tt_tt_1,66,English,USA,PG,15,625,5.6,1.85,647
2008,b'In Bruges',Color,Martin McDonagh,300,107,454,39,Anna Madeley,65,7.75713,Comedy|Crime|Drama,Elizabeth Berrington,307639,173,Eric Godon,1,bruges|bullet|hope|irish|tourist,http://www.imdb.com/title/tt0780536/?ref_=fn_tt_tt_1,513,English,UK,R,15,49,8,2.35,32000
2012,b'Promised Land',Color,Gus Van Sant,242,106,835,363,Hal Holbrook,13000,7.556708,Drama,Matt Damon,30284,14544,Terry Kinney,1,corporate greed|corporation|natural gas|salesman|small town,http://www.imdb.com/title/tt2091473/?ref_=fn_tt_tt_1,102,English,USA,R,15,826,6.6,1.85,10000
2009,b'Whatever Works',Color,Woody Allen,218,92,11000,386,Michael McKean,860,5.306447,Comedy|Romance,Larry David,58967,2717,Conleth Hill,1,atheist|limp|quantum mechanics|religion|runaway,http://www.imdb.com/title/tt1178663/?ref_=fn_tt_tt_1,169,English,USA,PG-13,15,658,7.2,1.85,10000
2000,b'The In Crowd', Black and White,Mary Lambert,49,105,52,275,Susan Ward,477,5.217498,Drama|Mystery|Thriller,Matthew Settle,3668,2312,A.J. Buckley,4,clique|country club|female protagonist|lip gloss|title directed by female,http://www.imdb.com/title/tt0163676/?ref_=fn_tt_tt_1,85,English,USA,PG-13,15,397,4.6,1.85,157
2001,b'Mulholland Drive',Color,David Lynch,252,147,0,669,Robert Forster,6000,7.219578,Drama|Mystery|Thriller,Naomi Watts,235992,8484,Laura Harring,1,amnesia|car accident|female protagonist|lesbian sex|loss of memory,http://www.imdb.com/title/tt0166924/?ref_=fn_tt_tt_1,1768,English,France,R,15,889,8,1.85,16000
2010,b'Never Let Me Go',Color,Mark Romanek,328,103,132,844,Charlie Rowe,10000,2.412045,Drama|Romance|Sci-Fi,Andrew Garfield,109873,12867,Charlotte Rampling,0,boarding school|childhood|love|love triangle|organ donation,http://www.imdb.com/title/tt1334260/?ref_=fn_tt_tt_1,320,English,UK,R,15,882,7.2,2.35,33000
1986,b'The Clan of the Cave Bear',Color,Michael Chapman,21,98,70,90,Pamela Reed,876,1.953732,Adventure|Drama|Fantasy,Curtis Armstrong,4996,1351,Mike Muscat,0,cave bear|cro magnon|neanderthal|survival|tradition,http://www.imdb.com/title/tt0090848/?ref_=fn_tt_tt_1,62,English,USA,R,15,324,5.3,2.35,843
1999,b'Crazy in Alabama',Color,Antonio Banderas,28,111,0,617,Elizabeth Perkins,783,1.954202,Comedy|Crime|Drama,Meat Loaf,5917,4834,Noah Emmerich,0,abusive husband|alabama|boy|dream|sheriff,http://www.imdb.com/title/tt0142201/?ref_=fn_tt_tt_1,71,English,USA,PG-13,15,664,6.3,2.35,391
2014,b'Listening',Color,Khalil Sullins,17,100,5,46,Kalim Chandler,192,0,Drama|Sci-Fi|Thriller,Thomas Stroppel,1933,527,Amber Marie Bollinger,0,divorce papers|fainting|mind control|playground|technology,http://www.imdb.com/title/tt3153582/?ref_=fn_tt_tt_1,13,English,Cambodia,0,0,134,5.6,2.35,708
1999,"b""Felicia's Journey""",Color,Atom Egoyan,95,116,460,71,Elaine Cassidy,5000,0.819852,Drama|Thriller,Bob Hoskins,6690,5426,Gerard McSorley,0,caterer|catering|chef|friend|lawn mower,http://www.imdb.com/title/tt0165773/?ref_=fn_tt_tt_1,83,English,Canada,PG-13,0,203,7,2.35,284
2001,b'Buffalo Soldiers',Color,Gregor Jordan,109,98,34,730,Scott Glenn,936,0.353743,Comedy|Crime|Drama|Thriller|War,Dean Stockwell,20730,3578,Leon,1,berlin wall|germany|murder|soldier|specialist,http://www.imdb.com/title/tt0252299/?ref_=fn_tt_tt_1,111,English,UK,R,15,826,6.9,2.35,664
1996,b'Silent Trigger',Color,Russell Mulcahy,14,88,85,40,Gina Bellman,825,0,Action|Drama|Thriller,Christopher Heyerdahl,2699,1432,Conrad Dunn,0,assassin|die hard scenario|rangefinder|soldier|veteran,http://www.imdb.com/title/tt0117653/?ref_=fn_tt_tt_1,29,English,Canada,R,9,476,5.6,2.35,154
2011,b'Winnie Mandela',Color,Darrell Roodt,17,104,36,2,Wendy Crewson,549,0,Biography|Drama|History,Jennifer Hudson,609,801,Aubrey Poo,2,character name in title|nelson mandela|one word title|reference to winnie mandela|south africa,http://www.imdb.com/title/tt1551641/?ref_=fn_tt_tt_1,15,English,South Africa,R,15,248,6,0,705
2001,"b""All the Queen's Men""",Color,Stefan Ruzowitzky,19,105,24,125,Udo Kier,776,0.022723,Action|Comedy|Drama|War,Eddie Izzard,2236,1732,Edward Fox,1,apostrophe in title|behind enemy lines|box office flop|gay interest|punctuation in title,http://www.imdb.com/title/tt0252223/?ref_=fn_tt_tt_1,40,English,Germany,PG-13,25,595,4.5,2.35,193
2007,b'The Good Night',Color,Jake Paltrow,50,93,17,66,Gael Le Cornec,1000,0.02038,Comedy|Drama|Fantasy|Music|Romance,Stephen Graham,7519,1245,Keith Allen,1,commercial|dream|dreaming|girl|new york city,http://www.imdb.com/title/tt0484111/?ref_=fn_tt_tt_1,39,English,USA,R,15,165,5.9,1.85,445
2014,b'Automata',Color,Gabe Ibáñez,136,109,19,537,Robert Forster,1000,0,Action|Sci-Fi|Thriller,Birgitte Hjort Sørensen,41638,2829,Melanie Griffith,0,child hitman|dystopia|future|robot|self repair,http://www.imdb.com/title/tt1971325/?ref_=fn_tt_tt_1,134,English,Bulgaria,R,7,889,6.1,2.35,13000
2005,b'Dungeons & Dragons: Wrath of the Dragon God',Color,Gerry Lively,26,105,93,51,Lucy Gaskell,179,0,Action|Adventure|Fantasy,Bruce Payne,5018,363,Steven Elder,0,combat|helmet|martial arts|medieval times|violence,http://www.imdb.com/title/tt0406728/?ref_=fn_tt_tt_1,108,English,Germany,Not Rated,15,55,4.9,1.78,473
2015,b'Chiamatemi Francesco - Il Papa della gente',Color,Daniele Luchetti,4,98,6,50,Rodrigo De la Serna,61,0,Biography,Maximilian Dirr,80,192,Ferdinando Vetere,0,0,http://www.imdb.com/title/tt3856124/?ref_=fn_tt_tt_1,4,Spanish,Italy,0,15,57,5.7,0,18
2009,b'Shinjuku Incident',0,Tung-Shing Yee,53,119,3,19,Daniel Wu,556,0,Action|Crime|Drama|Thriller,Bingbing Fan,9177,996,Yasuaki Kurata,4,chinese|gang|gratitude|immigrant|japan,http://www.imdb.com/title/tt1075419/?ref_=fn_tt_tt_1,53,Mandarin,Hong Kong,R,15,353,7.1,2.35,821
2000,b'Pandaemonium',Color,Julien Temple,22,124,67,303,Dexter Fletcher,631,0,Biography|Drama,Samantha Morton,695,1585,Linus Roache,1,betrayal|french revolution|friendship|poet|revolution,http://www.imdb.com/title/tt0210217/?ref_=fn_tt_tt_1,32,English,UK,PG-13,15,452,6.6,0,277
1993,b'Groundhog Day',Color,Harold Ramis,147,101,11000,512,Chris Elliott,13000,70.906973,Comedy|Fantasy|Romance,Bill Murray,437418,15500,Willie Garson,1,cult film|existentialism|groundhog day|time loop|trapped in a time loop,http://www.imdb.com/title/tt0107048/?ref_=fn_tt_tt_1,609,English,USA,PG,14.6,571,8.1,1.85,38000
2015,b'Magic Mike XXL',Color,Gregory Jacobs,222,115,13,642,Channing Tatum,20000,66.009973,Comedy|Drama|Music,Matt Bomer,38202,38963,Kevin Nash,3,male bonding|male friendship|male objectification|muscular|stripper,http://www.imdb.com/title/tt2268016/?ref_=fn_tt_tt_1,135,English,USA,R,14.8,17000,5.7,2.35,41000
1996,b'Romeo + Juliet',Color,Baz Luhrmann,106,120,1000,954,Harold Perrineau,29000,46.338728,Drama|Romance,Leonardo DiCaprio,167750,33791,Brian Dennehy,2,hawaiian shirt|love|shakespeare adaptation|shakespeare play|star crossed lovers,http://www.imdb.com/title/tt0117509/?ref_=fn_tt_tt_1,506,English,USA,PG-13,14.5,1000,6.8,2.35,10000
2014,b'Freedom',Color,Peter Cousens,5,94,5,124,David Rasche,467,0,Drama|Family|Music,Sharon Leal,993,994,Bart Shatto,2,19th century|christian film|hymn|religion|slave,http://www.imdb.com/title/tt2584018/?ref_=fn_tt_tt_1,13,English,USA,R,14.5,220,6.2,0,998
1992,b'Unforgiven',Color,Clint Eastwood,131,131,16000,638,Morgan Freeman,16000,101.157447,Drama|Western,Clint Eastwood,277505,28544,Frances Fisher,1,englishman|leaving flowers on a grave|one last job|reputation|visiting wife's grave,http://www.imdb.com/title/tt0105695/?ref_=fn_tt_tt_1,495,English,USA,R,14.4,11000,8.3,2.35,10000
2005,b'Manderlay',Color,Lars von Trier,140,139,3000,236,Jeremy Davies,3000,0.074205,Drama,Bryce Dallas Howard,18646,4211,Jean-Marc Barr,1,cotton|female frontal nudity|flogging|gangster|slavery,http://www.imdb.com/title/tt0342735/?ref_=fn_tt_tt_1,81,English,Denmark,Not Rated,14.2,769,7.4,2.35,1000
2008,b'Slumdog Millionaire',Color,Danny Boyle,418,120,0,40,Saurabh Shukla,668,141.319195,Drama|Romance,Anil Kapoor,641997,820,Ayush Mahesh Khedekar,0,cheating|falling from height|murder|non professional cast|slum,http://www.imdb.com/title/tt1010048/?ref_=fn_tt_tt_1,1017,English,UK,R,15,56,8,2.35,13000
1987,b'Fatal Attraction',Color,Adrian Lyne,94,119,213,249,Lois Smith,886,156.645693,Drama|Romance|Thriller,Fred Gwynne,55101,1639,Anne Archer,0,borderline personality disorder|killing a pet|madame butterfly|new york|new york city,http://www.imdb.com/title/tt0093010/?ref_=fn_tt_tt_1,201,English,USA,R,14,276,6.9,1.85,3000
1990,b'Pretty Woman',Color,Garry Marshall,82,125,0,700,Hector Elizondo,8000,178.406268,Comedy|Romance,Julia Roberts,213476,11135,Jason Alexander,2,businessman|falling in love with a prostitute|hotel|prostitute|rich man poor woman,http://www.imdb.com/title/tt0100405/?ref_=fn_tt_tt_1,271,English,USA,R,14,995,6.9,1.85,11000
1988,b'Crocodile Dundee II',Color,John Cornell,32,108,5,57,Linda Kozlowski,442,109.30621,Action|Adventure|Comedy,Paul Hogan,44096,717,John Meillon,1,australia|australian|crime boss|crocodile|gangster,http://www.imdb.com/title/tt0092493/?ref_=fn_tt_tt_1,62,English,Australia,PG,15.8,162,5.5,2.35,489
1989,b'Born on the Fourth of July',Color,Oliver Stone,72,145,0,560,Tom Berenger,10000,70.001698,Biography|Drama|War,Tom Cruise,76842,12098,Stephen Baldwin,0,desert|drunkenness|religious mother|strict mother|vietnam war,http://www.imdb.com/title/tt0096969/?ref_=fn_tt_tt_1,173,English,USA,R,14,854,7.2,2.35,4000
2012,b'The Possession',Color,Ole Bornedal,264,92,30,309,Madison Davenport,941,49.122319,Horror|Thriller,Kyra Sedgwick,47169,2348,Natasha Calis,0,basketball coach|box|jewish|rabbi|yard sale,http://www.imdb.com/title/tt0431021/?ref_=fn_tt_tt_1,162,English,USA,PG-13,14,459,5.9,2.35,17000
1999,b'Superstar',Color,Bruce McCulloch,43,81,54,636,Elaine Hendrix,8000,30.628981,Comedy|Romance,Will Ferrell,15047,10792,Molly Shannon,1,dancing|orphan|school|special education|student,http://www.imdb.com/title/tt0167427/?ref_=fn_tt_tt_1,160,English,USA,PG-13,14,670,5,1.85,2000
2011,b'The Iron Lady',Color,Phyllida Lloyd,331,105,58,583,Jim Broadbent,11000,29.959436,Biography|Drama|History,Meryl Streep,82327,12894,Olivia Colman,1,british prime minister|female prime minister|politics|prime minister|told in flashback,http://www.imdb.com/title/tt1007029/?ref_=fn_tt_tt_1,350,English,UK,PG-13,13,1000,6.4,2.35,18000
2002,b'Jonah: A VeggieTales Movie',Color,Mike Nawrocki,38,82,12,8,Mike Nawrocki,23,25.571351,Adventure|Animation|Comedy|Drama|Family|Musical,Phil Vischer,3135,49,Shelby Vischer,0,anthropomorphism|pirate|pirate ship|tomato|whale,http://www.imdb.com/title/tt0298388/?ref_=fn_tt_tt_1,78,English,USA,G,14,12,6.6,1.85,184
2002,b'All About the Benjamins',Color,Kevin Bray,40,95,10,111,Roger Guenveur Smith,706,25.482931,Action|Comedy|Crime|Thriller,Mike Epps,9693,1421,Gino Salvano,2,black comedy|bounty hunter|diamond|machismo|money,http://www.imdb.com/title/tt0278295/?ref_=fn_tt_tt_1,33,English,USA,R,14,266,5.7,2.35,530
1995,b'Vampire in Brooklyn',Color,Wes Craven,34,100,0,364,W. Earl Brown,723,19.9,Comedy|Fantasy|Horror|Romance,John Witherspoon,17262,2348,Allen Payne,1,blood|destiny|nightmare|partner|vampire,http://www.imdb.com/title/tt0114825/?ref_=fn_tt_tt_1,53,English,USA,R,20,422,4.5,1.85,1000
1977,b'Exorcist II: The Heretic',Color,John Boorman,82,118,128,467,Richard Burton,931,0,Horror,Linda Blair,16294,2704,Ned Beatty,7,demon|exorcism|locust|priest|repressed memory,http://www.imdb.com/title/tt0076009/?ref_=fn_tt_tt_1,252,English,USA,R,14,726,3.7,1.85,889
2003,"b""My Boss's Daughter""",Color,David Zucker,56,90,119,636,Tyler Labine,869,15.549702,Comedy|Romance,Carmen Electra,24038,3007,Molly Shannon,2,boss' daughter|crush|house sitter|housesitting|love interest,http://www.imdb.com/title/tt0270980/?ref_=fn_tt_tt_1,123,English,USA,PG-13,14,779,4.6,1.85,411
2009,b'A Perfect Getaway',Color,David Twohy,160,108,123,690,Milla Jovovich,26000,15.48354,Adventure|Mystery|Thriller,Chris Hemsworth,56338,41359,Marley Shelton,4,cliff|hawaii|island|newlywed|waterfall,http://www.imdb.com/title/tt0971209/?ref_=fn_tt_tt_1,215,English,USA,R,14,14000,6.5,2.35,4000
2010,b'Our Family Wedding',Color,Rick Famuyiwa,71,103,44,625,Lance Gross,953,20.246959,Comedy|Romance,America Ferrera,5721,3299,Lupe Ontiveros,2,california|love|marriage|wedding|wedding dress,http://www.imdb.com/title/tt1305583/?ref_=fn_tt_tt_1,20,English,USA,PG-13,14,849,4.9,2.35,1000
1998,b'Dead Man on Campus',Color,Alan Cohn,37,96,0,654,Linda Cardellini,3000,15.062898,Comedy,Alyson Hannigan,11729,6861,Poppy Montgomery,0,college|college roommate|party|roommate|student,http://www.imdb.com/title/tt0118301/?ref_=fn_tt_tt_1,106,English,USA,R,14,2000,6,1.85,645
1999,b'Tea with Mussolini',Color,Franco Zeffirelli,62,117,160,55,Joan Plowright,718,14.348123,Comedy|Drama|War,Lily Tomlin,9323,1148,Paolo Seganti,6,ambassador|american|art|english|italy,http://www.imdb.com/title/tt0120857/?ref_=fn_tt_tt_1,157,English,Italy,PG,12,330,6.9,1.85,970
1977,"b'New York, New York'",Color,Martin Scorsese,59,136,17000,213,Liza Minnelli,22000,0,Drama|Music|Musical|Romance,Robert De Niro,13548,23378,Mary Kay Place,0,love|musician|saxophonist|singer|songwriter,http://www.imdb.com/title/tt0076451/?ref_=fn_tt_tt_1,75,English,USA,PG,14,740,6.7,1.66,932
1994,b'Crooklyn',Color,Spike Lee,25,115,0,534,Delroy Lindo,1000,13.64,Comedy|Drama,Alfre Woodard,6011,3267,Isaiah Washington,0,argument|birthday|bully|coming of age|semi autobiographical,http://www.imdb.com/title/tt0109504/?ref_=fn_tt_tt_1,39,English,USA,PG-13,14,848,6.9,1.85,905
2007,b'I Think I Love My Wife',Color,Chris Rock,97,94,0,458,Eliza Coupe,12000,12.550242,Comedy|Drama|Romance,Steve Buscemi,13866,13446,Wendell Pierce,3,banker|investment|investment banker|marriage|sex,http://www.imdb.com/title/tt0770772/?ref_=fn_tt_tt_1,55,English,USA,R,0,490,5.5,1.85,488
2002,b'Big Fat Liar',Color,Shawn Levy,69,88,189,799,Donald Faison,934,47.811275,Adventure|Comedy|Family,Frankie Muniz,29008,3707,Lee Majors,1,brunette|film producer|liar|prank|stunt,http://www.imdb.com/title/tt0265298/?ref_=fn_tt_tt_1,99,English,USA,PG,15,927,5.4,1.85,896
2001,b'Head Over Heels',Color,Mark Waters,61,86,70,169,Ivana Milicevic,878,10.397365,Comedy|Mystery|Romance,Monica Potter,11693,2165,China Chow,5,apartment|fast motion scene|model|private investigation|suspected murder,http://www.imdb.com/title/tt0192111/?ref_=fn_tt_tt_1,104,English,USA,PG-13,14,834,5.4,2.35,613
2007,b'The Diving Bell and the Butterfly',Color,Julian Schnabel,259,112,232,177,Mathieu Amalric,413,5.990075,Biography|Drama,Emmanuelle Seigner,89906,1372,Isaach De Bankolé,1,arc de triomphe paris|based on autobiography|coma|elle magazine|male frontal nudity,http://www.imdb.com/title/tt0401383/?ref_=fn_tt_tt_1,175,French,France,PG-13,0,412,8,1.85,13000
2006,b'Little Children',Color,Todd Field,251,137,143,280,Noah Emmerich,14000,5.459824,Drama|Romance,Kate Winslet,92781,15337,Jane Adams,0,adulterous wife|bar|dysfunctional marriage|sex offender|suburb,http://www.imdb.com/title/tt0404203/?ref_=fn_tt_tt_1,320,English,USA,R,26,617,7.6,2.35,5000
2000,b'Gossip',Color,Davis Guggenheim,63,90,49,191,Sharon Lawrence,12000,5.10882,Drama|Mystery|Thriller,Norman Reedus,12519,12776,Noam Jenkins,5,college|college campus|gossip|rape|sex,http://www.imdb.com/title/tt0176783/?ref_=fn_tt_tt_1,112,English,USA,R,24,215,5.9,2.35,853
1999,b'A Walk on the Moon',Color,Tony Goldwyn,47,107,956,113,Julie Kavner,10000,4.741987,Drama,Viggo Mortensen,6782,10368,Tovah Feldshuh,1,adulterous wife|cheating wife|summer|unfaithfulness|woodstock,http://www.imdb.com/title/tt0120613/?ref_=fn_tt_tt_1,114,English,USA,R,14,233,6.6,1.85,860
2006,b'Catch a Fire',Color,Phillip Noyce,108,98,176,15,Terry Pheto,543,4.291965,Biography|Drama|History,Derek Luke,9334,678,Bonnie Henna,3,attack|coach|colonel|jail|oil refinery,http://www.imdb.com/title/tt0437232/?ref_=fn_tt_tt_1,59,English,France,PG-13,14,113,6.7,2.35,447
2001,b'Soul Survivors',Color,Stephen Carpenter,64,84,12,102,Angela Featherstone,159,3.10065,Drama|Horror|Mystery|Thriller,Melissa Sagemiller,7277,417,Candace Kroslak,4,car accident|college|ghost|girl in panties|white panties,http://www.imdb.com/title/tt0218619/?ref_=fn_tt_tt_1,181,English,USA,PG-13,14,102,3.9,1.85,231
1995,b'Jefferson in Paris',Color,James Ivory,20,139,133,5,Todd Boyce,423,2.474,Biography|Drama|History|Romance,Seth Gilliam,2427,446,Nigel Whitmey,1,18th century|ambassador|french revolution|friendship|thomas jefferson,http://www.imdb.com/title/tt0113463/?ref_=fn_tt_tt_1,27,English,France,PG-13,14,15,5.7,1.85,127
2008,b'Easy Virtue',Color,Stephan Elliott,135,97,11,548,Kristin Scott Thomas,14000,2.656324,Comedy|Romance,Colin Firth,16444,16431,Kris Marshall,4,estate|female frontal nudity|female nudity|no panties|unhappy marriage,http://www.imdb.com/title/tt0808244/?ref_=fn_tt_tt_1,79,English,UK,PG-13,0,1000,6.7,2.35,2000
1978,b'Caravans',Color,James Fargo,2,127,109,324,Joseph Cotten,16000,1,Action|Adventure|History,Christopher Lee,524,17250,Behrouz Vossoughi,0,afghanistan|caravan|rebel|russian|tribe,http://www.imdb.com/title/tt0077296/?ref_=fn_tt_tt_1,8,English,Iran,PG,14,469,6.5,2.35,76
2009,b'Wild Grass',Color,Alain Resnais,129,104,752,59,Sara Forestier,412,0.403649,Drama|Romance,Mathieu Amalric,3174,799,Edouard Baer,0,dentist|letter|pilot|skateboard|wallet,http://www.imdb.com/title/tt1156143/?ref_=fn_tt_tt_1,31,French,France,PG,0,74,6.3,2.35,512
2010,b'Reign of Assassins',Color,Chao-Bin Su,50,117,2,21,Shawn Yue,149,0,Action,Woo-sung Jung,6069,243,Kelly Lin,2,martial arts|sword fight|wuxia,http://www.imdb.com/title/tt1460743/?ref_=fn_tt_tt_1,34,Mandarin,China,R,12,32,6.9,2.35,1000
2008,b'The Lucky Ones',Color,Neil Burger,57,115,168,322,Katherine LaNasa,697,0.183088,Comedy|Drama|War,John Heard,11704,2243,Mark L. Young,0,college tuition|guitar|road trip|soldier|stranded,http://www.imdb.com/title/tt0981072/?ref_=fn_tt_tt_1,36,English,USA,R,15,329,7,1.85,702
2009,b'Stan Helsing',Color,Bo Zenga,45,90,10,378,Kenan Thompson,826,0,Comedy|Horror,Steve Howey,9928,2207,Diora Baird,7,dollar bill|double entendre|escaped convict|halloween|striptease,http://www.imdb.com/title/tt1185266/?ref_=fn_tt_tt_1,66,English,Canada,R,0,521,3.6,1.85,934
2010,b'Flipped',Color,Rob Reiner,87,90,0,767,Rebecca De Mornay,1000,1.752214,Comedy|Drama|Romance,Madeline Carroll,60460,4377,Aidan Quinn,0,apology|falling in love|multiple perspectives|narrated by a girl|younger version of character,http://www.imdb.com/title/tt0817177/?ref_=fn_tt_tt_1,104,English,USA,PG,14,872,7.7,1.85,14000
2005,b'Brokeback Mountain',Color,Ang Lee,357,134,0,11000,Heath Ledger,15000,83.025853,Drama|Romance,Jake Gyllenhaal,259837,39789,Anne Hathaway,0,gay relationship|homosexuality|mountain|ranch|rodeo,http://www.imdb.com/title/tt0388795/?ref_=fn_tt_tt_1,2254,English,USA,R,14,13000,7.7,1.85,13000
2014,b'Teenage Mutant Ninja Turtles',Color,Jonathan Liebesman,348,101,473,429,Danny Woodburn,833,190.87124,Action|Adventure|Comedy|Sci-Fi,Noel Fisher,167089,2690,Jeremy Howard,0,18 wheeler|mutant|ninja|sewer|turtle,http://www.imdb.com/title/tt1291150/?ref_=fn_tt_tt_1,491,English,USA,PG-13,125,809,5.9,2.35,62000
2012,b'Seven Psychopaths',Color,Martin McDonagh,401,110,454,816,Gabourey Sidibe,2000,14.989761,Comedy|Crime,Abbie Cornish,185845,4757,Michael Stuhlbarg,7,dognapping|gangster|misfiring gun|screenwriter|shih tzu,http://www.imdb.com/title/tt1931533/?ref_=fn_tt_tt_1,284,English,UK,R,15,906,7.2,2.35,52000
2001,"b""The Caveman's Valentine""",Color,Kasi Lemmons,58,105,148,400,Tamara Tunie,539,0.687081,Crime|Drama|Music|Mystery|Thriller,Colm Feore,5602,1767,Aunjanue Ellis,0,chrysler building manhattan new york city|delusion|manhattan new york city|new york city|title directed by female,http://www.imdb.com/title/tt0182000/?ref_=fn_tt_tt_1,59,English,USA,R,0,508,6,1.85,329
2004,b'Downfall',Color,Oliver Hirschbiegel,192,178,101,471,Bruno Ganz,918,5.50194,Biography|Drama|History|War,Thomas Kretschmann,248354,2334,Alexandra Maria Lara,0,bunker|hitler|nazi|no exit|war ruins,http://www.imdb.com/title/tt0363163/?ref_=fn_tt_tt_1,564,German,Germany,R,13.5,653,8.3,1.85,14000
2013,b'Under the Skin',Color,Jonathan Glazer,454,108,143,21,Paul Brannigan,19000,2.605039,Drama|Horror|Sci-Fi|Thriller,Scarlett Johansson,85022,19086,Alison Chand,0,alien|desire|female nudity|male frontal nudity|scotland,http://www.imdb.com/title/tt1441395/?ref_=fn_tt_tt_1,616,English,UK,R,0,50,6.3,1.85,29000
2010,b'The Last Godfather',Color,Hyung-rae Shim,4,100,26,385,Stephanie Danielson,898,0.163591,Comedy,Jason Mewes,912,2895,Michael Rispoli,5,mafia|mafia boss|mafiosi|mafioso|three word title,http://www.imdb.com/title/tt1584131/?ref_=fn_tt_tt_1,17,English,South Korea,PG-13,13.4,391,3.6,1.78,502
2011,b'Justin Bieber: Never Say Never',Color,Jon M. Chu,84,115,209,41,Sean Kingston,569,73.000942,Documentary|Music,Usher Raymond,74351,714,Boys II Men,1,boyhood friend|manager|plasma tv|prodigy|star,http://www.imdb.com/title/tt1702443/?ref_=fn_tt_tt_1,233,English,USA,G,13,69,1.6,1.85,62000
2010,b'Black Swan',Color,Darren Aronofsky,669,108,0,1000,Mila Kunis,20000,106.952327,Drama|Thriller,Natalie Portman,551363,38072,Mark Margolis,1,ballerina|ballet|fear|female protagonist|madness,http://www.imdb.com/title/tt0947798/?ref_=fn_tt_tt_1,1140,English,USA,R,13,15000,8,2.35,106000
2014,b'RoboCop',Color,José Padilha,492,117,294,1000,Abbie Cornish,10000,58.607007,Action|Crime|Sci-Fi|Thriller,Gary Oldman,182910,14160,Jennifer Ehle,0,law enforcement|police|robocop|robot|technology,http://www.imdb.com/title/tt1234721/?ref_=fn_tt_tt_1,630,English,USA,PG-13,100,2000,6.2,2.35,60000
1974,b'The Godfather: Part II',Color,Francis Ford Coppola,149,189,0,3000,Al Pacino,22000,57.3,Crime|Drama,Robert De Niro,790926,39960,Robert Duvall,1,1950s|corrupt politician|lake tahoe nevada|melancholy|revenge,http://www.imdb.com/title/tt0071562/?ref_=fn_tt_tt_1,650,English,USA,R,13,14000,9,1.85,14000
2016,b'Miracles from Heaven',Color,Patricia Riggen,63,109,36,579,Brighton Sharbino,3000,61.693523,Drama,Jennifer Garner,6276,7833,Martin Henderson,0,child cancer|christian film|christianity|falling into a hole|inspiring,http://www.imdb.com/title/tt4257926/?ref_=fn_tt_tt_1,55,English,USA,PG,13,3000,6.8,1.85,16000
2014,b'St. Vincent',Color,Theodore Melfi,275,102,51,360,Naomi Watts,13000,44.134898,Comedy|Drama,Bill Murray,72803,20330,Reg E. Cathey,3,bullying|grumpy old man|school presentation|stroke|stroke recovery,http://www.imdb.com/title/tt2170593/?ref_=fn_tt_tt_1,171,English,USA,PG-13,13,6000,7.3,1.85,33000
1999,b'10 Things I Hate About You',Color,Gil Junger,133,97,19,835,Heath Ledger,23000,38.176108,Comedy|Drama|Romance,Joseph Gordon-Levitt,222099,37907,Andrew Keegan,6,dating|protective father|school|shrew|teen movie,http://www.imdb.com/title/tt0147800/?ref_=fn_tt_tt_1,549,English,USA,PG-13,16,13000,7.2,1.85,10000
2002,b'The New Guy',Color,Ed Decter,49,92,13,301,Eddie Griffin,11000,28.972187,Comedy,Zooey Deschanel,28805,12687,Gene Simmons,1,cheerleader|geek|high school|prison|reference to janet jackson,http://www.imdb.com/title/tt0241760/?ref_=fn_tt_tt_1,159,English,USA,PG-13,13,489,5.9,1.85,1000
2004,b'The Butterfly Effect',Color,Eric Bress,185,120,19,829,Eric Stoltz,8000,0.023947,Sci-Fi|Thriller,Logan Lerman,357579,12755,Cameron Bright,0,blackout|child pornography|memory|surprise ending|time travel,http://www.imdb.com/title/tt0289879/?ref_=fn_tt_tt_1,1100,English,USA,R,13,902,7.7,1.85,15000
1998,b'The Big Hit',Color,Kirk Wong,57,91,6,459,Elliott Gould,904,27.052167,Action|Comedy|Crime|Thriller,Bokeem Woodbine,24834,3353,Antonio Sabato Jr.,5,hitman|kidnapping|kosher|vhs|video store,http://www.imdb.com/title/tt0120609/?ref_=fn_tt_tt_1,168,English,USA,R,13,471,6.1,1.85,934
1996,b'Harriet the Spy',Color,Bronwen Hughes,25,100,15,388,Eartha Kitt,694,26.539321,Comedy|Drama|Family,Gregory Smith,7984,2486,Charlotte Sullivan,1,binoculars|child spy|notebook|secret|spy,http://www.imdb.com/title/tt0116493/?ref_=fn_tt_tt_1,42,English,USA,PG,13,558,5.9,1.85,833
2007,b'The Mist',Color,Frank Darabont,330,126,0,745,Alexa Davalos,2000,25.592632,Horror,Toby Jones,220475,5371,Jeffrey DeMunn,0,desperation|fog|giant insect|survival|survival horror,http://www.imdb.com/title/tt0884328/?ref_=fn_tt_tt_1,1066,English,USA,R,18,850,7.2,1.85,20000
2015,b'Ex Machina', Black and White,Alex Garland,489,108,232,123,Sonoya Mizuno,149,25.440971,Drama|Mystery|Sci-Fi|Thriller,Elina Alminas,289508,430,Corey Johnson,0,artificial intelligence|robot|robot human relationship|turing test|video surveillance,http://www.imdb.com/title/tt0470752/?ref_=fn_tt_tt_1,611,English,UK,R,15,145,7.7,2.35,109000
2001,b'Two Can Play That Game',Color,Mark Brown,40,90,7,405,Vivica A. Fox,939,22.235901,Comedy|Romance,Mo'Nique,4339,2815,Tamala Jones,2,advice|battle of the sexes|lingerie|romantic rivalry|rule,http://www.imdb.com/title/tt0269341/?ref_=fn_tt_tt_1,31,English,USA,R,6,890,6.1,1.85,593
2006,b'Letters from Iwo Jima',Color,Clint Eastwood,251,141,16000,78,Kazunari Ninomiya,378,13.753931,Drama|History|War,Yuki Matsuzaki,132149,751,Shidô Nakamura,0,blood splatter|general|island|japan|world war two,http://www.imdb.com/title/tt0498380/?ref_=fn_tt_tt_1,316,Japanese,USA,R,19,85,7.9,2.35,5000
2006,b'The Astronaut Farmer',Color,Michael Polish,113,104,35,844,Virginia Madsen,24000,10.99644,Adventure|Drama|Sci-Fi,J.K. Simmons,19707,27806,Bruce Dern,0,bank|fbi|fuel|rocket|space travel,http://www.imdb.com/title/tt0469263/?ref_=fn_tt_tt_1,128,English,USA,PG,13,912,6.3,2.35,862
1998,b'Woo',Color,Daisy von Scherler Mayer,23,84,18,744,Jada Pinkett Smith,1000,8.026971,Comedy|Romance,LL Cool J,1520,3352,Dave Chappelle,0,blind date|law clerk|love|manhattan new york city|world trade center manhattan new york city,http://www.imdb.com/title/tt0120531/?ref_=fn_tt_tt_1,20,English,USA,R,13,851,3.8,0,204
2015,b'Room',Color,Lenny Abrahamson,421,118,412,491,Jacob Tremblay,805,14.677654,Drama,Joan Allen,161288,2499,Cas Anvar,0,based on novel|escape|imprisonment|kidnapping|mother son relationship,http://www.imdb.com/title/tt3170832/?ref_=fn_tt_tt_1,351,English,Ireland,R,13,681,8.3,2.35,72000
1998,b'Dirty Work',Color,Bob Saget,32,82,799,294,Jack Warden,721,9.975684,Comedy,Don Rickles,20033,1805,Traylor Howard,0,cult film|gambling debt|job|off screen murder|revenge,http://www.imdb.com/title/tt0120654/?ref_=fn_tt_tt_1,117,English,Canada,PG-13,13,359,6.4,1.85,679
1994,b'Serial Mom',Color,John Waters,52,95,0,650,Sam Waterston,899,7.881335,Comedy|Crime|Thriller,Kathleen Turner,21212,3092,Traci Lords,4,dentist|housewife|howie scream|murder|perfection,http://www.imdb.com/title/tt0111127/?ref_=fn_tt_tt_1,107,English,USA,R,13,849,6.7,1.66,3000
1999,b'Light It Up',Color,Craig Bolotin,39,99,7,730,Vanessa Williams,3000,5.871603,Drama|Thriller,Rosario Dawson,3116,6485,Robert Ri'chard,3,black cop|die hard scenario|hostage negotiator|police|police brutality,http://www.imdb.com/title/tt0172726/?ref_=fn_tt_tt_1,39,English,USA,R,13,1000,6,1.85,251
2001,b'Birthday Girl',Color,Jez Butterworth,111,93,16,258,Mathieu Kassovitz,567,4.919896,Comedy|Crime|Thriller,Mark Gatiss,21530,1775,Ben Chaplin,1,bank|bank clerk|birthday|mail order bride|russian,http://www.imdb.com/title/tt0188453/?ref_=fn_tt_tt_1,159,English,UK,R,13,326,6.1,2.35,618
2013,b'21 & Over',Color,Jon Lucas,168,93,24,499,Josie Loren,552,25.675765,Comedy,Justin Chon,60407,2730,Sarah Wright,0,21st birthday|college student|drunken man|pubic hair|standing up to father,http://www.imdb.com/title/tt1711425/?ref_=fn_tt_tt_1,84,English,USA,R,13,528,5.9,2.35,11000
2007,b'Resurrecting the Champ',Color,Rod Lurie,104,112,37,548,Kathryn Morris,748,3.169424,Drama|Sport,Harry Lennix,18442,2417,Peter Coyote,1,boxing|colosseum|homeless man|reporter|writer,http://www.imdb.com/title/tt0416185/?ref_=fn_tt_tt_1,59,English,USA,PG-13,13,573,6.8,2.35,689
2013,b'Admission',Color,Paul Weitz,150,107,80,252,Sarita Choudhury,2000,18.004225,Comedy|Drama|Romance,Tina Fey,28573,3004,Christopher Evan Welch,2,adoption|female protagonist|princeton university|wedding|working women,http://www.imdb.com/title/tt1814621/?ref_=fn_tt_tt_1,87,English,USA,PG-13,13,257,5.7,2.35,5000
2000,b'The Widow of Saint-Pierre',Color,Patrice Leconte,61,112,83,8,Daniel Auteuil,2000,3.05838,Drama|Romance,Emir Kusturica,4767,2389,Yves Jacques,1,archipelago|guillotine|island|prison|redemption,http://www.imdb.com/title/tt0191636/?ref_=fn_tt_tt_1,69,French,France,R,100,370,7.3,2.35,186
1996,b'Faithful',Color,Paul Mazursky,21,91,150,150,Ryan O'Neal,979,2.104,Comedy|Crime|Drama,Chazz Palminteri,1595,1679,Paul Mazursky,3,bathroom|bathtub|female protagonist|flashback|kitchen,http://www.imdb.com/title/tt0116269/?ref_=fn_tt_tt_1,19,English,USA,R,13,385,5.9,1.85,69
2009,b'Brothers',Color,Jim Sheridan,217,105,260,1000,Jake Gyllenhaal,20000,28.501651,Drama|Thriller,Natalie Portman,88037,39473,Ethan Suplee,0,afghanistan|death of soldier|presumed dead|prisoner|war trauma,http://www.imdb.com/title/tt0765010/?ref_=fn_tt_tt_1,201,English,USA,R,26,15000,7.1,2.35,10000
2012,b'The Perks of Being a Wallflower',Color,Stephen Chbosky,364,102,139,850,Ezra Miller,8000,17.73857,Drama|Romance,Logan Lerman,351274,13631,Kate Walsh,2,coming of age|depression|gay|high school|mental illness,http://www.imdb.com/title/tt1659337/?ref_=fn_tt_tt_1,457,English,USA,PG-13,13,3000,8,1.85,131000
1993,b'Excessive Force',Color,Jon Hess,19,87,29,147,Ian Gomez,683,1.2,Action,Burt Young,922,1139,Thomas Ian Griffith,1,exercise bicycle|face in food|police|police brutality|policeman,http://www.imdb.com/title/tt0104215/?ref_=fn_tt_tt_1,23,English,USA,R,3,155,5.1,1.85,107
2000,b'The Claim',Color,Michael Winterbottom,71,115,187,887,Sarah Polley,14000,0.403932,Drama|Romance|Western,Milla Jovovich,5254,17104,Shirley Henderson,4,gold|gold mine|miner|railroad|surveyor,http://www.imdb.com/title/tt0218378/?ref_=fn_tt_tt_1,92,English,UK,R,20,900,6.5,2.35,141
2011,b'Attack the Block',Color,Joe Cornish,399,88,115,304,Luke Treadaway,1000,1.024175,Action|Comedy|Sci-Fi|Thriller,John Boyega,82331,2011,Jodie Whittaker,6,alien|alien invasion|apartment|creature|gang,http://www.imdb.com/title/tt1478964/?ref_=fn_tt_tt_1,297,English,UK,R,13,305,6.6,2.35,18000
2013,b'The Call',Color,Brad Anderson,285,94,122,383,Tara Platt,873,51.872378,Crime|Thriller,Michael Imperioli,88241,2812,Roma Maffia,0,911 operator|calling 911|die hard scenario|head held underwater|white villain,http://www.imdb.com/title/tt1911644/?ref_=fn_tt_tt_1,266,English,USA,R,13,461,6.7,1.85,23000
2016,b'Operation Chromite',Color,John H. Lee,2,115,32,29,Dean Dawson,14000,0.031662,Action|Drama|History|War,Liam Neeson,90,14133,Jung-jae Lee,1,0,http://www.imdb.com/title/tt4939066/?ref_=fn_tt_tt_1,1,English,South Korea,0,12.62,81,6.8,0,139
2002,b'The Crocodile Hunter: Collision Course',Color,John Stainton,61,90,0,234,Aden Young,477,28.399192,Action|Adventure|Comedy|Family,Steve Irwin,5663,1483,Steve Bastoni,0,cia|crocodile|satellite|snake|spider,http://www.imdb.com/title/tt0305396/?ref_=fn_tt_tt_1,106,English,Australia,PG,13,238,5.4,2.35,332
2009,b'I Love You Phillip Morris',Color,Glenn Ficarra,242,102,43,113,Louis Herthum,170,2.035566,Biography|Comedy|Crime|Drama|Romance,Dameon Clarke,77305,931,Annie Golden,0,character name in title|con artist|fraud|gay|prison break,http://www.imdb.com/title/tt1045772/?ref_=fn_tt_tt_1,162,English,France,R,13,157,6.6,1.85,11000
1993,b'True Romance',Color,Tony Scott,122,121,12000,975,Gary Oldman,11000,12.2815,Action|Crime|Drama|Romance|Thriller,Brad Pitt,163492,23602,Michael Rapaport,3,aspiring actor|cocaine|drugs|pimp|suitcase full of money,http://www.imdb.com/title/tt0108399/?ref_=fn_tt_tt_1,460,English,USA,R,13,10000,8,2.35,15000
2007,b'Lars and the Real Girl',Color,Craig Gillespie,226,106,44,552,Kelli Garner,33000,5.949693,Comedy|Drama|Romance,Ryan Gosling,114762,34351,Paul Schneider,1,in love with an inanimate object|internet|introvert|psychologist|sex doll,http://www.imdb.com/title/tt0805564/?ref_=fn_tt_tt_1,299,English,USA,PG-13,12,730,7.4,1.85,19000
2008,b'The Boy in the Striped Pajamas',Color,Mark Herman,185,94,39,18,Sheila Hancock,77,9.030581,Drama|War,Richard Johnson,132386,156,Cara Horgan,0,boy|fence|jew|nazis|poison gas,http://www.imdb.com/title/tt0914798/?ref_=fn_tt_tt_1,398,English,UK,PG-13,12.5,32,7.8,1.85,38000
1997,b'Oscar and Lucinda',Color,Gillian Armstrong,28,132,44,241,Richard Roxburgh,1000,1.508689,Drama|Romance,Tom Wilkinson,5648,2004,Clive Russell,2,australia|church|glass|inheritance|wager,http://www.imdb.com/title/tt0119843/?ref_=fn_tt_tt_1,50,English,USA,R,16,653,6.7,2.35,329
1996,b'The Funeral',Color,Abel Ferrara,48,99,220,599,Vincent Gallo,812,1.227324,Crime|Drama,Isabella Rossellini,6921,3337,Gretchen Mol,3,1930s|madness|murder|new york city|violence,http://www.imdb.com/title/tt0116378/?ref_=fn_tt_tt_1,48,English,USA,R,12.5,787,6.6,1.85,344
2010,b'Machete',Color,Ethan Maniquis,391,105,20,844,Don Johnson,22000,26.589953,Action|Crime|Thriller,Robert De Niro,165792,26233,Cheech Marin,1,machete|mexican|mexico|priest|texas,http://www.imdb.com/title/tt0985694/?ref_=fn_tt_tt_1,392,English,USA,R,10.5,982,6.7,1.85,44000
1988,b'The Land Before Time',Color,Don Bluth,24,69,383,191,Gabriel Damon,912,48.092846,Adventure|Animation|Family,Judith Barsi,61753,1833,Bill Erwin,0,brontosaurus|classical music|dinosaur|dinosaur feature|earthquake,http://www.imdb.com/title/tt0095489/?ref_=fn_tt_tt_1,133,English,USA,G,12.5,320,7.3,1.33,5000
1973,b'The Exorcist',Color,William Friedkin,304,132,607,259,Linda Blair,1000,204.565,Horror,Ellen Burstyn,284252,2466,Lee J. Cobb,0,demonic possession|exorcism|exorcist|loss of innocence|priest,http://www.imdb.com/title/tt0070047/?ref_=fn_tt_tt_1,1058,English,USA,R,8,931,8,1.37,18000
1975,b'Jaws',Color,Steven Spielberg,385,130,14000,366,Robert Shaw,813,260,Adventure|Drama|Thriller,Roy Scheider,412454,2047,Murray Hamilton,0,beach|blockbuster|fishing|great white shark|shark,http://www.imdb.com/title/tt0073195/?ref_=fn_tt_tt_1,962,English,USA,PG,8,559,8,2.35,21000
2002,b'Barbershop',Color,Tim Story,91,102,167,436,Jason George,656,75.07495,Comedy|Drama,Sean Patrick Thomas,22147,2754,Cedric the Entertainer,0,barber|barbershop|blaxploitation|loan shark|theft,http://www.imdb.com/title/tt0303714/?ref_=fn_tt_tt_1,156,English,USA,PG-13,12,528,6.3,1.85,770
2012,b'Act of Valor',Color,Mike McCoy,216,110,16,11,Jason Cottle,93,70.011073,Action|Adventure|Drama|Thriller|War,Alex Veadov,57996,146,Rorke Denver,0,mission|navy seal|terrorist|torture|valor,http://www.imdb.com/title/tt1591479/?ref_=fn_tt_tt_1,349,English,USA,R,12,17,6.5,2.35,15000
2012,b'Chronicle',Color,Josh Trank,414,89,128,371,Alex Russell,963,64.572496,Drama|Sci-Fi|Thriller,Michael Kelly,204327,2054,Ashley Hinshaw,0,found footage|high school|subjective camera|teen angst|troubled teen,http://www.imdb.com/title/tt1706593/?ref_=fn_tt_tt_1,471,English,USA,PG-13,12,465,7.1,1.85,32000
2012,b'Project X',Color,Nima Nourizadeh,229,93,166,281,Kirby Bliss Blanton,971,54.724272,Comedy|Crime,Dax Flame,157051,2043,Oliver Cooper,0,birthday party|high school|high school senior|millennial generation|party,http://www.imdb.com/title/tt1636826/?ref_=fn_tt_tt_1,261,English,USA,R,12,329,6.7,1.85,29000
2004,b'Johnson Family Vacation',Color,Christopher Erskin,45,97,4,826,Shannon Elizabeth,1000,31.179516,Comedy,Vanessa Williams,5928,5006,Shad Moss,5,cross country|cross country trip|highway travel|on the road|road movie,http://www.imdb.com/title/tt0359517/?ref_=fn_tt_tt_1,49,English,USA,PG-13,12,1000,4.3,2.35,243
2014,b'The Fault in Our Stars',Color,Josh Boone,326,133,131,733,Sam Trammell,8000,124.868837,Drama|Romance,Shailene Woodley,249688,10565,Nat Wolff,0,cancer|falling in love|friendship|novel|teenager,http://www.imdb.com/title/tt2582846/?ref_=fn_tt_tt_1,548,English,USA,PG-13,12,1000,7.8,1.85,93000
1979,b'Prophecy',Color,John Frankenheimer,70,102,287,79,Richard Dysart,452,0,Horror|Sci-Fi,Talia Shire,3000,729,Robert Foxworth,1,cabin|monster|monster movie|paper mill|pollution,http://www.imdb.com/title/tt0079758/?ref_=fn_tt_tt_1,75,English,USA,PG,12,122,5.4,2.35,902
2013,b'Philomena',Color,Stephen Frears,354,98,350,322,Mare Winningham,1000,37.707719,Biography|Drama,Steve Coogan,76094,2376,Peter Hermann,2,catholic|convent|gay love|gay relationship|irish adoption board,http://www.imdb.com/title/tt2431286/?ref_=fn_tt_tt_1,233,English,UK,PG-13,12,482,7.6,1.85,37000
2005,b'The Upside of Anger',Color,Mike Binder,125,118,57,805,Erika Christensen,975,18.761993,Comedy|Drama,Alicia Witt,19007,2944,Joan Allen,1,anger|baseball|drinking|radio|secretary,http://www.imdb.com/title/tt0365885/?ref_=fn_tt_tt_1,219,English,USA,R,9,931,6.9,2.35,549
2004,"b""My Baby's Daddy""",Color,Cheryl Dunye,33,86,17,581,Marsha Thomason,873,17.321573,Comedy,Michael Imperioli,3119,3646,Bai Ling,5,animal costume|break up|fatherhood|rapper|talking baby,http://www.imdb.com/title/tt0332712/?ref_=fn_tt_tt_1,18,English,USA,PG-13,0,691,4.5,1.85,151
2013,b'Nebraska', Black and White,Alexander Payne,433,115,729,622,Bruce Dern,1000,17.61346,Adventure|Comedy|Drama,Devin Ratray,91082,3798,Will Forte,0,aging|billings montana|lincoln nebraska|nebraska|pickup truck,http://www.imdb.com/title/tt1821549/?ref_=fn_tt_tt_1,274,English,USA,R,12,844,7.8,2.35,28000
2001,"b""Max Keeble's Big Move""",Color,Tim Hill,37,91,25,611,Amber Valletta,833,17.292381,Comedy|Crime|Family,Noel Fisher,5794,4551,Larry Miller,0,bully|moving|principal|revenge|school,http://www.imdb.com/title/tt0273799/?ref_=fn_tt_tt_1,69,English,USA,PG,12,626,5.3,1.85,371
1997,b'How to Be a Player',Color,Lionel C. Martin,11,93,3,324,Gilbert Gottfried,1000,13.960203,Comedy,Bernie Mac,2301,2939,Lark Voorhies,2,breaking the fourth wall|doorman|friend|party|sex,http://www.imdb.com/title/tt0119326/?ref_=fn_tt_tt_1,15,English,USA,R,0,560,5.3,1.85,439
1998,b'Living Out Loud',Color,Richard LaGravenese,24,100,98,604,Eddie Cibrian,1000,12.90279,Comedy|Drama|Romance,Holly Hunter,4052,3250,Jenette Goldstein,1,brooklyn bridge|divorce|female protagonist|female star appears nude|lingerie slip,http://www.imdb.com/title/tt0120722/?ref_=fn_tt_tt_1,88,English,USA,R,12,849,6.6,2.35,242
1981,b'The Postman Always Rings Twice',Color,Bob Rafelson,34,122,30,85,Michael Lerner,1000,0,Crime|Drama|Romance|Thriller,Anjelica Huston,16764,1456,John Colicos,0,adultery|drifter|lunch wagon|murder|neo noir,http://www.imdb.com/title/tt0082934/?ref_=fn_tt_tt_1,48,English,USA,R,12,230,6.6,1.85,1000
1981,b'Das Boot',Color,Wolfgang Petersen,96,189,249,18,Martin Semmelrogge,362,11.433134,Adventure|Drama|Thriller|War,Jürgen Prochnow,168203,469,Herbert Grönemeyer,0,duty|submarine|submarine movie|tension|u boat,http://www.imdb.com/title/tt0082096/?ref_=fn_tt_tt_1,426,German,West Germany,R,14,21,8.4,1.85,11000
2004,b'The Alamo',Color,John Lee Hancock,106,137,102,877,Marc Blucas,2000,22.406362,Drama|History|War|Western,Dennis Quaid,16832,5780,Jordi Mollà,0,army|dictator|general|texan|texas,http://www.imdb.com/title/tt0318974/?ref_=fn_tt_tt_1,267,English,USA,PG-13,107,973,6,2.35,701
2002,b'Sorority Boys',Color,Wallace Wolodarsky,53,93,32,503,Barry Watson,529,10.198766,Comedy,Heather Matarazzo,12007,2393,Harland Williams,3,college|cruise|drag|female armpit hair|sorority,http://www.imdb.com/title/tt0279781/?ref_=fn_tt_tt_1,105,English,USA,R,12,526,5.4,1.85,507
2013,b'About Time',Color,Richard Curtis,274,123,628,171,Tom Hollander,565,15.294553,Drama|Fantasy|Romance,Tom Hughes,202341,1595,Lindsay Duncan,1,boyfriend girlfriend relationship|lingerie slip|time travel|time travel romance|wedding,http://www.imdb.com/title/tt2194499/?ref_=fn_tt_tt_1,391,English,UK,R,12,555,7.8,2.35,105000
2000,b'Screwed',Color,Scott Alexander,29,81,25,654,Dave Chappelle,931,6.98268,Comedy|Crime,Sarah Silverman,6965,3848,Sherman Hemsley,0,chauffeur|disorganized crime|dog|ransom|slapstick,http://www.imdb.com/title/tt0156323/?ref_=fn_tt_tt_1,69,English,USA,PG-13,10,744,5.7,1.85,262
1992,b'Fortress',Color,Stuart Gordon,58,95,216,968,Kurtwood Smith,1000,6.739141,Action|Crime|Sci-Fi|Thriller,Christopher Lambert,23383,4755,Clifton Collins Jr.,0,escape|future|population control|prison|prisoner,http://www.imdb.com/title/tt0106950/?ref_=fn_tt_tt_1,68,English,Australia,R,8,1000,5.9,1.85,1000
2006,b'For Your Consideration',Color,Christopher Guest,144,86,378,783,Catherine O'Hara,957,5.542025,Comedy,John Michael Higgins,12197,3535,Ed Begley Jr.,0,actor|internet|make up|publicist|purim,http://www.imdb.com/title/tt0470765/?ref_=fn_tt_tt_1,150,English,USA,PG-13,12,925,6.3,1.85,650
1998,b'Celebrity', Black and White,Woody Allen,114,113,11000,99,Aleksa Palladino,537,5.032496,Comedy|Drama,Melanie Griffith,20576,943,Greg Mottola,0,celebrity|journalist|lesbian kiss|strong female character|tv producer,http://www.imdb.com/title/tt0120533/?ref_=fn_tt_tt_1,161,English,USA,R,12,255,6.3,1.66,652
1996,b'Girl 6',Color,Spike Lee,30,108,0,599,Debi Mazar,873,4.903,Comedy|Drama,Michael Imperioli,4961,4497,Gretchen Mol,3,actress|neighbor|phone sex|queens new york city|sex addiction,http://www.imdb.com/title/tt0116414/?ref_=fn_tt_tt_1,33,English,USA,R,12,680,5,1.85,251
2003,b'In the Cut',Color,Jane Campion,138,113,319,48,Nick Damici,1000,4.717455,Mystery|Thriller,Jennifer Jason Leigh,18632,1171,Susan Gardner,0,blow job|female rear nudity|female removes her clothes|oral sex|three of spades tattoo,http://www.imdb.com/title/tt0199626/?ref_=fn_tt_tt_1,354,English,Australia,R,12,65,5.3,1.85,656
2001,b'Last Orders',Color,Fred Schepisi,61,109,40,794,Ray Winstone,5000,2.326407,Drama,Bob Hoskins,5016,7166,JJ Feild,5,ashes|butcher|friend|friendship|memory,http://www.imdb.com/title/tt0253200/?ref_=fn_tt_tt_1,99,English,UK,R,12,1000,7,2.35,305
1981,b'The Pursuit of D.B. Cooper',Color,Roger Spottiswoode,2,100,55,212,Treat Williams,3000,0,Adventure|Crime|Thriller,Robert Duvall,763,4277,Paul Gleason,0,escape|jumping from an airplane|money|parachute|ransom,http://www.imdb.com/title/tt0082958/?ref_=fn_tt_tt_1,10,English,USA,PG,12,642,5.7,1.85,135
2013,b'The Great Beauty',Color,Paolo Sorrentino,280,172,667,70,Sabrina Ferilli,211,2.835886,Drama,Toni Servillo,55516,456,Serena Grandi,2,genitalia|male frontal nudity|male nudity|old age|party,http://www.imdb.com/title/tt2358891/?ref_=fn_tt_tt_1,124,Italian,Italy,Not Rated,9.2,98,7.7,2.35,29000
2002,b'The Dangerous Lives of Altar Boys',Color,Peter Care,78,104,0,77,Michael Harding,1000,1.779284,Comedy|Drama,Kieran Culkin,12047,1292,Jake Richardson,4,book|boy|catholic|comic book|friend,http://www.imdb.com/title/tt0238924/?ref_=fn_tt_tt_1,122,English,USA,R,12,165,7.1,1.85,677
2013,b'Stoker',Color,Chan-wook Park,469,99,0,520,Alden Ehrenreich,3000,1.702277,Drama|Thriller,Mia Wasikowska,84620,5074,Harmony Korine,4,death|hitchcockian|psychopath|sociopath|vomiting,http://www.imdb.com/title/tt1682180/?ref_=fn_tt_tt_1,235,English,UK,R,12,1000,6.8,2.35,27000
2007,b'Married Life',Color,Ira Sachs,121,91,60,18,Erin Boyes,60,1.506998,Crime|Drama|Romance,David Richmond-Peck,8014,141,Timothy Webber,4,bachelor|best friend|divorce|poison|widow,http://www.imdb.com/title/tt0804505/?ref_=fn_tt_tt_1,50,English,USA,PG-13,12,46,6.3,1.85,314
2002,b'Welcome to Collinwood',Color,Anthony Russo,72,86,94,146,Isaiah Washington,693,0.333976,Comedy|Crime,Michael Jeter,12559,1373,Andy Davoli,0,boxing knockout|heist|implied sex|keys|prison,http://www.imdb.com/title/tt0271259/?ref_=fn_tt_tt_1,90,English,USA,R,12,534,6.4,2.35,423
1997,b'Critical Care',Color,Sidney Lumet,25,107,0,745,Anne Bancroft,941,0.141853,Comedy|Drama,Kyra Sedgwick,1427,3099,Albert Brooks,2,half sister|hospital|latex gloves|medicine|nun,http://www.imdb.com/title/tt0118901/?ref_=fn_tt_tt_1,12,English,Australia,R,12,754,6,1.85,88
2007,b'The Life Before Her Eyes',Color,Vadim Perelman,78,90,26,350,Lynn Cohen,797,0.303439,Drama|Mystery|Thriller,Eva Amurri Martino,12125,2073,Brett Cullen,2,best friend|nonlinear timeline|school shooting|self sacrifice|shooting,http://www.imdb.com/title/tt0815178/?ref_=fn_tt_tt_1,78,English,USA,R,8,474,6.4,2.35,1000
1999,b'Breakfast of Champions',Color,Alan Rudolph,42,110,18,865,Albert Finney,13000,0.17537,Comedy,Bruce Willis,6884,17417,Omar Epps,1,breakfast|manitoba|science fiction writer|suicide|writer,http://www.imdb.com/title/tt0120618/?ref_=fn_tt_tt_1,133,English,USA,R,12,883,4.6,1.85,458
2009,"b'A Woman, a Gun and a Noodle Shop'",Color,Yimou Zhang,101,95,611,3,Ni Yan,9,0.190666,Comedy|Drama,Honglei Sun,2410,18,Dahong Ni,1,betrayal|husband wife relationship|murder|noodles|salary,http://www.imdb.com/title/tt1428556/?ref_=fn_tt_tt_1,20,Mandarin,China,R,0,4,5.7,2.35,784
2015,b'Home',Color,Tim Johnson,165,94,12,183,Matt Jones,17000,177.343675,Adventure|Animation|Comedy|Family|Fantasy|Sci-Fi,Jim Parsons,70133,17883,April Winchell,0,alien friendship|alien invasion|australia|flying car|mother daughter relationship,http://www.imdb.com/title/tt2224026/?ref_=fn_tt_tt_1,214,English,USA,PG,135,523,6.7,1.85,26000
2011,b'Legend of Kung Fu Rabbit',Color,Lijun Sun,5,89,0,188,Tom Arnold,970,0,Action|Adventure|Animation|Comedy|Family,Jon Heder,408,1854,Rebecca Black,0,anthropomorphic animal|china|furry|rabbit,http://www.imdb.com/title/tt1876517/?ref_=fn_tt_tt_1,12,Mandarin,China,PG,0,618,3.2,0,211
2009,b'Triangle',Color,Christopher Smith,156,99,76,42,Michael Dorman,181,0,Fantasy|Mystery|Thriller,Rachael Carpani,64423,433,Emma Lung,1,deja vu|lost at sea|ship|time loop|trapped in a time loop,http://www.imdb.com/title/tt1187064/?ref_=fn_tt_tt_1,293,English,UK,R,12,168,6.9,2.35,13000
2015,b'10 Days in a Madhouse',Color,Timothy Hines,1,111,0,247,Kelly LeBrock,1000,0.014616,Drama,Christopher Lambert,314,2059,Alexandra Callas,1,0,http://www.imdb.com/title/tt3453052/?ref_=fn_tt_tt_1,10,English,USA,R,12,445,7.5,1.85,26000
2014,b'Heaven Is for Real',Color,Randall Wallace,82,99,130,79,Connor Corum,399,91.443253,Biography|Drama,Jacob Vargas,21034,663,Rob Moran,0,based on true story|christ|christian|near death experience|pastor,http://www.imdb.com/title/tt1929263/?ref_=fn_tt_tt_1,153,English,USA,PG,12,116,5.8,2.35,23000
2000,b'Snatch',Color,Guy Ritchie,151,104,0,1000,Brad Pitt,26000,30.093107,Comedy|Crime,Jason Statham,600996,39175,Jason Flemyng,6,boxer|boxing|diamond|fight|gypsy,http://www.imdb.com/title/tt0208092/?ref_=fn_tt_tt_1,726,English,UK,R,6,11000,8.3,1.85,27000
2015,"b""Dancin' It's On""",Color,David Winters,3,89,49,84,Matt Marr,551,0,Family|Musical,Gary Daniels,105,895,Ginger Jensen,6,0,http://www.imdb.com/title/tt2598580/?ref_=fn_tt_tt_1,7,English,USA,PG,12,85,2.8,0,634
1993,b'Madadayo',Color,Akira Kurosawa,25,134,0,4,Tetsu Watanabe,15,0.048856,Drama,Tatsuo Matsumura,3466,30,Akira Terao,0,air raid|beer|birthday|japan|professor,http://www.imdb.com/title/tt0107474/?ref_=fn_tt_tt_1,40,Japanese,Japan,0,11.9,6,7.5,1.85,355
2009,b'The Cry of the Owl',Color,Jamie Thraves,35,100,2,388,Caroline Dhavernas,680,0,Drama|Thriller,Paddy Considine,3737,1780,Charlotte Sullivan,2,isolated house|promotion|river|small town|stalking,http://www.imdb.com/title/tt1034302/?ref_=fn_tt_tt_1,27,English,UK,R,11.5,544,6,2.35,443
2015,b'A Tale of Three Cities',Color,Mabel Cheung,6,130,3,2,Ching Wan Lau,215,0,Drama,Wei Tang,117,244,Hailu Qin,1,0,http://www.imdb.com/title/tt3682770/?ref_=fn_tt_tt_1,6,Chinese,China,0,12,27,6.2,2.35,4
1984,b'Gremlins',Color,Joe Dante,183,106,287,233,Harry Carey Jr.,767,148.17,Comedy|Fantasy|Horror,Phoebe Cates,142293,2053,Zach Galligan,0,bright light|midnight|pet|small town|water,http://www.imdb.com/title/tt0087363/?ref_=fn_tt_tt_1,245,English,USA,PG,11,281,7.2,2.2,14000
1977,b'Star Wars: Episode IV - A New Hope',Color,George Lucas,282,125,0,504,Peter Cushing,11000,460.935665,Action|Adventure|Fantasy|Sci-Fi,Harrison Ford,911097,13485,Kenny Baker,1,death star|empire|galactic war|princess|rebellion,http://www.imdb.com/title/tt0076759/?ref_=fn_tt_tt_1,1470,English,USA,PG,11,1000,8.7,2.35,33000
2016,b'Dirty Grandpa',Color,Dan Mazer,158,109,11,411,Zoey Deutch,22000,35.537564,Comedy,Robert De Niro,49671,24063,Jason Mantzoukas,1,female removes her clothes|fondling|voyeur|voyeurism|white panties,http://www.imdb.com/title/tt1860213/?ref_=fn_tt_tt_1,166,English,USA,R,11.5,851,6,2.35,11000
2010,b'The Fighter',Color,David O. Russell,410,116,737,141,Jack McGee,23000,93.571803,Biography|Drama|Sport,Christian Bale,275869,23811,Melissa McMeekin,2,boxer|boxing|boxing match|crack cocaine|lowell massachusetts,http://www.imdb.com/title/tt0964517/?ref_=fn_tt_tt_1,389,English,USA,R,25,238,7.9,2.35,36000
2006,b'Jackass Number Two',Color,Jeff Tremaine,104,92,79,218,Steve-O,608,72.755517,Action|Comedy|Documentary,Bam Margera,56595,1853,Chris Pontius,0,blindfold|male frontal nudity|male rear nudity|pubic hair|vomiting,http://www.imdb.com/title/tt0493430/?ref_=fn_tt_tt_1,196,English,USA,R,0,362,7.1,1.85,641
1992,b'My Cousin Vinny',Color,Jonathan Lynn,54,120,36,633,Bruce McGill,886,52.929168,Comedy|Crime,Fred Gwynne,82743,3280,Lane Smith,1,alabama|jail|judicial system|lawyer|trial,http://www.imdb.com/title/tt0104952/?ref_=fn_tt_tt_1,201,English,USA,R,11,655,7.5,1.85,7000
2014,b'If I Stay',Color,R.J. Cutler,141,107,15,602,Mireille Enos,17000,50.461335,Drama|Fantasy|Music|Romance,Chloë Grace Moretz,83893,20466,Stacy Keach,3,car accident|coma|out of body experience|reference to the exploited|teenage girl,http://www.imdb.com/title/tt1355630/?ref_=fn_tt_tt_1,132,English,USA,PG-13,11,1000,6.8,2.35,15000
2014,b'Drive Hard',Color,Brian Trenchard-Smith,30,92,53,32,Damien Garvey,84,0,Action|Comedy|Crime,Zoe Ventoura,3104,179,Christopher Sommers,2,0,http://www.imdb.com/title/tt2968804/?ref_=fn_tt_tt_1,33,English,Canada,Not Rated,12,37,4.3,0,774
2002,b'A Walk to Remember',Color,Adam Shankman,80,101,163,488,Peter Coyote,683,41.227069,Drama|Romance,Lauren German,162701,2436,Paz de la Huerta,1,community service|love|punishment|school|student,http://www.imdb.com/title/tt0281358/?ref_=fn_tt_tt_1,962,English,USA,PG,11,548,7.4,2.35,19000
2001,b'Corky Romano',Color,Rob Pritts,62,86,5,532,Vinessa Shaw,584,23.978402,Comedy|Crime,Vincent Pastore,10966,3850,Peter Berg,1,fbi|mafia|mobster|undercover|veterinarian,http://www.imdb.com/title/tt0250310/?ref_=fn_tt_tt_1,100,English,USA,PG-13,11,580,4.6,1.85,365
1992,b'Raising Cain',Color,Brian De Palma,33,91,0,298,Gabrielle Carteris,636,21.370057,Crime|Drama|Thriller,Steven Bauer,9903,1852,Gregg Henry,0,hitchcockian|long tracking shot|psychologist|psychology|wig,http://www.imdb.com/title/tt0105217/?ref_=fn_tt_tt_1,80,English,USA,R,12,330,6,1.85,541
1978,b'F.I.S.T.',Color,Norman Jewison,20,145,278,279,Peter Boyle,13000,0,Drama,Sylvester Stallone,5561,14735,Rod Steiger,2,1930s|driving through a gate|funeral|senator|trade union,http://www.imdb.com/title/tt0077531/?ref_=fn_tt_tt_1,35,English,USA,PG,11,595,6.4,1.85,745
1986,b'Invaders from Mars',Color,Tobe Hooper,52,100,365,225,Bud Cort,425,4.884663,Horror|Sci-Fi,Louise Fletcher,5187,1661,William Bassett,0,alien|boy|nurse|school|school nurse,http://www.imdb.com/title/tt0091276/?ref_=fn_tt_tt_1,64,English,USA,PG,12,394,5.5,2.35,902
2015,b'Brooklyn',Color,John Crowley,351,111,34,54,Fiona Glascott,838,38.317535,Drama|Romance,Julie Walters,73249,995,Eva Birthistle,1,1950s|immigrant|irish|irish accent|torn between two worlds,http://www.imdb.com/title/tt2381111/?ref_=fn_tt_tt_1,212,English,UK,PG-13,11,55,7.5,1.85,36000
2000,b'The Ladies Man',Color,Reginald Hudlin,58,84,71,553,John Witherspoon,8000,13.592872,Comedy,Will Ferrell,10777,10982,Tim Meadows,1,black pantyhose|female stockinged legs|pantyhose|radio|tattoo,http://www.imdb.com/title/tt0213790/?ref_=fn_tt_tt_1,79,English,USA,R,11,723,5.1,1.85,671
2012,b'Quartet',Color,Dustin Hoffman,175,98,0,123,Sheridan Smith,358,18.381787,Comedy|Drama,Luke Newberry,15684,1114,Pauline Collins,4,divorced couple|opera|reference to giuseppe verdi|retirement|senility,http://www.imdb.com/title/tt1441951/?ref_=fn_tt_tt_1,126,English,UK,PG-13,11,156,6.8,2.35,13000
2001,b'Tomcats',Color,Gregory Poirier,75,95,5,443,Jake Busey,1000,13.558739,Comedy,Shannon Elizabeth,15427,2729,David Ogden Stiers,0,box office flop|critically bashed|dominatrix|friend|money,http://www.imdb.com/title/tt0246989/?ref_=fn_tt_tt_1,121,English,USA,R,11,660,5.3,1.85,449
2001,b'Frailty',Color,Bill Paxton,161,100,0,303,Powers Boothe,11000,13.103828,Crime|Drama|Thriller,Matthew McConaughey,59982,12237,Matt O'Leary,0,demon|fbi|fbi agent|murder|religious fanatic,http://www.imdb.com/title/tt0264616/?ref_=fn_tt_tt_1,463,English,USA,R,11,472,7.3,1.85,5000
2015,b'Woman in Gold',Color,Simon Curtis,203,109,64,553,Frances Fisher,16000,33.305037,Biography|Drama|History,Ryan Reynolds,33856,17866,Elizabeth McGovern,2,art|jewish|justice|nazi|theft,http://www.imdb.com/title/tt2404425/?ref_=fn_tt_tt_1,147,English,UK,PG-13,11,638,7.3,2.35,34000
1992,b'Army of Darkness',Color,Sam Raimi,221,88,0,795,Bridget Fonda,901,11.501093,Comedy|Fantasy|Horror,Patricia Tallman,128850,3913,Embeth Davidtz,0,army of the dead|battle|necronomicon|reluctant hero|skeleton soldier,http://www.imdb.com/title/tt0106308/?ref_=fn_tt_tt_1,604,English,USA,R,13,888,7.6,1.85,10000
2002,b'Slackers',Color,Dewey Nicks,66,86,4,424,Gedde Watanabe,960,4.814244,Comedy|Romance,Jaime King,12437,2415,Jim Rash,4,blackmail|fall|love|nerd|scam,http://www.imdb.com/title/tt0240900/?ref_=fn_tt_tt_1,107,English,Canada,R,11,448,5.3,1.85,405
1993,"b""What's Eating Gilbert Grape""",Color,Lasse Hallström,80,118,529,472,Leonardo DiCaprio,40000,9.170214,Drama|Romance,Johnny Depp,171882,69746,Kevin Tighe,1,apostrophe in title|face slap|four word title|grocery store|police,http://www.imdb.com/title/tt0108550/?ref_=fn_tt_tt_1,292,English,USA,PG-13,11,29000,7.8,1.85,14000
2002,b'The Guru',Color,Daisy von Scherler Mayer,70,94,18,183,Dash Mihok,658,3.034181,Comedy|Music|Romance,Michael McKean,13622,1559,Jimi Mistry,3,bollywood|illegal immigrant|live television|restaurant|waiter,http://www.imdb.com/title/tt0280720/?ref_=fn_tt_tt_1,128,English,UK,R,11,463,5.4,1.85,550
1995,b'The Perez Family',Color,Mira Nair,15,113,300,787,Chazz Palminteri,1000,2.832826,Comedy|Drama|Romance,Anjelica Huston,1761,3072,Vincent Gallo,2,immigration|love|political prisoner|reference to john wayne|title directed by female,http://www.imdb.com/title/tt0114113/?ref_=fn_tt_tt_1,19,English,USA,R,11,979,6.2,1.85,174
2013,b'Inside Llewyn Davis',Color,Ethan Coen,535,104,1000,272,Max Casella,3000,13.214255,Drama|Music,Justin Timberlake,96233,4082,Alex Karpovsky,1,1960s|car hitting an animal|folk singer|friend|singer,http://www.imdb.com/title/tt2042568/?ref_=fn_tt_tt_1,313,English,USA,R,11,275,7.4,1.85,26000
1991,b'Return to the Blue Lagoon',Color,William A. Graham,14,102,8,40,Wayne Pygram,14000,2.807854,Adventure|Drama|Romance,Milla Jovovich,14129,14281,Lisa Pelikan,1,baby|desert island|island|sequel|teenage girl,http://www.imdb.com/title/tt0102782/?ref_=fn_tt_tt_1,39,English,USA,PG-13,11,163,5.1,1.85,967
1970,b'The Molly Maguires',Color,Martin Ritt,13,124,58,104,Anthony Zerbe,338,0,Drama|History,Frank Finlay,2603,800,Samantha Eggar,0,coal|detective|irish|irish immigrant|pennsylvania,http://www.imdb.com/title/tt0066090/?ref_=fn_tt_tt_1,36,English,USA,PG,11,275,6.9,2.35,608
1982,b'Poltergeist',Color,Tobe Hooper,223,120,365,723,Zelda Rubinstein,887,76.6,Fantasy|Horror,Heather O'Rourke,105448,3876,Craig T. Nelson,0,ghost|haunted|haunting|house|paranormal investigator,http://www.imdb.com/title/tt0084516/?ref_=fn_tt_tt_1,321,English,USA,PG,10.7,770,7.4,2.35,11000
2012,b'LOL',Color,Lisa Azuelos,54,97,15,19,Lina Esco,142,0,Comedy|Drama|Romance,Nora Dunn,45144,248,Alix Freihage,1,best friend|girl in panties|high school|high school romance|pink panties,http://www.imdb.com/title/tt1592873/?ref_=fn_tt_tt_1,111,English,USA,PG-13,11,79,4.3,2.35,18000
2006,b'Jindabyne',Color,Ray Lawrence,75,118,10,48,Deborra-Lee Furness,172,0.399879,Crime|Drama|Mystery|Thriller,John Howard,5772,378,Max Cullen,2,camp|fishing|fishing trip|river|town,http://www.imdb.com/title/tt0382765/?ref_=fn_tt_tt_1,115,English,Australia,R,15,71,6.4,2.35,302
1999,b'An Ideal Husband',Color,Oliver Parker,105,97,32,327,Rupert Everett,893,18.535191,Comedy|Romance,Minnie Driver,12980,2640,Jeremy Northam,3,bachelor|blackmail|character says i love you|flirting|social satire,http://www.imdb.com/title/tt0122541/?ref_=fn_tt_tt_1,132,English,UK,PG-13,14,692,6.9,1.85,646
2002,b'Darkness',Color,Jaume Balagueró,108,103,57,132,Giancarlo Giannini,541,22.160085,Horror,Lena Olin,16747,1228,Francesc Pagès,0,9 year old|blood|gramophone|house|missing children,http://www.imdb.com/title/tt0273517/?ref_=fn_tt_tt_1,349,English,USA,PG-13,10.6,451,5.4,2.35,1000
1982,b'E.T. the Extra-Terrestrial',Color,Steven Spielberg,215,120,14000,548,Dee Wallace,861,434.949459,Family|Sci-Fi,Henry Thomas,281842,2811,Peter Coyote,0,bicyclist|boy|doll|star wars reference|voice impersonation,http://www.imdb.com/title/tt0083866/?ref_=fn_tt_tt_1,515,English,USA,PG,10.5,725,7.9,1.85,34000
2007,b'In the Land of Women',Color,Jon Kasdan,81,97,21,499,Elena Anaya,17000,11.043445,Comedy|Drama|Romance,Kristen Stewart,27689,20312,Dustin Milligan,0,actress|love|michigan|neighbor|writer,http://www.imdb.com/title/tt0419843/?ref_=fn_tt_tt_1,74,English,USA,PG-13,10,1000,6.5,2.35,1000
2004,b'The Blue Butterfly',Color,Léa Pool,17,97,4,194,Marc Donato,882,0,Adventure|Drama,William Hurt,1337,1554,Raoul Max Trujillo,1,butterfly|entomologist|morpho butterfly|rain|rain forest,http://www.imdb.com/title/tt0313300/?ref_=fn_tt_tt_1,28,English,Canada,PG,12.5,450,6.3,1.85,392
1994,b'There Goes My Baby',Color,Floyd Mutrux,5,99,11,327,Kelli Williams,665,0.125169,Comedy|Drama,Ricky Schroder,859,2272,Seymour Cassel,2,high school|love|police|showdown|surfer,http://www.imdb.com/title/tt0108320/?ref_=fn_tt_tt_1,31,English,USA,R,10.5,446,6.4,0,119
2010,b'Housefull',Color,Sajid Khan,10,144,0,119,Boman Irani,564,1.165104,Comedy,Arjun Rampal,8598,1121,Riteish Deshmukh,5,bad luck|casino|lie|mix up|stutter,http://www.imdb.com/title/tt1573072/?ref_=fn_tt_tt_1,43,Hindi,India,0,0,154,5.3,0,250
1997,b'Good Will Hunting',Color,Gus Van Sant,161,126,835,893,Matt Damon,49000,138.339411,Drama,Robin Williams,604904,63710,Minnie Driver,2,friend|genius|janitor|loss of wife|professor,http://www.imdb.com/title/tt0119217/?ref_=fn_tt_tt_1,682,English,USA,R,10,13000,8.3,1.85,31000
2009,b'Precious',Color,Lee Daniels,323,109,304,736,Gabourey Sidibe,939,47.536959,Drama,Mo'Nique,86956,3276,Mariah Carey,0,abuse|african american lesbian|lesbian|lesbian couple|school,http://www.imdb.com/title/tt0929632/?ref_=fn_tt_tt_1,275,English,USA,R,10,906,7.3,1.85,12000
2006,"b""Madea's Family Reunion""",Color,Tyler Perry,46,107,0,685,Cicely Tyson,1000,63.231524,Comedy|Drama|Romance,Boris Kodjoe,8962,5264,Blair Underwood,4,cross dressing|family reunion|madea series|reflective|sister sister relationship,http://www.imdb.com/title/tt0455612/?ref_=fn_tt_tt_1,137,English,USA,PG-13,6,907,5,1.85,676
2004,b'The Grudge',Color,Takashi Shimizu,203,98,70,634,Clea DuVall,4000,110.175871,Horror|Mystery|Thriller,Sarah Michelle Gellar,115050,7461,Ted Raimi,0,american|curse|japan|nurse|rage,http://www.imdb.com/title/tt0391198/?ref_=fn_tt_tt_1,911,English,USA,PG-13,10,1000,5.9,1.85,4000
2011,b'The Best Exotic Marigold Hotel',Color,John Madden,264,124,108,186,Penelope Wilton,1000,46.377022,Comedy|Drama,Tom Wilkinson,75306,1898,Celia Imrie,3,hotel|india|marigold|retiree|retirement,http://www.imdb.com/title/tt1412386/?ref_=fn_tt_tt_1,266,English,UK,PG-13,10,400,7.3,2.35,48000
2001,"b""Recess: School's Out""",Color,Chuck Sheetz,44,82,6,345,Andrew Lawrence,759,36.696761,Animation|Comedy|Family|Mystery|Sci-Fi,Diedrich Bader,6808,2197,Dabney Coleman,0,friend|principal|summer|summer camp|summer vacation,http://www.imdb.com/title/tt0265632/?ref_=fn_tt_tt_1,38,English,USA,G,23,563,6.5,1.85,227
2016,b'The Boy',Color,William Brent Bell,159,97,19,130,Rupert Evans,4000,35.794166,Horror|Mystery|Thriller,Lauren Cohan,35654,4687,Stephanie Lemelin,0,animate doll|doll|england|nanny|surprise ending,http://www.imdb.com/title/tt3882082/?ref_=fn_tt_tt_1,155,English,USA,PG-13,10,334,6,2.35,20000
2010,b'Devil',Color,John Erick Dowdle,273,80,66,816,Bokeem Woodbine,2000,33.583175,Horror|Mystery|Thriller,Bojana Novakovic,104089,5628,Geoffrey Arend,0,devil|elevator|hit and run|throat slitting|trapped in an elevator,http://www.imdb.com/title/tt1314655/?ref_=fn_tt_tt_1,319,English,USA,PG-13,10,904,6.3,2.35,16000
2002,b'Friday After Next',Color,Marcus Raboy,26,85,7,615,Mike Epps,723,32.983713,Comedy|Drama,John Witherspoon,19284,3712,Katt Williams,0,apartment|christmas|christmas present|rent|security guard,http://www.imdb.com/title/tt0293815/?ref_=fn_tt_tt_1,66,English,USA,R,20,706,5.8,1.85,981
2015,b'Insidious: Chapter 3',Color,Leigh Whannell,242,97,482,482,Hayley Kiyoko,852,52.200504,Fantasy|Horror|Thriller,Lin Shaye,54190,2426,Leigh Whannell,0,demon|possession|psychic|supernatural|teenager,http://www.imdb.com/title/tt3195644/?ref_=fn_tt_tt_1,183,English,Canada,PG-13,10,542,6.1,2.35,29000
2000,b'Snatch',Color,Guy Ritchie,151,104,0,1000,Brad Pitt,26000,30.093107,Comedy|Crime,Jason Statham,600996,39175,Jason Flemyng,6,boxer|boxing|diamond|fight|gypsy,http://www.imdb.com/title/tt0208092/?ref_=fn_tt_tt_1,726,English,UK,R,6,11000,8.3,1.85,27000
1999,b'Dogma',Color,Kevin Smith,206,130,0,769,Janeane Garofalo,13000,30.651422,Adventure|Comedy|Drama|Fantasy,Matt Damon,181737,16693,George Carlin,8,abortion|abortion clinic|angel|church|clinic,http://www.imdb.com/title/tt0120655/?ref_=fn_tt_tt_1,1015,English,USA,R,10,1000,7.4,2.35,10000
2002,b'The Banger Sisters',Color,Bob Dolman,92,98,7,73,Eva Amurri Martino,931,30.306281,Comedy|Drama,Erika Christensen,12388,1917,Sal Lopez,2,bartender|groupie|lawyer|road trip|writer,http://www.imdb.com/title/tt0280460/?ref_=fn_tt_tt_1,147,English,USA,R,10,797,5.6,2.35,744
1994,b'A Low Down Dirty Shame',Color,Keenen Ivory Wayans,8,100,322,534,Salli Richardson-Whitfield,851,29.392418,Action|Comedy|Crime,Jada Pinkett Smith,3924,3190,Charles S. Dutton,2,drugs|ex cop|gun fu|machismo|shootout,http://www.imdb.com/title/tt0110399/?ref_=fn_tt_tt_1,26,English,USA,R,10,543,5.8,1.85,368
2002,b'Swimfan',Color,John Polson,86,85,21,782,Shiri Appleby,931,28.563926,Drama|Thriller,Erika Christensen,16300,3819,Jason Ritter,0,high school|hospital|new jersey|stanford university|swimming,http://www.imdb.com/title/tt0283026/?ref_=fn_tt_tt_1,217,English,USA,PG-13,8.5,855,5,2.35,720
1983,b'The Outsiders',Color,Francis Ford Coppola,60,114,0,699,William Smith,10000,25.6,Crime|Drama,Tom Cruise,57363,12097,Tom Waits,0,dysfunctional family|gang|greaser|holding someone's head underwater|rivalry,http://www.imdb.com/title/tt0086066/?ref_=fn_tt_tt_1,308,English,USA,PG-13,10,919,7.2,2.35,10000
2016,"b""Pete's Dragon""",Color,David Lowery,78,102,38,190,Oona Laurence,3000,0,Adventure|Family|Fantasy,Bryce Dallas Howard,408,3691,Isiah Whitlock Jr.,0,0,http://www.imdb.com/title/tt2788732/?ref_=fn_tt_tt_1,6,English,USA,PG,65,424,7.3,2.35,21000
2015,b'Sinister 2',Color,Ciarán Foy,189,97,11,220,James Ransone,1000,27.736779,Horror|Mystery|Thriller,Laila Haley,25210,2403,Jaden Klein,0,deputy|farmhouse|nightmare|private investigator|rural,http://www.imdb.com/title/tt2752772/?ref_=fn_tt_tt_1,126,English,USA,R,10,412,5.2,2.35,13000
2009,b'The Fourth Kind',Color,Olatunde Osunsanmi,183,98,58,242,Will Patton,14000,25.46448,Mystery|Sci-Fi|Thriller,Milla Jovovich,63108,15251,Hakeem Kae-Kazim,0,abduction|alaska|alien|owl|patient,http://www.imdb.com/title/tt1220198/?ref_=fn_tt_tt_1,330,English,USA,PG-13,10,537,5.9,2.35,15000
2006,b'A Prairie Home Companion',Color,Robert Altman,211,105,500,718,Virginia Madsen,11000,20.338609,Comedy|Drama|Music,Meryl Streep,19655,12946,Lily Tomlin,8,backstage|country music|cowboy|radio|singing,http://www.imdb.com/title/tt0420087/?ref_=fn_tt_tt_1,280,English,USA,PG-13,10,912,6.8,2.35,683
1993,b'Sugar Hill', Black and White,Leon Ichaso,14,123,5,338,Clarence Williams III,556,18.272447,Drama|Thriller,Khandi Alexander,3119,2149,Steve Harris,1,african american|harlem manhattan new york city|manhattan new york city|new york city|urination,http://www.imdb.com/title/tt0107079/?ref_=fn_tt_tt_1,35,English,USA,R,10,475,5.9,1.85,331
2005,b'Roll Bounce',Color,Malcolm D. Lee,55,112,92,826,Brandon T. Jackson,2000,17.378977,Comedy|Drama|Music|Romance,Jurnee Smollett-Bell,5585,7552,Shad Moss,0,1970s|boy|competition|roller skates|tubesocks,http://www.imdb.com/title/tt0403455/?ref_=fn_tt_tt_1,75,English,USA,PG-13,0,918,6,2.35,997
1998,b'Rushmore',Color,Wes Anderson,179,93,0,766,Connie Nielsen,13000,17.096053,Comedy|Drama,Bill Murray,134458,15716,Olivia Williams,2,coming of age|friendship|private school|student|teacher,http://www.imdb.com/title/tt0128445/?ref_=fn_tt_tt_1,640,English,USA,R,9,933,7.7,2.35,5000
2010,b'Skyline',Color,Colin Strause,221,97,25,861,Donald Faison,929,21.371425,Action|Sci-Fi|Thriller,David Zayas,76199,3679,Brittany Daniel,0,apartment|blue light|drawing|group of friends|light,http://www.imdb.com/title/tt1564585/?ref_=fn_tt_tt_1,944,English,USA,PG-13,10,927,4.4,2.35,13000
2015,b'The Second Best Exotic Marigold Hotel',Color,John Madden,158,122,108,111,Celia Imrie,220,33.071558,Comedy|Drama,Tina Desai,22369,583,Ronald Pickup,6,sequel,http://www.imdb.com/title/tt2555736/?ref_=fn_tt_tt_1,100,English,UK,PG,10,186,6.6,2.35,21000
2008,b'Kit Kittredge: An American Girl',Color,Patricia Rozema,73,101,22,558,Jane Krakowski,918,17.655201,Drama|Family,Julia Ormond,4719,3317,Willow Smith,1,boarding house|girl|great depression|house|ohio,http://www.imdb.com/title/tt0846308/?ref_=fn_tt_tt_1,24,English,USA,G,10,624,6.7,1.85,851
2005,b'The Perfect Man',Color,Mark Rosman,65,100,15,804,Chris Noth,1000,16.247775,Comedy|Family|Romance,Ben Feldman,23527,4789,Vanessa Lengies,3,e mail|moving|perfect man|secret admirer|suitor,http://www.imdb.com/title/tt0380623/?ref_=fn_tt_tt_1,104,English,USA,PG,25,962,5.5,1.85,767
1990,"b""Mo' Better Blues""",Color,Spike Lee,23,129,0,203,Nicholas Turturro,18000,16.1536,Drama|Music|Romance,Denzel Washington,8295,19065,Charlie Murphy,1,comeback|friend|jazz|stage|trumpet,http://www.imdb.com/title/tt0100168/?ref_=fn_tt_tt_1,30,English,USA,R,10,269,6.5,1.85,720
1990,b'Tremors',Color,Ron Underwood,132,96,31,536,Ariana Richards,651,16.667084,Comedy|Horror|Sci-Fi,Reba McEntire,90070,3119,Michael Gross,0,desert|giant worm|monster|pipe bomb|small town,http://www.imdb.com/title/tt0100814/?ref_=fn_tt_tt_1,248,English,USA,PG-13,11,610,7.1,1.85,11000
1980,b'The Long Riders',Color,Walter Hill,52,100,394,695,David Carradine,2000,0,Western,Dennis Quaid,7322,6296,Randy Quaid,0,bank|breasts|famous score|last man standing|revenge,http://www.imdb.com/title/tt0081071/?ref_=fn_tt_tt_1,78,English,USA,R,10,926,7.1,1.85,680
1999,b'The Corruptor',Color,James Foley,91,110,164,45,Paul Ben-Victor,258,15.1562,Action|Crime|Drama|Mystery|Thriller,Byron Mann,15358,571,Kim Chan,2,chinatown|illegal immigrant|new york|police|triad,http://www.imdb.com/title/tt0142192/?ref_=fn_tt_tt_1,131,English,USA,R,30,218,6,2.35,328
2012,b'Mud',Color,Jeff Nichols,368,130,337,820,Tye Sheridan,11000,21.589307,Drama,Matthew McConaughey,135286,13960,Sam Shepard,1,14 year old|boat|bounty hunter|boy|river,http://www.imdb.com/title/tt1935179/?ref_=fn_tt_tt_1,261,English,USA,PG-13,10,1000,7.4,2.35,27000
2007,b'Reno 911!: Miami',Color,Robert Ben Garant,89,84,134,307,Thomas Lennon,655,20.339754,Comedy|Crime,Wendi McLendon-Covey,23928,2737,Carlos Alazraqui,2,beach|police|sex scene|spring break|vomiting,http://www.imdb.com/title/tt0499554/?ref_=fn_tt_tt_1,73,English,USA,R,10,651,5.9,1.85,441
2002,b'Hey Arnold! The Movie',Color,Tuck Tucker,33,76,14,636,Vincent Schiavelli,1000,13.684949,Adventure|Animation|Comedy|Family,Jennifer Jason Leigh,4564,3752,Paul Sorvino,0,castle thunder|document|neighborhood|punctuation in title|villain arrested,http://www.imdb.com/title/tt0314166/?ref_=fn_tt_tt_1,43,English,USA,PG,3,811,5.9,1.85,227
2011,b'My Week with Marilyn',Color,Simon Curtis,386,99,64,918,Toby Jones,13000,14.597405,Biography|Drama,Eddie Redmayne,71679,17204,Julia Ormond,1,actress|assistant director|blonde bombshell|movie star|wardrobe,http://www.imdb.com/title/tt1655420/?ref_=fn_tt_tt_1,216,English,UK,R,6.4,2000,7,2.35,17000
2005,b'The Matador',Color,Richard Shepard,191,96,47,442,Philip Baker Hall,3000,12.570442,Comedy|Crime|Drama|Thriller,Adam Scott,40514,4053,Hope Davis,0,bar|hitman|luck|mexico|mexico city,http://www.imdb.com/title/tt0365485/?ref_=fn_tt_tt_1,234,English,USA,R,10,497,6.8,2.35,808
1997,b'Love Jones',Color,Theodore Witcher,16,104,28,582,Nia Long,962,12.514138,Drama|Romance,Leonard Roberts,2801,3871,Larenz Tate,0,african american|cult film|ex boyfriend|middle class|sex,http://www.imdb.com/title/tt0119572/?ref_=fn_tt_tt_1,28,English,USA,R,10,826,7.4,1.85,1000
2015,b'The Gift',Color,Joel Edgerton,297,108,0,458,Allison Tolman,1000,43.771291,Mystery|Thriller,Busy Philipps,79909,3215,Wendell Pierce,1,compulsive liar|fired from a job|gift|rape|substance abuse,http://www.imdb.com/title/tt4178092/?ref_=fn_tt_tt_1,279,English,USA,R,5,562,7.1,2.35,15000
2005,b'End of the Spear',Color,Jim Hanon,47,108,2,30,Chad Allen,772,11.703287,Adventure|Drama,Chase Ellison,4360,1058,Jack Guzman,3,death|missionary|spear|speared to death|tribe,http://www.imdb.com/title/tt0399862/?ref_=fn_tt_tt_1,148,English,USA,PG-13,10,232,7,2.35,1000
1999,b'Office Space',Color,Mike Judge,144,89,406,759,Stephen Root,989,10.824921,Comedy,Gary Cole,200293,3462,Diedrich Bader,0,boss|computer|downsizing|neighbor|office,http://www.imdb.com/title/tt0151804/?ref_=fn_tt_tt_1,621,English,USA,R,10,939,7.8,1.85,16000
2014,b'Big Eyes',Color,Tim Burton,325,106,13000,309,Danny Huston,11000,14.479776,Biography|Crime|Drama|Romance,Christoph Waltz,55539,12418,Jon Polito,3,1950s|abusive husband|artist|painting|secret,http://www.imdb.com/title/tt1126590/?ref_=fn_tt_tt_1,147,English,USA,PG-13,10,430,7,1.85,20000
2013,b'Movie 43',Color,Elizabeth Banks,180,94,0,3000,Kate Winslet,20000,8.828771,Comedy,Hugh Jackman,79146,41059,Seth MacFarlane,10,awkwardness|embarrassment|gross out|irreverence|shame,http://www.imdb.com/title/tt1333125/?ref_=fn_tt_tt_1,352,English,USA,R,6,14000,4.3,1.85,25000
2010,b'The Tourist',Color,Florian Henckel von Donnersmarck,321,103,207,3000,Angelina Jolie Pitt,40000,67.631157,Action|Romance|Thriller,Johnny Depp,176606,55175,Rufus Sewell,0,police surveillance|surveillance van|tailing a suspect|tourist|venice italy,http://www.imdb.com/title/tt1243957/?ref_=fn_tt_tt_1,374,English,USA,PG-13,100,11000,6,2.35,25000
2008,b'Over Her Dead Body',Color,Jeff Lowell,100,95,4,655,William Morgan Sheppard,939,7.56367,Comedy|Fantasy|Romance,Stephen Root,21268,3651,Wendi McLendon-Covey,0,accident|diary|ghost|psychic|veterinarian,http://www.imdb.com/title/tt0785007/?ref_=fn_tt_tt_1,53,English,USA,PG-13,10,702,5.2,2.35,518
2012,b'Seeking a Friend for the End of the World', Black and White,Lorene Scafaria,265,101,63,172,Mark Moses,7000,6.619173,Adventure|Comedy|Drama|Romance|Sci-Fi,Steve Carell,87203,7747,Rob Huebel,2,candle|end of the world|letter|record|road trip,http://www.imdb.com/title/tt1307068/?ref_=fn_tt_tt_1,221,English,USA,R,10,353,6.7,2.35,25000
1998,b'American History X', Black and White,Tony Kaye,162,101,194,602,Beverly D'Angelo,1000,6.712241,Crime|Drama,Ethan Suplee,782437,3858,Stacy Keach,2,curb stomping|neo nazi|prison|son dislikes mother's boyfriend|white supremacist,http://www.imdb.com/title/tt0120586/?ref_=fn_tt_tt_1,1420,English,USA,R,7.5,816,8.6,1.85,35000
2012,b'The Collection',Color,Marcus Dunstan,147,82,87,444,Johanna Braddy,1000,6.842058,Action|Horror|Thriller,Daniel Sharman,36029,3818,Lee Tergesen,0,booby trap|brainwashing|mercenary|serial killer|trap,http://www.imdb.com/title/tt1748227/?ref_=fn_tt_tt_1,99,English,USA,R,10,581,6.1,2.35,14000
2004,"b""Teacher's Pet""",Color,Timothy Björklund,33,74,0,719,Kelsey Grammer,886,6.49135,Animation|Comedy|Family|Fantasy|Musical,Nathan Lane,1231,5139,Jerry Stiller,0,dog|florida|mad scientist|school|teacher,http://www.imdb.com/title/tt0350194/?ref_=fn_tt_tt_1,26,English,USA,PG,10,808,5.8,1.85,49
2002,b'Deuces Wild',Color,Scott Kalvert,38,96,9,934,James Franco,12000,6.044618,Action|Crime|Drama,Norman Reedus,6200,26961,Frankie Muniz,1,1950s|drug overdose|gang|gang war|new york city,http://www.imdb.com/title/tt0231448/?ref_=fn_tt_tt_1,92,English,USA,R,10,11000,5.6,2.35,398
1981,b'Heartbeeps',Color,Allan Arkush,19,78,13,378,Randy Quaid,753,0,Comedy|Sci-Fi,Bernadette Peters,1040,2791,Christopher Guest,0,escape|fish out of water|love|robot|servant,http://www.imdb.com/title/tt0082507/?ref_=fn_tt_tt_1,31,English,USA,PG,10,695,4.2,2.35,425
1993,b'Romeo Is Bleeding',Color,Peter Medak,30,100,34,541,Michael Wincott,10000,3.275585,Action|Crime|Drama|Thriller,Gary Oldman,10735,13160,Lena Olin,1,detective|police|protection|russian|sergeant,http://www.imdb.com/title/tt0107983/?ref_=fn_tt_tt_1,88,English,UK,R,11.5,721,6.6,1.85,561
1999,b'The Limey',Color,Steven Soderbergh,111,89,0,132,Lesley Ann Warren,402,3.193102,Crime|Drama|Mystery|Thriller,Peter Fonda,24412,1335,William Lucking,0,daughter|englishman|ex con|revenge|young woman,http://www.imdb.com/title/tt0165854/?ref_=fn_tt_tt_1,240,English,USA,R,9,296,7.1,1.85,944
2004,b'Crash',Color,Paul Haggis,287,115,549,911,Loretta Devine,3000,54.557348,Crime|Drama|Thriller,Don Cheadle,361169,5732,Jennifer Esposito,0,race relations|racism|racist|social problem|stereotype,http://www.imdb.com/title/tt0375679/?ref_=fn_tt_tt_1,1624,English,Germany,R,6.5,912,7.9,2.35,18000
2000,b'The House of Mirth',Color,Terence Davies,96,135,25,553,Anthony LaPaglia,902,3.041803,Drama|Romance,Eric Stoltz,6377,2735,Elizabeth McGovern,0,high society|love|money|reputation|wealth,http://www.imdb.com/title/tt0200720/?ref_=fn_tt_tt_1,181,English,UK,PG,10,576,7.1,2.35,345
1987,b'Malone',Color,Harley Cokeliss,27,92,4,311,Tracey Walter,754,3.060858,Action|Drama|Thriller,Cliff Robertson,1768,1891,Dennis Burkley,4,assassin|box office flop|cia|farmer|power,http://www.imdb.com/title/tt0093483/?ref_=fn_tt_tt_1,37,English,USA,R,10,324,5.6,1.85,208
2000,b'Bamboozled',Color,Spike Lee,57,135,0,851,Michael Rapaport,1000,2.185266,Comedy|Drama|Music,Gillian White,8720,4266,Jada Pinkett Smith,0,actor|minstrel show|protest|success|writer,http://www.imdb.com/title/tt0215545/?ref_=fn_tt_tt_1,186,English,USA,R,10,975,6.5,1.85,1000
2016,b'The Forest',Color,Jason Zada,185,93,4,4,Stephanie Vogt,533,26.583369,Horror|Mystery|Thriller,Eoin Macken,20837,578,Gen Seto,1,forest|japan|suicide|suicide forest|supernatural,http://www.imdb.com/title/tt3387542/?ref_=fn_tt_tt_1,127,English,USA,PG-13,10,35,4.8,1.85,10000
1981,b'Sphinx',Color,Franklin J. Schaffner,2,118,76,249,William Hootkins,902,0.8,Adventure|Mystery|Thriller,Frank Langella,892,2079,John Gielgud,0,bat|curse|egyptologist|mummy|murder,http://www.imdb.com/title/tt0083113/?ref_=fn_tt_tt_1,21,English,USA,PG,14,488,5.2,2.35,106
2000,b'Gun Shy',Color,Eric Blakeney,49,101,3,826,Oliver Platt,14000,1.631839,Comedy|Crime|Romance,Liam Neeson,5936,17665,Mitch Pileggi,0,colombian|enema|group therapy|murder|nurse,http://www.imdb.com/title/tt0171356/?ref_=fn_tt_tt_1,91,English,USA,R,10,1000,5.7,1.85,242
2012,b'The Iceman',Color,Ariel Vromen,221,106,34,683,James Franco,11000,1.939441,Biography|Crime|Drama,Chris Evans,55567,23187,Robert Davi,1,based on true story|contract killer|crime family|murder of a girl|serial murderer,http://www.imdb.com/title/tt1491044/?ref_=fn_tt_tt_1,144,English,USA,R,10,11000,6.9,1.85,20000
2006,b'Krrish',Color,Rakesh Roshan,20,168,53,45,Rekha,307,0,Action|Adventure|Romance|Sci-Fi,Naseeruddin Shah,12411,616,Sharat Saxena,0,breaking the fourth wall|breaking the fourth wall by talking to the audience|computer|mask|singapore,http://www.imdb.com/title/tt0432637/?ref_=fn_tt_tt_1,110,Hindi,India,Not Rated,10,200,6.3,2.35,533
2000,b'Cecil B. DeMented',Color,John Waters,90,87,0,503,Melanie Griffith,975,1.276984,Comedy|Crime|Thriller,Alicia Witt,11403,3059,Kevin Nealon,2,actress|drive in|female protagonist|movie star|woman shot in the forehead,http://www.imdb.com/title/tt0173716/?ref_=fn_tt_tt_1,150,English,France,R,10,537,6.2,1.85,795
2011,b'Killer Joe',Color,William Friedkin,376,98,607,251,Scott A. Martin,11000,1.987762,Crime|Drama|Romance|Thriller,Matthew McConaughey,59297,11853,Carol Sutton,0,female nudity|female pubic hair|lingerie|neo noir|pubic hair,http://www.imdb.com/title/tt1726669/?ref_=fn_tt_tt_1,216,English,USA,R,11,414,6.7,1.85,12000
2007,b'The Brothers Solomon',Color,Bob Odenkirk,51,93,0,622,Lee Majors,966,0.900926,Comedy,Jenna Fischer,9517,3307,Will Forte,2,antarctica|coma|neighbor|phd|pregnancy,http://www.imdb.com/title/tt0784972/?ref_=fn_tt_tt_1,46,English,USA,R,10,799,5.3,1.85,319
1998,b'Illuminata',Color,John Turturro,36,119,0,54,Ben Gazzara,816,0.836641,Drama,Beverly D'Angelo,1402,1585,George DiCenzo,0,critic|new york|new york city|playwright|theater critic,http://www.imdb.com/title/tt0120709/?ref_=fn_tt_tt_1,40,English,Spain,R,0,623,6.2,1.85,74
2002,b'Swept Away',Color,Guy Ritchie,71,89,0,119,Jeanne Tripplehorn,990,0.598645,Comedy|Romance,Bruce Greenwood,13145,2006,David Thornton,0,island|sailor|storm|stranded|vacation,http://www.imdb.com/title/tt0291502/?ref_=fn_tt_tt_1,215,English,UK,R,10,711,3.6,1.85,725
2008,"b'War, Inc.'",Color,Joshua Seftel,79,107,0,91,Sergej Trifunovic,603,0.578527,Action|Comedy|Thriller,Bashar Rahal,20008,988,Ned Bellamy,3,assassin|corporation|pop star|reporter|satire,http://www.imdb.com/title/tt0884224/?ref_=fn_tt_tt_1,112,English,USA,R,10,175,5.7,1.78,883
2003,b'The Brown Bunny',Color,Vincent Gallo,115,93,787,0,Cheryl Tiegs,787,0.365734,Drama,Vincent Gallo,11487,883,Anna Vareschi,0,boyfriend girlfriend relationship|erection|female frontal nudity|gang rape|prostitute,http://www.imdb.com/title/tt0330099/?ref_=fn_tt_tt_1,226,English,USA,Not Rated,10,96,5,1.66,952
1997,b'The Swindle',Color,Claude Chabrol,34,101,324,28,François Cluzet,678,0.231417,Comedy|Crime|Thriller,Isabelle Huppert,1649,1256,Michel Serrault,0,con|con artist|money|scam|sils maria,http://www.imdb.com/title/tt0120018/?ref_=fn_tt_tt_1,21,French,France,0,60,541,6.6,1.66,33
2014,b'Rosewater',Color,Jon Stewart,129,103,593,241,Claire Foy,374,3.093491,Biography|Drama,Numan Acar,8307,1283,Haluk Bilginer,0,based on true story|hijab|journalism|prison|reference to mahmoud ahmedinejad,http://www.imdb.com/title/tt2752688/?ref_=fn_tt_tt_1,37,English,USA,R,5,362,6.6,1.85,5000
1997,b'The Chambermaid on the Titanic',Color,Bigas Luna,22,101,163,34,Aitana Sánchez-Gijón,837,0.244465,Drama|Romance,Olivier Martinez,1135,1019,Romane Bohringer,1,foundry|foundry worker|french|friend|titanic,http://www.imdb.com/title/tt0129923/?ref_=fn_tt_tt_1,14,French,France,0,0,130,6.8,2.35,85
2011,b'Coriolanus',Color,Ralph Fiennes,196,123,0,131,Ashraf Barhom,18000,0.756452,Drama|Thriller|War,Gerard Butler,27009,18652,Lubna Azabal,0,modern day adaptation|reference to william shakespeare|shakespeare in modern dress|shakespeare play|shakespeare's coriolanus,http://www.imdb.com/title/tt1372686/?ref_=fn_tt_tt_1,118,English,UK,R,0,451,6.2,2.35,12000
2004,b'Imaginary Heroes',Color,Dan Harris,73,111,24,83,Ryan Donowho,374,0.228524,Comedy|Drama,Kip Pardue,8708,768,Larry Fessenden,2,cat|christmas song|lawn mowing|leave of absence|medication,http://www.imdb.com/title/tt0373024/?ref_=fn_tt_tt_1,56,English,USA,R,4,181,7.3,2.35,345
2001,b'High Heels and Low Lifes',Color,Mel Smith,43,86,302,428,Danny Dyer,893,0.226792,Action|Comedy|Drama,Minnie Driver,3080,3049,Mary McCormack,2,attempted murder|blackmail|diver's watch|nurse|satire,http://www.imdb.com/title/tt0253126/?ref_=fn_tt_tt_1,44,English,UK,R,10,798,6.2,1.85,117
2005,b'Edmond',Color,Stuart Gordon,79,82,216,885,Dulé Hill,1000,0.131617,Drama|Thriller,Joe Mantegna,9971,5761,Jeffrey Combs,1,bipolar disorder|sodomy|stabbing|street life|violence,http://www.imdb.com/title/tt0443496/?ref_=fn_tt_tt_1,119,English,USA,R,10,922,6.3,1.85,661
1994,b'Police Academy: Mission to Moscow',Color,Alan Metter,17,83,3,421,Michael Winslow,16000,0.126247,Comedy|Crime,Christopher Lee,24958,17469,G.W. Bailey,0,captain|commandant|mafia|russian mafia|security system,http://www.imdb.com/title/tt0110857/?ref_=fn_tt_tt_1,103,English,USA,PG,6.2,542,3.3,1.85,321
2010,b'Blood Done Sign My Name',Color,Jeb Stuart,20,128,11,553,Nate Parker,665,0.082739,Drama,Ricky Schroder,465,4579,Lee Norris,0,based on autobiography|based on novel|based on true story|murder|racism,http://www.imdb.com/title/tt1210039/?ref_=fn_tt_tt_1,3,English,USA,PG-13,0,664,6.7,2.35,503
2013,"b'Cinco de Mayo, La Batalla'",Color,Rafa Lara,12,125,21,36,Andrés Montiel,78,0.169379,Drama|History|War,Jorge Luis Moreno,683,221,William Miller,1,0,http://www.imdb.com/title/tt2553908/?ref_=fn_tt_tt_1,3,Spanish,Mexico,R,10,61,6.2,0,874
1997,b'An Alan Smithee Film: Burn Hollywood Burn',Color,Arthur Hiller,29,86,71,385,Harvey Weinstein,795,0.015447,Comedy,Eric Idle,2971,2655,Ryan O'Neal,0,box office flop|critically bashed|director|hollywood|mockumentary,http://www.imdb.com/title/tt0118577/?ref_=fn_tt_tt_1,85,English,USA,R,10,474,3.5,1.85,89
2009,b'The Open Road',Color,Michael Meredith,23,91,7,875,Justin Timberlake,12000,0.019348,Comedy|Drama,Jeff Bridges,2941,16118,Ted Danson,2,american south|baseball|farmland|motel|road trip,http://www.imdb.com/title/tt1007018/?ref_=fn_tt_tt_1,11,English,USA,PG-13,10,3000,5.5,2.35,370
2009,b'The Good Guy',Color,Julio DePietro,22,90,0,617,Scott Porter,806,0.100503,Comedy|Romance,Adrian Martinez,7759,3124,Aaron Yoo,2,book club|cheating boyfriend|job promotion|manhattan new york city|new york city,http://www.imdb.com/title/tt1247662/?ref_=fn_tt_tt_1,20,English,USA,R,8,690,5.9,1.85,1000
2009,b'Motherhood',Color,Katherine Dieckmann,43,90,8,495,Minnie Driver,1000,0.0929,Comedy|Drama,Stephanie Szostak,3662,3146,Anthony Edwards,1,birthday|birthday party|delivery man|mother|neighbor,http://www.imdb.com/title/tt1220220/?ref_=fn_tt_tt_1,23,English,USA,PG-13,5,893,4.7,1.85,546
2008,b'Free Style',Color,William Dear,16,94,50,422,Corbin Bleu,835,0.140987,Drama,Madison Pettis,361,2519,Sandra Echeverría,3,0,http://www.imdb.com/title/tt1128071/?ref_=fn_tt_tt_1,4,English,Canada,PG,0,632,4.2,1.85,58
2009,b'The Janky Promoters',Color,Marcus Raboy,4,85,7,240,Tamala Jones,706,0,Comedy|Crime|Music,Mike Epps,1097,1936,Glenn Plummer,2,bigger dreams|concert promoter|hotel maid|pep talk|rap concert,http://www.imdb.com/title/tt1210071/?ref_=fn_tt_tt_1,10,English,USA,R,0,405,5.2,1.85,402
2007,b'Blonde Ambition',Color,Scott Marshall,20,93,7,611,Drew Waters,906,0.005561,Comedy|Romance,Drew Fuller,4995,4725,Larry Miller,1,boss|business|career|confidence|female protagonist,http://www.imdb.com/title/tt0887719/?ref_=fn_tt_tt_1,34,English,USA,PG-13,10,848,3.9,1.85,160
2004,b'Eulogy',Color,Michael Clancy,27,85,0,742,Rip Torn,11000,0.070527,Comedy|Drama,Zooey Deschanel,7690,14656,Kelly Preston,6,dysfunctional family|family relationships|family reunion|funeral|twin,http://www.imdb.com/title/tt0349416/?ref_=fn_tt_tt_1,68,English,USA,R,6.5,826,6.7,1.85,376
2007,b'White Noise 2: The Light',Color,Patrick Lussier,62,99,71,126,Craig Fairbrass,298,0,Drama|Fantasy|Horror|Thriller,Teryl Rothery,11285,934,Adrian Holmes,0,angry spirit|aura|electronic voice phenomena|electronics|near death experience,http://www.imdb.com/title/tt0496436/?ref_=fn_tt_tt_1,82,English,USA,PG-13,10,258,5.7,2.35,509
2014,b'Jungle Shuffle',Color,Taedong Park,8,85,0,196,Tom Arnold,1000,0,Adventure|Animation,Drake Bell,162,2259,Amanda Troop,0,0,http://www.imdb.com/title/tt2722786/?ref_=fn_tt_tt_1,2,English,South Korea,0,10,618,4.8,0,186
2008,b'Adam Resurrected',Color,Paul Schrader,75,106,261,520,Ayelet Zurer,30000,0,Drama|War,Veronica Ferres,3075,31325,Derek Jacobi,2,circus|dog|entertainer|holocaust|patient,http://www.imdb.com/title/tt0479341/?ref_=fn_tt_tt_1,31,English,Germany,R,10,744,6.3,2.35,589
2013,b'Of Horses and Men',Color,Benedikt Erlingsson,66,81,4,5,Charlotte Bøving,63,0.011835,Comedy|Drama|Romance,Ingvar Eggert Sigurðsson,1920,81,Sigríður María Egilsdóttir,0,barbed wire|barbed wire fence|horse|nature|snowstorm,http://www.imdb.com/title/tt3074732/?ref_=fn_tt_tt_1,7,Icelandic,Iceland,0,10,10,6.9,2.35,1000
2010,"b""It's a Wonderful Afterlife""",Color,Gurinder Chadha,31,100,98,95,Mark Addy,1000,0,Comedy|Drama|Horror|Romance,Sendhil Ramamurthy,1250,2227,Shabana Azmi,1,afterlife|indian|murder|overweight woman|police,http://www.imdb.com/title/tt1319716/?ref_=fn_tt_tt_1,16,English,UK,PG-13,10,891,5.4,2.35,695
2009,"b""The Devil's Tomb""",Color,Jason Connery,32,90,110,711,Henry Rollins,1000,0,Action|Horror|Sci-Fi,Ray Winstone,5715,3937,Jason London,4,desert|mercenary|priest|scientist|war veteran,http://www.imdb.com/title/tt1147687/?ref_=fn_tt_tt_1,60,English,USA,R,10,898,3.8,1.85,486
2007,b'Partition',Color,Vic Sarin,17,116,24,46,Jesse Moss,183,0,Drama|Romance,Jimi Mistry,2223,428,John Light,2,india|love|muslim|pakistan|sikh,http://www.imdb.com/title/tt0213985/?ref_=fn_tt_tt_1,27,English,Canada,R,10,136,7,2.35,746
2010,b'Good Intentions',Color,Jim Issa,4,84,5,482,Luke Perry,670,0,Comedy,Elaine Hendrix,553,2739,Jon Gries,5,0,http://www.imdb.com/title/tt1070781/?ref_=fn_tt_tt_1,3,English,USA,PG-13,10,608,5.2,0,119
2010,b'Gunless',Color,William Phillips,15,89,3,499,Callum Rennie,764,0,Action|Comedy|Drama|Western,Tyler Mane,3015,2876,Dustin Milligan,1,blacksmith|bounty hunter|duel|gunslinger|wild west,http://www.imdb.com/title/tt1376195/?ref_=fn_tt_tt_1,27,English,Canada,0,10,716,6.5,2.35,850
2005,b'The Lost City',Color,Andy Garcia,52,144,0,195,Victor Rivers,786,2.483955,Drama|Romance,Danny Pino,8369,1674,Enrique Murciano,0,1950s|cuba|cuban flag|fidel castro|havana cuba,http://www.imdb.com/title/tt0343996/?ref_=fn_tt_tt_1,165,English,USA,R,9.6,228,6.7,1.85,957
2014,b'Plastic',Color,Julian Gilbey,29,102,7,1000,Alfie Allen,31000,0,Action|Comedy|Crime|Drama,Mem Ferda,5865,35634,Malese Jow,7,credit card fraud|lesbian kiss|miami,http://www.imdb.com/title/tt2556874/?ref_=fn_tt_tt_1,12,English,UK,R,10,1000,6,0,1000
2012,b'Amour',Color,Michael Haneke,447,127,0,319,Emmanuelle Riva,678,0.225377,Drama|Romance,Isabelle Huppert,70382,1557,Jean-Louis Trintignant,1,aging|daughter|old couple|old love|stroke,http://www.imdb.com/title/tt1602620/?ref_=fn_tt_tt_1,190,French,France,PG-13,8.9,432,7.9,1.85,33000
1988,b'Poltergeist III',Color,Gary Sherman,66,98,17,770,Heather O'Rourke,1000,14.114488,Horror|Thriller,Tom Skerritt,13190,3827,Zelda Rubinstein,0,aunt niece relationship|brother sister relationship|building|father daughter relationship|mirror,http://www.imdb.com/title/tt0095889/?ref_=fn_tt_tt_1,114,English,USA,PG-13,10.5,887,4.5,1.85,616
2015,b'Re-Kill',Color,Valeri Milev,18,88,6,200,Roger Cross,557,0,Action|Horror,Daniella Alonso,1763,1702,Jesse Garcia,0,after dark|after dark horrorfest|fictional tv news show|outbreak,http://www.imdb.com/title/tt1612319/?ref_=fn_tt_tt_1,26,English,USA,R,9.5,290,5.1,1.78,898
2011,b'Melancholia',Color,Lars von Trier,439,130,3000,844,Kirsten Dunst,10000,3.02987,Drama|Sci-Fi,Alexander Skarsgård,128729,15835,Charlotte Rampling,1,art director|breasts|depression|outdoor sex|riding a horse,http://www.imdb.com/title/tt1527186/?ref_=fn_tt_tt_1,551,English,Denmark,R,7.4,4000,7.1,2.35,50000
2011,b'Red Dog',Color,Kriv Stenders,54,92,25,110,Keisha Castle-Hughes,509,0,Biography|Comedy|Drama|Family|Romance,Noah Taylor,13003,1248,Luke Ford,0,australian|based on true events|dog|love|search,http://www.imdb.com/title/tt0803061/?ref_=fn_tt_tt_1,80,English,Australia,PG,8.5,446,7.5,2.35,10000
2012,b'Jab Tak Hai Jaan',Color,Yash Chopra,50,176,147,1000,Katrina Kaif,8000,3.047539,Drama|Romance,Shah Rukh Khan,42296,13762,Vic Waghorn,4,accident|army|bomb|indian army|love,http://www.imdb.com/title/tt2176013/?ref_=fn_tt_tt_1,286,Hindi,India,Not Rated,7.2176,3000,6.9,2.35,12000
1979,b'Alien',Color,Ridley Scott,392,116,0,513,Yaphet Kotto,1000,78.9,Horror|Sci-Fi,Tom Skerritt,563827,2524,Bolaji Badejo,0,alien|creature|future|outer space|spaceship,http://www.imdb.com/title/tt0078748/?ref_=fn_tt_tt_1,1110,English,UK,R,11,581,8.5,2.35,23000
2014,b'The Purge: Anarchy',Color,James DeMonaco,285,103,65,908,Zach Gilford,2000,71.51923,Action|Horror|Sci-Fi|Thriller,Noel Gugliemi,92364,6807,Roberta Valderrama,0,held at gunpoint|machete|masked man|sequel|violence,http://www.imdb.com/title/tt2975578/?ref_=fn_tt_tt_1,244,English,USA,R,9,971,6.5,2.35,15000
2000,b'Down to You',Color,Kris Isacsson,64,91,0,407,Lauren German,3000,20.03531,Comedy|Drama|Romance,Rosario Dawson,12324,4409,Shawn Hatosy,1,artist|cake|college|new york city|student,http://www.imdb.com/title/tt0186975/?ref_=fn_tt_tt_1,173,English,USA,PG-13,9,683,4.9,1.85,580
2000,b'The Contender',Color,Rod Lurie,136,126,37,883,Gary Oldman,12000,17.804273,Drama|Thriller,Jeff Bridges,20449,25660,William Petersen,0,bridge|governor|political thriller|president|vice president,http://www.imdb.com/title/tt0208874/?ref_=fn_tt_tt_1,370,English,USA,R,20,10000,7,1.85,1000
2004,"b""Breakin' All the Rules""",Color,Daniel Taplitz,39,85,2,127,Tate Taylor,911,11.827301,Comedy|Romance,Jennifer Esposito,4247,1345,Patrick Cranshaw,1,female to male foot in crotch|lingerie slip|love|mistaken identity|writer,http://www.imdb.com/title/tt0349169/?ref_=fn_tt_tt_1,26,English,USA,PG-13,0,150,5.5,2.35,266
2003,b'Chasing Papi',Color,Linda Mendoza,32,76,17,571,Freddy Rodríguez,591,6.126237,Comedy|Romance,Carlos Ponce,3419,2851,Maria Conchita Alonso,3,beauty pageant|bilingual|dating|latino|three women,http://www.imdb.com/title/tt0323572/?ref_=fn_tt_tt_1,41,English,USA,PG,0,579,4.8,1.85,419
2000,b'The Way of the Gun',Color,Christopher McQuarrie,117,119,188,35,Nicky Katt,187,6.047856,Action|Crime|Drama|Thriller,Kristin Lehman,27536,358,Dylan Kussman,4,criminal|drifter|gangster|money|surrogate mother,http://www.imdb.com/title/tt0202677/?ref_=fn_tt_tt_1,327,English,USA,R,8.5,127,6.7,1.85,1000
2002,b'Igby Goes Down',Color,Burr Steers,136,99,23,471,Rory Culkin,1000,4.681503,Comedy|Drama,Kieran Culkin,29058,2478,Bill Irwin,1,boy|mistress|money|schizophrenic|school,http://www.imdb.com/title/tt0280760/?ref_=fn_tt_tt_1,238,English,USA,R,9,710,7,2.35,838
2007,b'Gracie',Color,Davis Guggenheim,65,95,49,261,John Doman,702,2.955039,Biography|Drama|Sport,Emma Bell,3624,2007,Carly Schroeder,1,boy|girl|soccer|south orange new jersey|teenager,http://www.imdb.com/title/tt0441007/?ref_=fn_tt_tt_1,27,English,USA,PG-13,9,616,6.2,2.35,313
2005,b'Trust the Man',Color,Bart Freundlich,100,103,38,316,Garry Shandling,745,1.530535,Comedy|Drama|Romance,Billy Crudup,7833,1721,Dagmara Dominczyk,3,actress|lesbianism|manhattan new york city|urination|watching pornography,http://www.imdb.com/title/tt0427968/?ref_=fn_tt_tt_1,63,English,USA,R,9,591,5.7,2.35,215
2008,b'Hamlet 2',Color,Andrew Fleming,129,92,26,611,Amy Poehler,1000,4.881867,Comedy|Music,Steve Coogan,15200,3767,David Arquette,1,gang banger|sequel|shakespeare's hamlet|student|time machine,http://www.imdb.com/title/tt1104733/?ref_=fn_tt_tt_1,76,English,USA,R,9,1000,6.4,1.85,1000
2001,b'The Legend of Suriyothai',Color,Chatrichalerm Yukol,31,189,6,6,Chatchai Plengpanich,7,0.454255,Action|Adventure|Drama|History|War,Sarunyu Wongkrachang,1666,32,Mai Charoenpura,3,16th century|burmese|invasion|queen|thailand,http://www.imdb.com/title/tt0290879/?ref_=fn_tt_tt_1,47,Thai,Thailand,R,400,6,6.6,1.85,124
1990,b'Two Evil Eyes',Color,Dario Argento,76,120,930,433,Adrienne Barbeau,982,0.349618,Horror,John Amos,4302,2942,Sally Kirkland,1,black cat|cat|evil|photographer|undead,http://www.imdb.com/title/tt0100827/?ref_=fn_tt_tt_1,45,English,Italy,R,9,602,6.1,1.85,375
2014,b'Barbecue',Color,Eric Lavaine,17,98,0,5,Julie Engelbrecht,186,0,Comedy,Lambert Wilson,1673,253,Lionel Abelanski,1,0,http://www.imdb.com/title/tt3202120/?ref_=fn_tt_tt_1,1,French,France,0,0,41,6.1,2.35,348
2002,b'All or Nothing',Color,Mike Leigh,81,121,608,25,Ruth Sheen,149,0.112935,Drama,Lesley Manville,8161,251,Gary McDonald,0,love|neighbor|single parent|supermarket|working class,http://www.imdb.com/title/tt0286261/?ref_=fn_tt_tt_1,94,English,UK,R,9,44,7.6,1.85,484
2006,b'Opal Dream',Color,Peter Cattaneo,24,86,11,18,Vince Colosimo,185,0.013751,Drama|Family,Jacqueline McKenzie,813,299,Peter Callan,0,friend|girl|imaginary friend|outback|town,http://www.imdb.com/title/tt0420835/?ref_=fn_tt_tt_1,6,English,Australia,PG,11.4,62,6.6,1.85,135
2005,b'Undiscovered',Color,Meiert Avis,41,97,0,230,Kip Pardue,922,1.046166,Comedy|Music|Romance,Fisher Stevens,2599,1835,Perrey Reeves,4,bare chested male|box office flop|diner|german shepherd|one word title,http://www.imdb.com/title/tt0434424/?ref_=fn_tt_tt_1,45,English,Germany,PG-13,9,374,4.2,2.35,128
2009,b'The Girl on the Train',Color,André Téchiné,66,105,25,98,Ronit Elkabetz,963,0.002874,Drama,Catherine Deneuve,1219,1375,Émilie Dequenne,1,bar mitzvah|lawyer|train|wealth|wrestler,http://www.imdb.com/title/tt1183672/?ref_=fn_tt_tt_1,14,French,France,Unrated,0,168,6,2.35,120
2009,b'Veronika Decides to Die',Color,Emily Young,19,103,6,664,Erika Christensen,4000,0,Drama|Romance,Sarah Michelle Gellar,10100,6426,Jonathan Tucker,1,boyfriend girlfriend relationship|female protagonist|letter of resignation|mental hospital|sex,http://www.imdb.com/title/tt1068678/?ref_=fn_tt_tt_1,42,English,USA,R,9,931,6.5,2.35,3000
2004,b'The I Inside',Color,Roland Suso Richter,33,90,3,327,Sarah Polley,1000,0,Mystery|Sci-Fi|Thriller,Stephen Graham,9296,2310,Stephen Rea,2,2000s|hospital|man in a wheelchair|year 2000|year 2002,http://www.imdb.com/title/tt0325596/?ref_=fn_tt_tt_1,57,English,UK,R,8.8,900,6.1,2.35,458
1987,b'The Lost Boys',Color,Joel Schumacher,147,97,541,673,Jami Gertz,967,32.222567,Comedy|Fantasy|Horror,Dianne Wiest,92924,4458,Jason Patric,3,1980s|california|death|small town|vampire,http://www.imdb.com/title/tt0093437/?ref_=fn_tt_tt_1,339,English,USA,R,0,847,7.2,2.35,19000
1979,b'The Rose',Color,Mark Rydell,32,125,43,122,Frederic Forrest,563,29.2,Drama|Music|Romance,David Keith,6142,1097,Alan Bates,0,awol|demand|driver|drugs|roses,http://www.imdb.com/title/tt0079826/?ref_=fn_tt_tt_1,52,English,USA,R,8.5,236,6.9,1.85,1000
1990,b'Shipwrecked',Color,Nils Gaup,6,92,8,3,Louisa Milwood-Haigh,35,0,Adventure|Family,Bjørn Sundquist,1984,47,Stian Smestad,2,boy|island|pirate|ship|treasure,http://www.imdb.com/title/tt0099816/?ref_=fn_tt_tt_1,14,English,Norway,PG,60,6,6.7,2.35,278
2015,b'The DUFF',Color,Ari Sandel,132,101,17,429,Romany Malco,35000,34.017854,Comedy,Bella Thorne,51326,36892,Skyler Samuels,4,cartoon on tv|generation y|high school|overalls|strong female character,http://www.imdb.com/title/tt1666801/?ref_=fn_tt_tt_1,116,English,USA,PG-13,8.5,966,6.5,2.35,8000
2003,b'Silmido',Color,Woo-Suk Kang,15,135,0,13,Sung-kee Ahn,28,0,Action|Drama,Yu-mi Jeong,3290,97,Kyung-gu Sol,0,based on book|based on true story|rape|title spoken by character,http://www.imdb.com/title/tt0387596/?ref_=fn_tt_tt_1,17,Korean,South Korea,0,8,15,7.2,2.35,387
2010,b'My Name Is Khan',Color,Karan Johar,210,128,160,81,Jimmy Shergill,8000,4.018695,Adventure|Drama|Thriller,Shah Rukh Khan,69759,8532,Christopher B. Duncan,2,airport|asperger's syndrome|autism|muslim|racial profiling,http://www.imdb.com/title/tt1188996/?ref_=fn_tt_tt_1,235,Hindi,India,PG-13,12,327,8,2.35,27000
2013,b'All Is Lost',Color,J.C. Chandor,346,106,78,0,0,0,6.262942,Action|Adventure|Drama,Robert Redford,59545,0,0,0,boat|container|sea|shipping container|storm,http://www.imdb.com/title/tt2017038/?ref_=fn_tt_tt_1,312,English,USA,PG-13,9,0,6.9,2.35,18000
1999,b'Limbo',Color,John Sayles,46,126,407,39,Casey Siemaszko,638,1.997807,Adventure|Drama|Thriller,Mary Elizabeth Mastrantonio,5158,823,Vanessa Martinez,0,alaska|island|motorboat|singer|wilderness,http://www.imdb.com/title/tt0164085/?ref_=fn_tt_tt_1,140,English,USA,R,8,107,7.1,1.85,196
2007,b'Namastey London',Color,Vipul Amrutlal Shah,15,128,11,119,Clive Standen,3000,1.207007,Comedy|Drama|Romance,Katrina Kaif,13577,4004,Riteish Deshmukh,2,india|london england|marriage|stereotype|sugarcane,http://www.imdb.com/title/tt0795434/?ref_=fn_tt_tt_1,47,Hindi,India,0,0,687,7.3,0,341
2008,b'Repo! The Genetic Opera',Color,Darren Lynn Bousman,147,150,163,636,Paris Hilton,2000,0.140244,Horror|Musical|Sci-Fi,Alexa PenaVega,20419,4168,Paul Sorvino,1,future|murder|opera|repossession|surgery,http://www.imdb.com/title/tt0963194/?ref_=fn_tt_tt_1,259,English,USA,R,8.5,716,6.7,1.85,8000
2006,b'Valley of the Wolves: Iraq',Color,Serdar Akar,16,122,11,173,Bergüzar Korel,205,0,Action|Adventure,Necati Sasmaz,14486,808,Ghassan Massoud,3,abu ghraib|bomb|christian|explosion|iraq,http://www.imdb.com/title/tt0493264/?ref_=fn_tt_tt_1,159,Arabic,Turkey,0,8.3,197,6,1.85,467
1994,b'Pulp Fiction',Color,Quentin Tarantino,215,178,16000,857,Eric Stoltz,13000,107.93,Crime|Drama,Bruce Willis,1324680,16557,Phil LaMarr,1,black comedy|cunnilingus|neo noir|nonlinear timeline|postmodern,http://www.imdb.com/title/tt0110912/?ref_=fn_tt_tt_1,2195,English,USA,R,8,902,8.9,2.35,45000
2014,b'Nightcrawler',Color,Dan Gilroy,534,117,66,85,Michael Papajohn,15000,32.279955,Crime|Drama|Thriller,Jake Gyllenhaal,293304,15554,James Huang,1,employer employee relationship|ethics|journalism|sociopath|tv news,http://www.imdb.com/title/tt2872718/?ref_=fn_tt_tt_1,552,English,USA,R,8.5,241,7.9,2.35,65000
2004,b'Club Dread',Color,Jay Chandrasekhar,66,119,422,422,Lindsay Price,861,4.992159,Comedy|Horror|Thriller,Brittany Daniel,23823,3306,Jay Chandrasekhar,2,beach|island|party|resort|serial killer,http://www.imdb.com/title/tt0331953/?ref_=fn_tt_tt_1,201,English,USA,R,8.55,499,5.6,2.35,713
2006,b'Little Miss Sunshine',Color,Jonathan Dayton,270,101,36,27,Steven Christopher Parker,7000,59.889948,Comedy|Drama,Steve Carell,355810,7227,Jill Talley,1,gay|graduate student|sister sister relationship|sprite|uncle nephew relationship,http://www.imdb.com/title/tt0449059/?ref_=fn_tt_tt_1,889,English,USA,R,8,150,7.9,2.35,15000
1986,b'Stand by Me',Color,Rob Reiner,99,89,0,107,Frances Lee McCain,217,52.287414,Adventure|Drama,Marshall Bell,271794,644,Casey Siemaszko,2,friendship|summertime|treehouse|walking on train tracks|woods,http://www.imdb.com/title/tt0092005/?ref_=fn_tt_tt_1,584,English,USA,R,8,107,8.1,1.85,24000
2002,b'28 Days Later...',Color,Danny Boyle,224,113,0,27,Megan Burns,133,45.063889,Drama|Horror|Sci-Fi|Thriller,Noah Huntley,297250,241,David Schneider,0,laboratory|london england|military|virus|zombie apocalypse,http://www.imdb.com/title/tt0289043/?ref_=fn_tt_tt_1,1441,English,UK,R,8,32,7.6,1.85,11000
1996,b'A Thin Line Between Love and Hate',Color,Martin Lawrence,11,108,0,388,Lynn Whitfield,585,34.746109,Comedy|Crime|Drama|Romance|Thriller,Faizon Love,3122,3023,Della Reese,2,african american|dating|independent film|irreverence|revenge,http://www.imdb.com/title/tt0117891/?ref_=fn_tt_tt_1,14,English,USA,R,8,434,5.6,2.35,559
2011,b'50/50',Color,Jonathan Levine,327,100,129,3000,Anna Kendrick,23000,34.963967,Comedy|Drama|Romance,Joseph Gordon-Levitt,270441,39807,Bryce Dallas Howard,2,best friend|cancer|survival rate|therapist|vomiting,http://www.imdb.com/title/tt1306980/?ref_=fn_tt_tt_1,378,English,USA,R,8,10000,7.7,1.85,40000
1981,b'Modern Problems',Color,Ken Shapiro,14,93,2,213,Dabney Coleman,484,0,Comedy|Fantasy|Sci-Fi,Brian Doyle-Murray,3904,1455,Mary Kay Place,1,air traffic controller|nuclear waste|orgasm|telekinesis|voodoo,http://www.imdb.com/title/tt0082763/?ref_=fn_tt_tt_1,48,English,USA,PG,8,345,5,1.85,495
2016,b'Kicks',Color,Justin Tipping,6,80,2,102,Natalie Stephany Aguilar,861,0,Adventure,Tina Gilton,59,1279,Justin Hall,0,0,http://www.imdb.com/title/tt4254584/?ref_=fn_tt_tt_1,6,English,USA,R,0,163,7.8,0,240
2000,b'American Psycho',Color,Mary Harron,288,102,126,517,Justin Theroux,23000,15.047419,Crime|Drama,Christian Bale,357275,25462,Samantha Mathis,1,1980s|business card|male rear nudity|materialism|narcissism,http://www.imdb.com/title/tt0144084/?ref_=fn_tt_tt_1,1061,English,USA,R,7,1000,7.6,2.35,18000
2002,b'The Good Girl',Color,Miguel Arteta,107,93,44,596,Zooey Deschanel,15000,14.015786,Drama|Romance,Jake Gyllenhaal,37952,27646,Tim Blake Nelson,3,dysfunctional marriage|marijuana|small town|store|trying to conceive,http://www.imdb.com/title/tt0279113/?ref_=fn_tt_tt_1,298,English,USA,R,5,11000,6.5,1.85,938
2006,b'Bon Cop Bad Cop',Color,Erik Canuel,28,116,31,50,Richard Howland,539,0,Action|Comedy|Crime|Thriller,Colm Feore,8616,895,Sarain Boylan,2,border|hockey|killer|police|tattoo,http://www.imdb.com/title/tt0479647/?ref_=fn_tt_tt_1,90,English,Canada,R,8,290,7,2.35,758
2009,b'The City of Your Final Destination',Color,James Ivory,55,117,133,86,Omar Metwally,471,0,Drama|Romance,Alexandra Maria Lara,2311,858,Diego Velazquez,1,child|student|university|widow|writer,http://www.imdb.com/title/tt0896923/?ref_=fn_tt_tt_1,25,English,USA,PG-13,8.3,277,6.4,1.85,638
2013,b'Enough Said',Color,Nicole Holofcener,231,93,132,216,Ben Falcone,434,17.536788,Comedy|Drama|Romance,Christopher Nicholas Smith,49240,1183,Michaela Watkins,2,dating|divorcee|ex husband|ex wife|party,http://www.imdb.com/title/tt2390361/?ref_=fn_tt_tt_1,142,English,USA,PG-13,8,265,7.1,1.85,12000
2010,b'Easy A',Color,Will Gluck,262,92,87,424,Dan Byrd,15000,58.401464,Comedy|Romance,Emma Stone,276746,16982,Fred Armisen,1,gay|gay interest|high school|school|student,http://www.imdb.com/title/tt1282140/?ref_=fn_tt_tt_1,264,English,USA,PG-13,8,1000,7.1,1.85,19000
1994,b'The Inkwell',Color,Matty Rich,7,110,10,582,Joe Morton,851,8.880705,Comedy|Drama|Romance,Jada Pinkett Smith,1103,3293,Larenz Tate,0,fire|marriage|martha's vineyard|teenager|vacation,http://www.imdb.com/title/tt0110137/?ref_=fn_tt_tt_1,11,English,USA,R,0,780,6.5,1.85,160
1996,b'The Pallbearer',Color,Matt Reeves,18,98,198,636,Michael Rapaport,1000,0,Comedy|Romance,Mark Margolis,6124,3502,Carol Kane,2,bachelor party|directorial debut|funeral|pallbearer|wedding,http://www.imdb.com/title/tt0117283/?ref_=fn_tt_tt_1,55,English,USA,PG-13,8,975,4.9,1.85,125
1999,b'Held Up',Color,Steve Rash,11,89,15,660,Nia Long,883,4.692814,Comedy,Barry Corbin,2870,3291,Jake Busey,2,hold up|hostage|stockholm syndrome|swat team|vegetarian,http://www.imdb.com/title/tt0165831/?ref_=fn_tt_tt_1,34,English,USA,PG-13,8,826,5.1,1.85,77
2000,b'Woman on Top',Color,Fina Torres,72,92,26,417,John de Lancie,1000,5.01845,Comedy|Fantasy|Romance,Harold Perrineau,8546,2687,Mark Feuerstein,0,cross dresser|food|friend|motion sickness|restaurant,http://www.imdb.com/title/tt0206420/?ref_=fn_tt_tt_1,86,English,USA,R,8,905,5.3,2.35,859
1992,b'Howards End',Color,James Ivory,51,140,133,136,Vanessa Redgrave,12000,25.967,Drama|Romance,Anthony Hopkins,21254,13180,Samuel West,3,england|friendship|prejudice|upper class|working class,http://www.imdb.com/title/tt0104454/?ref_=fn_tt_tt_1,86,English,UK,PG,0,898,7.5,2.35,788
1998,b'Clay Pigeons',Color,David Dobkin,49,104,71,168,Vince Vieluf,1000,1.789892,Comedy|Crime,Janeane Garofalo,9494,1795,Kevin Rahm,1,breasts|serial killer|small town|vomiting|widow,http://www.imdb.com/title/tt0118863/?ref_=fn_tt_tt_1,109,English,Germany,R,8,261,6.6,1.85,515
2010,"b""It's Kind of a Funny Story""",Color,Anna Boden,163,101,16,472,Jeremy Davies,943,6.350058,Comedy|Drama|Romance,Zoë Kravitz,106098,2786,Jim Gaffigan,3,based on novel|depression|psychiatric ward|suicide attempt|therapy,http://www.imdb.com/title/tt0804497/?ref_=fn_tt_tt_1,150,English,USA,PG-13,8,769,7.2,1.85,20000
2007,b'When Did You Last See Your Father?',Color,Anand Tucker,90,92,14,291,Jim Broadbent,14000,1.07124,Biography|Drama,Colin Firth,3571,15848,Gina McKee,2,cancer|children|death|terminal cancer|time,http://www.imdb.com/title/tt0829098/?ref_=fn_tt_tt_1,34,English,UK,PG-13,8,1000,6.9,2.35,429
1983,b'The Wicked Lady',Color,Michael Winner,17,98,136,249,Marina Sirtis,977,0,Adventure|Drama,Faye Dunaway,802,2413,John Gielgud,0,female nudity|highwayman|nell gwynne|nudity|whipping,http://www.imdb.com/title/tt0086582/?ref_=fn_tt_tt_1,15,English,UK,R,8,649,4,1.85,79
2009,b'The Secret of Kells',Color,Tomm Moore,118,75,45,4,Mick Lally,61,0.686383,Adventure|Animation|Family|Fantasy,Sean Lennon,22811,75,Evan McGuire,0,barbarian|fairy|forest|monastery|unfinished book,http://www.imdb.com/title/tt0485601/?ref_=fn_tt_tt_1,71,English,France,Not Rated,6.5,5,7.7,1.85,11000
2013,b'Begin Again',Color,John Carney,283,104,109,7,Karen Pittman,480,16.168741,Drama|Music,James Corden,99430,517,Mary Catherine Garrison,1,manhattan new york city|new york city|record label|singer|song,http://www.imdb.com/title/tt1980929/?ref_=fn_tt_tt_1,182,English,USA,R,8,12,7.4,1.85,43000
2005,b'Down in the Valley',Color,David Jacobson,74,108,12,710,Bruce Dern,2000,0.568695,Drama|Romance|Thriller,Hunter Parrish,16617,3921,Rory Culkin,2,beach|cowboy|cowboy hat|neo western|valley,http://www.imdb.com/title/tt0398027/?ref_=fn_tt_tt_1,110,English,USA,R,8,844,6.5,2.35,412
2007,b'Brooklyn Rules',Color,Michael Corrente,41,99,30,209,Tony Devon,480,0.39842,Crime|Drama,Jerry Ferrara,5049,1234,Alexa Havins,3,1980s|friend|friendship|loyalty|mafia,http://www.imdb.com/title/tt0283503/?ref_=fn_tt_tt_1,48,English,USA,R,8,257,6.4,2.35,226
2012,b'Restless',Color,Edward Hall,17,180,0,844,Hayley Atwell,3000,0,Drama|Romance,Rufus Sewell,2098,6343,Charlotte Rampling,2,espionage|motel|mother son relationship|murder disguised as suicide|shot in the head,http://www.imdb.com/title/tt2241676/?ref_=fn_tt_tt_1,12,English,UK,0,0,2000,7.2,16,434
2003,b'The Singing Detective',Color,Keith Gordon,66,109,200,1000,Robin Wright,21000,0.336456,Comedy|Crime|Musical|Mystery,Robert Downey Jr.,7116,41645,Alfre Woodard,2,detective|detective novel|fantasy sequence|hallucination|writer,http://www.imdb.com/title/tt0314676/?ref_=fn_tt_tt_1,79,English,USA,R,8,18000,5.6,1.85,494
1998,b'The Land Girls',Color,David Leland,36,111,2,227,Catherine McCormack,735,0.146083,Drama|Romance|War,Anna Friel,1591,1378,Steven Mackintosh,3,dorset|farm|friend|love|women's land army,http://www.imdb.com/title/tt0119494/?ref_=fn_tt_tt_1,27,English,UK,R,0,306,6.3,2.35,75
2005,b'The Wendell Baker Story',Color,Andrew Wilson,32,99,387,399,Eddie Griffin,8000,0.127144,Comedy|Drama|Romance,Will Ferrell,5159,9608,Jacob Vargas,4,directorial debut|fantasy sequence|nurse|old age home|prison,http://www.imdb.com/title/tt0373445/?ref_=fn_tt_tt_1,27,English,USA,PG-13,8,489,5.5,2.35,143
2008,b'Pathology',Color,Marc Schölermann,79,95,3,448,Larry Drake,905,0.108662,Crime|Horror|Thriller,John de Lancie,26849,3185,Johnny Whitworth,0,corpse|dark humor|medical school|murder|pathology,http://www.imdb.com/title/tt0964539/?ref_=fn_tt_tt_1,107,English,USA,R,8,513,6,2.35,3000
2006,b'10th & Wolf',Color,Robert Moresco,26,107,53,463,Brad Renfro,954,0.053481,Crime|Drama|Thriller,Brian Dennehy,5557,2512,Dash Mihok,5,desert storm|fbi|fbi agent|fragmentation grenade|woman kills attacker,http://www.imdb.com/title/tt0360323/?ref_=fn_tt_tt_1,34,English,USA,R,8,551,6.4,2.35,294
2004,b'Dear Wendy',Color,Thomas Vinterberg,100,102,346,488,Chris Owen,947,0.023106,Comedy|Crime|Drama|Romance,Michael Angarano,9003,2572,William Hootkins,0,gang|gun|loner|love|outcast,http://www.imdb.com/title/tt0342272/?ref_=fn_tt_tt_1,58,English,Italy,Unrated,50,526,6.6,1.66,532
2014,b'Aloft',Color,Claudia Llosa,56,97,43,47,Zen McGrath,144,0.052961,Drama,Ian Tracey,2103,326,William Shimell,1,0,http://www.imdb.com/title/tt2494384/?ref_=fn_tt_tt_1,11,English,Spain,R,8,63,5.3,2.35,675
2005,b'The Rocket: The Legend of Rocket Richard',Color,Charles Binamé,20,124,2,23,Roy Dupuis,413,0,Biography|Drama|Sport,Stephen McHattie,4412,733,Julie LeBreton,0,fan|french canadian|hockey|hockey player|machinist,http://www.imdb.com/title/tt0460505/?ref_=fn_tt_tt_1,31,French,Canada,PG,8,265,7.7,2.35,520
2014,b'Swelter',Color,Keith Parmer,21,96,2,600,Josh Henderson,31000,0,Action|Crime|Drama|Thriller,Rachel Ann Mullins,1965,33858,Grant Bowler,6,police officer killed|police officer shot in the chest|police officer shot in the forehead|police officer shot in the head|police shootout,http://www.imdb.com/title/tt2112277/?ref_=fn_tt_tt_1,24,English,USA,R,8,920,4.6,0,438
2013,b'My Lucky Star',Color,Dennie Gordon,11,114,29,11,Ruby Lin,163,0.05,Action|Adventure|Comedy|Romance,Leehom Wang,322,219,Jack Kao,2,0,http://www.imdb.com/title/tt2102502/?ref_=fn_tt_tt_1,2,Chinese,China,0,0,20,5.1,2.35,81
2016,b'Mr. Church',Color,Bruce Beresford,5,104,78,189,Lucy Fry,502,0,Drama,Mckenna Grace,63,1546,Natalie Coughlin,0,0,http://www.imdb.com/title/tt4196848/?ref_=fn_tt_tt_1,5,English,USA,PG-13,8,206,8,2.35,205
1989,b'The Blood of Heroes',Color,David Webb Peoples,21,90,73,26,Joan Chen,848,0.88229,Action|Sci-Fi|Sport,Delroy Lindo,4792,1526,Anna Katarina,2,battle|blood splatter|combat|game|showdown,http://www.imdb.com/title/tt0094764/?ref_=fn_tt_tt_1,43,English,Australia,R,10,643,6.5,1.33,999
2016,b'Code of Honor',Color,Michael Winnick,15,106,155,391,Helena Mattsson,981,0,Action,Scott Takeda,662,2741,Craig Sheffer,0,gun|mayor|nightclub|police|vigilantism,http://www.imdb.com/title/tt4060866/?ref_=fn_tt_tt_1,14,English,USA,R,8,505,4.2,0,689
1989,b'Driving Miss Daisy',Color,Bruce Beresford,61,99,78,325,Jessica Tandy,11000,106.593296,Comedy|Drama|Family,Morgan Freeman,72324,12619,Patti LuPone,1,1950s|african american|jewish|old age|widow,http://www.imdb.com/title/tt0097239/?ref_=fn_tt_tt_1,134,English,USA,PG,7.5,509,7.4,1.85,3000
1997,b'Soul Food',Color,George Tillman Jr.,34,115,88,890,Mekhi Phifer,1000,43.490057,Comedy|Drama,Vanessa Williams,5275,4737,Vivica A. Fox,6,1990s|family relationships|food in title|sister|unity,http://www.imdb.com/title/tt0120169/?ref_=fn_tt_tt_1,30,English,USA,R,7.5,1000,6.9,1.85,508
2014,b'Far from Men',Color,David Oelhoffen,102,101,2,40,Reda Kateb,10000,0,Drama|War|Western,Viggo Mortensen,4035,10218,Ángela Molina,0,algerian war|based on short story|hostage|teacher|title at the end,http://www.imdb.com/title/tt2936180/?ref_=fn_tt_tt_1,19,French,France,0,7.7,154,7.3,2.35,2000
2009,b'An Education',Color,Lone Scherfig,278,100,92,221,Olivia Williams,3000,12.574715,Drama,Dominic Cooper,112138,4198,Ellie Kendrick,0,1960s|age difference|france|loss of virginity|oxford,http://www.imdb.com/title/tt1174732/?ref_=fn_tt_tt_1,237,English,UK,PG-13,4.5,766,7.3,2.35,12000
2005,b'Shopgirl',Color,Anand Tucker,124,106,14,161,Bridgette Wilson-Sampras,827,10.281585,Drama|Romance,Frances Conroy,21225,1871,Clyde Kusatsu,3,artist|depression|gloves|photography|slacker,http://www.imdb.com/title/tt0338427/?ref_=fn_tt_tt_1,268,English,USA,R,0,545,6.4,2.35,1000
1984,b'The Hotel New Hampshire',Color,Tony Richardson,9,109,62,518,Beau Bridges,584,5.1,Comedy|Drama|Romance,Joely Richardson,6595,2024,Nastassja Kinski,0,football|hotel|teenage girl|terrorist|wien,http://www.imdb.com/title/tt0087428/?ref_=fn_tt_tt_1,61,English,UK,R,7.5,552,6,1.85,345
2002,b'Narc',Color,Joe Carnahan,127,105,248,147,Chi McBride,673,10.460089,Crime|Drama|Mystery|Thriller,Jason Patric,34098,1442,Alan Van Sprang,1,blood splatter|cover up|murder|police shootout|undercover,http://www.imdb.com/title/tt0272207/?ref_=fn_tt_tt_1,214,English,USA,R,7.5,466,7.2,1.85,1000
2008,b'Witless Protection',Color,Charles Robert Carner,35,97,18,742,Jenny McCarthy,834,4.13164,Comedy|Crime,Ivana Milicevic,5463,4091,Richard Bull,2,fbi|polo|possum|sheriff|shotgun,http://www.imdb.com/title/tt1001562/?ref_=fn_tt_tt_1,20,English,USA,PG-13,7.5,749,3.1,1.85,140
2004,b'The Work and the Glory',Color,Russell Holt,6,118,0,249,Brenda Strong,373,3.347439,Drama|Romance,Eric Johnson,833,1233,Tiffany Dupont,1,1830s|baptism|intolerance|mormon church|sibling rivalry,http://www.imdb.com/title/tt0410454/?ref_=fn_tt_tt_1,33,English,USA,PG,7.5,266,6.9,0,31
2003,b'Masked and Anonymous',Color,Larry Charles,51,112,119,844,Cheech Marin,12000,0.533344,Comedy|Drama|Music,Jeff Bridges,3972,15396,Bruce Dern,0,concert|jail|journalist|revolution|singer,http://www.imdb.com/title/tt0319829/?ref_=fn_tt_tt_1,95,English,USA,PG-13,0,844,5.5,1.85,655
2001,b'Alias Betty',Color,Claude Miller,38,103,27,59,Edouard Baer,71,0.2064,Comedy|Crime|Drama|Romance|Thriller,Sandrine Kiberlain,1439,262,Roschdy Zem,0,child|criminal|death|depression|novelist,http://www.imdb.com/title/tt0269329/?ref_=fn_tt_tt_1,26,French,France,0,50,59,6.9,0,26
2012,b'Outside Bet',Color,Sacha Bennett,4,101,22,447,Jenny Agutter,5000,0,Comedy,Bob Hoskins,243,7206,Vincent Regan,3,0,http://www.imdb.com/title/tt1772422/?ref_=fn_tt_tt_1,3,English,UK,0,7.5,659,4.8,0,223
2004,b'Crash',Color,Paul Haggis,287,115,549,911,Loretta Devine,3000,54.557348,Crime|Drama|Thriller,Don Cheadle,361169,5732,Jennifer Esposito,0,race relations|racism|racist|social problem|stereotype,http://www.imdb.com/title/tt0375679/?ref_=fn_tt_tt_1,1624,English,Germany,R,6.5,912,7.9,2.35,18000
2012,b'Black November',Color,Jeta Amata,6,95,20,36,Nathin Butler,262,0,Action|Crime|Drama|Thriller,Akon,385,409,Razaaq Adoti,3,color in title|number in title|two word title,http://www.imdb.com/title/tt2147225/?ref_=fn_tt_tt_1,4,English,Nigeria,0,7.5,65,5.6,0,389
2007,b'Ta Ra Rum Pum',Color,Siddharth Anand,16,153,5,60,Mary Goggin,532,0.872643,Comedy|Family|Romance,Saif Ali Khan,2909,902,Vic Aviles,3,comeback|family relationships|marriage|new york|racer,http://www.imdb.com/title/tt0833553/?ref_=fn_tt_tt_1,37,Hindi,USA,0,6,249,5.4,0,108
2007,b'Persepolis',Color,Vincent Paronnaud,242,89,10,106,Gena Rowlands,963,4.443403,Animation|Biography|Drama|War,Catherine Deneuve,70194,1754,Danielle Darrieux,0,dream|girl|iran|islamic revolution|revolution,http://www.imdb.com/title/tt0808417/?ref_=fn_tt_tt_1,158,French,France,PG-13,7.3,545,8,1.85,14000
2008,b'The Wave',Color,Dennis Gansel,93,107,23,93,Elyas M'Barek,287,0,Drama|Thriller,Max Riemelt,80639,635,Jennifer Ulrich,0,autocracy|based on real events|dictatorship|germany|teacher,http://www.imdb.com/title/tt1063669/?ref_=fn_tt_tt_1,96,German,Germany,0,5,150,7.6,2.35,25000
1999,b'The Omega Code',Color,Robert Marcarelli,39,100,0,440,William Hootkins,488,12.610552,Action|Adventure|Fantasy|Sci-Fi|Thriller,George Coe,4682,2428,Ayla Kell,0,code|evil|false accusation|megalomaniac|torah,http://www.imdb.com/title/tt0203408/?ref_=fn_tt_tt_1,206,English,USA,PG-13,7.5,488,3.5,1.37,129
2007,b'Juno',Color,Jason Reitman,387,96,655,973,Jennifer Garner,24000,143.49284,Comedy|Drama|Romance,J.K. Simmons,414335,28817,Rainn Wilson,0,adoption|baby|friend|pregnancy|school,http://www.imdb.com/title/tt0467406/?ref_=fn_tt_tt_1,881,English,USA,PG-13,7.5,3000,7.5,1.85,10000
1972,b'The Godfather',Color,Francis Ford Coppola,208,175,0,3000,Marlon Brando,14000,134.821952,Crime|Drama,Al Pacino,1155770,28122,Robert Duvall,1,crime family|mafia|organized crime|patriarch|rise to power,http://www.imdb.com/title/tt0068646/?ref_=fn_tt_tt_1,2238,English,USA,R,6,10000,9.2,1.85,43000
2009,b'500 Days of Summer',Color,Marc Webb,331,95,464,11000,Chloë Grace Moretz,23000,32.391374,Comedy|Drama|Romance,Joseph Gordon-Levitt,376600,54075,Zooey Deschanel,43,friend|greeting card|office|summer|true love,http://www.imdb.com/title/tt1022603/?ref_=fn_tt_tt_1,494,English,USA,PG-13,7.5,17000,7.7,2.35,40000
2012,b'Magic Mike',Color,Steven Soderbergh,324,110,0,11000,Alex Pettyfer,17000,113.709992,Comedy|Drama,Channing Tatum,108843,46646,Matthew McConaughey,1,bank|male nudity|male objectification|male stripper|stripper,http://www.imdb.com/title/tt1915581/?ref_=fn_tt_tt_1,281,English,USA,R,7,15000,6.1,2.35,54000
2003,b'Darkness Falls',Color,Jonathan Liebesman,140,96,474,82,Emma Caulfield,1000,32.131483,Horror|Mystery|Thriller,Sullivan Stapleton,25870,2212,Angus Sampson,0,boy|darkness|light|tooth|tooth fairy,http://www.imdb.com/title/tt0282209/?ref_=fn_tt_tt_1,369,English,USA,PG-13,11,970,4.9,2.35,2000
2013,b'The Great Gatsby',Color,Baz Luhrmann,490,143,1000,76,Elizabeth Debicki,29000,144.812796,Drama|Romance,Leonardo DiCaprio,362933,29769,Steve Bisley,4,ingratitude|mansion|party|title appears in writing|tragedy,http://www.imdb.com/title/tt1343092/?ref_=fn_tt_tt_1,753,English,Australia,PG-13,105,509,7.3,2.35,115000
2000,b'The Claim',Color,Michael Winterbottom,71,115,187,887,Sarah Polley,14000,0.403932,Drama|Romance|Western,Milla Jovovich,5254,17104,Shirley Henderson,4,gold|gold mine|miner|railroad|surveyor,http://www.imdb.com/title/tt0218378/?ref_=fn_tt_tt_1,92,English,UK,R,20,900,6.5,2.35,141
1974,b'The Man with the Golden Gun',Color,Guy Hamilton,118,125,82,244,Hervé Villechaize,16000,21,Action|Adventure|Thriller,Christopher Lee,73950,17611,Desmond Llewelyn,3,assassin|bikini|girl in a bikini|mission|secret agent,http://www.imdb.com/title/tt0071807/?ref_=fn_tt_tt_1,258,English,UK,PG,13,387,6.8,1.66,2000
1988,b'Action Jackson',Color,Craig R. Baxley,35,96,22,794,Vanity,1000,20.257,Action|Comedy|Crime|Thriller,Bill Duke,7569,5282,Carl Weathers,2,murder|power|psychotronic|tough cop|union,http://www.imdb.com/title/tt0094612/?ref_=fn_tt_tt_1,65,English,USA,R,7,841,5.2,1.85,978
2005,b'The Descent',Color,Neil Marshall,342,100,197,159,Shauna Macdonald,513,26.005908,Adventure|Horror|Thriller,MyAnna Buring,154938,1379,Craig Conway,0,cave|expedition|friendship between women|group of friends|survival horror,http://www.imdb.com/title/tt0435625/?ref_=fn_tt_tt_1,1100,English,UK,R,3.5,239,7.2,2.35,10000
2000,b'Michael Jordan to the Max',Color,Don Kempf,14,46,0,69,Michael Jordan,13000,18.642318,Documentary|Sport,Bill Murray,1723,13448,Bob Costas,0,basketball|basketball player|character name in title|chicago bulls|imax,http://www.imdb.com/title/tt0245280/?ref_=fn_tt_tt_1,13,English,USA,0,0,366,7.5,1.44,407
1996,b'Flirting with Disaster',Color,David O. Russell,50,92,737,380,Mary Tyler Moore,718,14.891,Comedy,Lily Tomlin,15088,2240,David Patrick Kelly,3,adoption|armpit fetish|mistaken identity|new mexico|overalls,http://www.imdb.com/title/tt0116324/?ref_=fn_tt_tt_1,105,English,USA,R,7,524,6.8,1.85,824
2015,b'Dope',Color,Rick Famuyiwa,180,103,44,190,Rick Fox,637,17.474107,Comedy|Crime|Drama,Kimberly Elise,56605,1342,Kiersey Clemons,3,african american|geek|hip hop|party|tomboy,http://www.imdb.com/title/tt3850214/?ref_=fn_tt_tt_1,89,English,USA,R,7,256,7.3,2.35,23000
1999,b'In Too Deep',Color,Michael Rymer,28,95,48,826,Omar Epps,1000,14.003141,Crime|Drama|Thriller,LL Cool J,4598,4837,Nia Long,1,cunnilingus|oral sex|police|sex scene|undercover,http://www.imdb.com/title/tt0160401/?ref_=fn_tt_tt_1,29,English,USA,R,7,865,6.1,2.35,375
2012,b'Skyfall',Color,Sam Mendes,750,143,0,393,Helen McCrory,883,304.360277,Action|Adventure|Thriller,Albert Finney,522048,2039,Rory Kinnear,0,brawl|childhood home|computer cracker|intelligence agency|terrorist cell,http://www.imdb.com/title/tt1074638/?ref_=fn_tt_tt_1,1498,English,UK,PG-13,200,563,7.8,2.35,80000
1978,b'Alien Zone',Color,Sharron Miller,8,79,0,23,Elizabeth MacRae,246,0,Horror,Bernard Fox,440,345,Charles Aidman,0,affair|child murderer|mortician|strangulation|supernatural power,http://www.imdb.com/title/tt0072626/?ref_=fn_tt_tt_1,21,English,USA,PG,0.35,29,4.1,0,44
2009,b'A Serious Man',Color,Ethan Coen,341,106,1000,98,Fred Melamed,816,9.190525,Comedy|Drama,Michael Stuhlbarg,102125,1120,Peter Breitmayer,1,bar mitzvah|jewish|marital breakup|nose job|rabbi,http://www.imdb.com/title/tt1019452/?ref_=fn_tt_tt_1,324,English,USA,R,7,105,7,1.85,10000
2009,b'A Single Man',Color,Tom Ford,281,99,192,292,Teddy Sears,14000,9.166863,Drama|Romance,Colin Firth,83182,14816,Keri Lynn Pratt,2,car accident|male full back nudity|practicing a suicide|public nudity|suicide contemplation,http://www.imdb.com/title/tt1315981/?ref_=fn_tt_tt_1,247,English,USA,R,7,343,7.6,2.35,16000
2007,"b""Who's Your Caddy?""",Color,Don Michael Paul,25,93,70,442,Faizon Love,692,5.694308,Comedy|Sport,Jeffrey Jones,13815,3128,Lil' Wayne,0,2000s|golf caddy|golf course|golfer|question mark in title,http://www.imdb.com/title/tt0785077/?ref_=fn_tt_tt_1,46,English,USA,PG-13,7,585,2,1.85,446
2001,b'The Other Side of Heaven',Color,Mitch Davis,27,113,7,35,Nathaniel Lees,11000,4.720371,Adventure|Biography|Drama,Anne Hathaway,3203,11116,Miriama Smith,2,1950s|idaho|love|missionary|mormon,http://www.imdb.com/title/tt0250371/?ref_=fn_tt_tt_1,85,English,USA,PG,7,43,6.5,1.85,650
2004,b'Veer-Zaara',Color,Yash Chopra,29,189,147,397,Preity Zinta,8000,2.921738,Drama|Musical|Romance,Shah Rukh Khan,34449,9984,Anupam Kher,0,fair|pakistan|prison|rescue|stranded,http://www.imdb.com/title/tt0420332/?ref_=fn_tt_tt_1,119,Hindi,India,0,7,860,7.9,2.35,2000
1999,b'A Dog of Flanders',Color,Kevin Brodie,25,100,0,359,Cheryl Ladd,655,2.148212,Drama|Family,Bruce McGill,781,1906,Jack Warden,0,artist|box office flop|dog|drawing|flanders,http://www.imdb.com/title/tt0160216/?ref_=fn_tt_tt_1,20,English,USA,PG,7,476,6.3,1.85,157
2002,b'Auto Focus',Color,Paul Schrader,97,105,261,617,Michael McKean,783,2.062066,Biography|Crime|Drama,Ed Begley Jr.,11387,2684,Kurt Fuller,3,friendship|photography|radio|sex addict|video,http://www.imdb.com/title/tt0298744/?ref_=fn_tt_tt_1,147,English,USA,R,7,658,6.6,1.85,357
2006,b'Factory Girl',Color,George Hickenlooper,117,99,60,628,Jimmy Fallon,4000,1.654367,Biography|Drama,Hayden Christensen,18355,6526,Beth Grant,0,andy warhol|female nudity|public nudity|singer|socialite,http://www.imdb.com/title/tt0432402/?ref_=fn_tt_tt_1,106,English,USA,R,7,787,6.4,1.85,3000
2011,b'We Need to Talk About Kevin',Color,Lynne Ramsay,389,112,159,77,Siobhan Fallon Hogan,3000,1.738692,Drama|Thriller,Ezra Miller,95529,3547,Ashley Gerasimovich,0,archery|defiance|mental illness|psychopath|toilet training,http://www.imdb.com/title/tt1242460/?ref_=fn_tt_tt_1,301,English,UK,R,7,294,7.5,2.35,38000
2013,b'The Christmas Candle',Color,John Stephenson,9,100,0,149,Hans Matheson,2000,2.209479,Drama|Family,Samantha Barks,844,2909,Lesley Manville,0,angel|candle|christmas|miracle|village,http://www.imdb.com/title/tt2739338/?ref_=fn_tt_tt_1,34,English,UK,PG,0,627,5.8,0,962
2009,b'The Mighty Macs',Color,Tim Chambers,34,99,2,455,Marley Shelton,1000,1.889522,Drama|Sport,Ellen Burstyn,1119,2589,Jennifer Butler,2,basketball|catholic|coach|college|nun,http://www.imdb.com/title/tt1034324/?ref_=fn_tt_tt_1,12,English,USA,G,7,690,6.5,2.35,797
1983,"b""Losin' It""",Color,Curtis Hanson,7,100,161,172,Shelley Long,10000,0,Comedy|Drama|Family,Tom Cruise,3114,11059,Rick Rossovich,0,apostrophe in title|bare breasts|friendship between men|teen sex comedy|two word title,http://www.imdb.com/title/tt0085868/?ref_=fn_tt_tt_1,16,English,Canada,R,7,422,4.8,0,168
1977,b'March or Die',Color,Dick Richards,6,107,6,375,Terence Hill,963,1,Adventure|Drama|Romance|War,Catherine Deneuve,2215,2209,Jack O'Halloran,1,arab|bare chested male|foreign legion|french foreign legion|morocco,http://www.imdb.com/title/tt0076175/?ref_=fn_tt_tt_1,26,English,UK,PG,9,750,6.3,1.85,122
1998,b'Chairman of the Board',Color,Alex Zamm,12,95,43,611,Raquel Welch,1000,0.306715,Comedy,Taylor Negron,5143,5213,Larry Miller,1,box office flop|company|invention|roommate|surfer,http://www.imdb.com/title/tt0118836/?ref_=fn_tt_tt_1,62,English,USA,PG-13,10,788,2.3,1.85,724
2010,b'Hesher',Color,Spencer Susser,134,106,58,973,Natalie Portman,23000,0.382946,Drama,Joseph Gordon-Levitt,43965,44969,Rainn Wilson,0,bully|car|car accident|fire|vomiting,http://www.imdb.com/title/tt1403177/?ref_=fn_tt_tt_1,99,English,USA,R,7,20000,7.1,2.35,19000
2002,b'The Heart of Me',Color,Thaddeus O'Sullivan,39,96,5,52,Luke Newberry,766,0.196067,Drama|Romance,Olivia Williams,1966,1251,Eleanor Bron,3,1930s|car accident|hospital|marital rape|painter,http://www.imdb.com/title/tt0301390/?ref_=fn_tt_tt_1,25,English,UK,R,7,358,6.7,1.85,97
2010,b'The Extra Man',Color,Shari Springer Berman,104,108,30,281,Marian Seldes,474,0.453079,Comedy,Lynn Cohen,4124,2029,Dan Hedaya,4,co worker|escort|magazine|teacher|writer,http://www.imdb.com/title/tt1361313/?ref_=fn_tt_tt_1,29,English,USA,R,7,403,5.9,2.35,916
2013,b'Hard to Be a God', Black and White,Aleksey German,121,177,23,0,Yuriy Tsurilo,4,0,Drama|Sci-Fi,Leonid Yarmolnik,2518,8,Valentin Golubenko,0,fictional war|hanging|male full frontal nudity|medieval times|nudity,http://www.imdb.com/title/tt2328813/?ref_=fn_tt_tt_1,28,Russian,Russia,Not Rated,7,4,6.7,1.66,1000
2010,b'Ca$h',Color,Stephen Milburn Anderson,27,118,0,410,Mike Starr,26000,0.046451,Comedy|Crime|Thriller,Chris Hemsworth,7663,27756,Paul Sanchez,2,cash|financial problem|heist|land rover|mortgage,http://www.imdb.com/title/tt1106860/?ref_=fn_tt_tt_1,38,English,USA,R,7,854,6,1.85,694
2005,b'Wah-Wah',Color,Richard E. Grant,49,97,554,530,Julie Walters,876,0.233103,Drama,Emily Watson,2670,2544,Miranda Richardson,3,alcoholic|alcoholic father|stepmother|swaziland|unfaithful wife,http://www.imdb.com/title/tt0419256/?ref_=fn_tt_tt_1,50,English,UK,R,7,838,6.9,2.35,311
1999,b'The Boondock Saints', Black and White,Troy Duffy,100,102,78,184,David Della Rocco,12000,0,Action|Crime|Thriller,Norman Reedus,197845,12680,Bob Marley,2,fbi|fbi agent|friend|irish|mafia,http://www.imdb.com/title/tt0144117/?ref_=fn_tt_tt_1,876,English,Canada,R,7,333,7.9,2.35,16000
2014,b'Z Storm',Color,David Lam,12,92,4,4,Louis Koo,91,0,Action|Crime,Michael Wong,383,198,Stephen Au,1,0,http://www.imdb.com/title/tt3469440/?ref_=fn_tt_tt_1,1,Cantonese,Hong Kong,0,7,82,5.3,2.35,55
2012,b'Snow Queen',Color,Vladlen Barbe,10,80,0,26,Wendee Lee,99,0,Adventure|Animation|Family,Erin Fitzgerald,1159,218,Ivan Okhlobystin,1,3d,http://www.imdb.com/title/tt2243621/?ref_=fn_tt_tt_1,9,Russian,Russia,PG,7,62,5.3,0,453
2008,b'Stargate: The Ark of Truth',Color,Robert C. Cooper,18,97,49,687,Christopher Judge,878,0,Action|Adventure|Drama|Fantasy|Sci-Fi,Ben Browder,15862,4334,Julian Sands,5,2000s|evil god|space opera|stargate|wormhole,http://www.imdb.com/title/tt0942903/?ref_=fn_tt_tt_1,42,English,USA,0,0,847,7.4,1.78,389
1993,b'Dazed and Confused',Color,Richard Linklater,152,102,0,787,Adam Goldberg,14000,7.993039,Comedy,Milla Jovovich,120036,18643,Cole Hauser,1,football|hazing|high school|last day of school|pledge,http://www.imdb.com/title/tt0106677/?ref_=fn_tt_tt_1,408,English,USA,R,6.9,1000,7.7,1.85,10000
2007,b'High School Musical 2',Color,Kenny Ortega,44,111,197,578,Corbin Bleu,755,0,Comedy|Drama|Family|Music|Musical|Romance,Lucas Grabeel,39786,3009,Olesya Rulin,5,2000s|basketball|country club|lifeguard|talent show,http://www.imdb.com/title/tt0810900/?ref_=fn_tt_tt_1,162,English,USA,TV-G,7,632,4.8,1.78,586
2016,b'Two Lovers and a Bear',Color,Kim Nguyen,6,96,16,63,Justin Edward Seale,149,0,Drama|Romance,Gordon Pinsent,33,414,John Ralston,0,0,http://www.imdb.com/title/tt4412528/?ref_=fn_tt_tt_1,6,English,Canada,0,8.7,147,7.2,2.35,187
1999,b'Aimee & Jaguar',Color,Max Färberböck,63,125,4,36,Johanna Wokalek,177,0.927107,Biography|Drama|Romance|War,Heike Makatsch,5153,333,Maria Schrader,1,lesbian mother|lesbian parent|lesbian relationship|lesbian romance|lesbianism,http://www.imdb.com/title/tt0130444/?ref_=fn_tt_tt_1,51,German,Germany,0,15,66,7.3,1.85,687
2005,b'The Chumscrubber',Color,Arie Posin,74,108,3,436,John Heard,710,0.049526,Comedy|Drama,Rory Culkin,16299,2119,Tim DeKay,1,chumscrubber|death|friend|pills|school,http://www.imdb.com/title/tt0406650/?ref_=fn_tt_tt_1,129,English,USA,R,6.8,697,7,2.35,1000
2003,b'Shade',Color,Damian Nieman,25,101,0,83,Jason Cerbone,240,0.010696,Crime|Thriller,Glenn Plummer,10771,490,Mark De Alessandro,8,bar|strip club|stripper|texas hold 'em|thong,http://www.imdb.com/title/tt0323939/?ref_=fn_tt_tt_1,65,English,USA,R,6.8,83,6.4,2.35,413
2012,b'House at the End of the Street',Color,Mark Tonderai,224,101,13,261,Nolan Gerard Funk,34000,31.607598,Drama|Horror|Thriller,Jennifer Lawrence,58366,35717,Gil Bellows,1,brother sister relationship|death of sister|female protagonist|mother daughter relationship|murder,http://www.imdb.com/title/tt1582507/?ref_=fn_tt_tt_1,160,English,Canada,PG-13,6.9,924,5.6,2.35,10000
2010,b'Incendies',Color,Denis Villeneuve,226,139,777,58,Mélissa Désormeaux-Poulin,131,6.857096,Drama|Mystery|War,Lubna Azabal,80429,343,Ahmad Massad,0,brother sister relationship|family relationships|middle east|mother son relationship|twin brother and sister,http://www.imdb.com/title/tt1255953/?ref_=fn_tt_tt_1,156,French,Canada,R,6.8,66,8.2,1.85,37000
2003,"b'Remember Me, My Love'",Color,Gabriele Muccino,36,125,125,11,Silvio Muccino,60,0.223878,Comedy|Drama|Romance,Laura Morante,3548,132,Giulia Michelini,1,box office hit|dancer|sex scene|television|underage sex,http://www.imdb.com/title/tt0323807/?ref_=fn_tt_tt_1,21,Italian,Italy,R,5,29,6.5,2.35,282
2009,"b""Perrier's Bounty""",Color,Ian Fitzgibbon,54,88,11,415,Brendan Coyle,1000,0.000828,Action|Comedy|Crime|Drama|Romance|Thriller,Jim Broadbent,5133,2728,Michael McElhatton,8,burglary|estranged father|money|neighbor|thug,http://www.imdb.com/title/tt1003034/?ref_=fn_tt_tt_1,31,English,Ireland,R,0,418,6.4,2.35,663
2007,b'Elite Squad',Color,José Padilha,142,115,294,15,Fernanda Machado,585,0.00806,Action|Crime|Drama|Thriller,Wagner Moura,81644,666,André Ramiro,1,brazil|military police|police|rio de janeiro brazil|slum,http://www.imdb.com/title/tt0861739/?ref_=fn_tt_tt_1,107,Portuguese,Brazil,R,4,39,8.1,1.85,11000
2014,b'Annabelle',Color,John R. Leonetti,271,99,40,300,Annabelle Wallis,1000,84.263837,Horror|Mystery,Alfre Woodard,81699,2323,Gabriel Bateman,0,horror movie prequel|murder|paranormal activity|self sacrifice|suicide,http://www.imdb.com/title/tt3322940/?ref_=fn_tt_tt_1,291,English,USA,R,6.5,421,5.4,2.35,45000
2009,b'Bran Nue Dae',Color,Rachel Perkins,33,88,3,38,Magda Szubanski,46,0.110029,Comedy|Drama|Musical,Deborah Mailman,1388,225,Jessica Mauboy,7,australia|journey|love|priest|traveling,http://www.imdb.com/title/tt1148165/?ref_=fn_tt_tt_1,31,English,Australia,PG-13,6.5,46,6.3,2.35,479
1981,b'The Four Seasons',Color,Alan Alda,6,107,0,146,Len Cariou,804,0,Comedy|Drama,Rita Moreno,3157,1285,Sandy Dennis,2,directed by star|friendship|reference to isaac newton|skinny dipping|written and directed by cast member,http://www.imdb.com/title/tt0082405/?ref_=fn_tt_tt_1,33,English,USA,PG,0,167,7.2,1.85,337
1993,b'The Adventures of Huck Finn',Color,Stephen Sommers,14,108,208,689,Frances Conroy,876,24.103594,Adventure|Comedy|Drama|Family,Curtis Armstrong,6384,4840,Anne Heche,0,boy|lesson|mississippi river|river|slave,http://www.imdb.com/title/tt0106223/?ref_=fn_tt_tt_1,54,English,USA,PG,6.5,827,6.2,1.85,391
2006,b'Friends with Money',Color,Nicole Holofcener,111,88,132,180,Marin Hinkle,435,13.367101,Comedy|Drama|Romance,Greg Germann,19715,1140,Jake Cherry,2,friend|friendship|marital problem|money problems|nervous breakdown,http://www.imdb.com/title/tt0436331/?ref_=fn_tt_tt_1,166,English,USA,R,6.5,230,5.9,2.35,515
1999,b'Bats',Color,Louis Morneau,97,91,38,91,Bob Gunton,730,10.149779,Horror|Sci-Fi|Thriller,Leon,8294,1405,Ned Bellamy,0,animal attack|bat|creature feature|experiment|mad scientist,http://www.imdb.com/title/tt0200469/?ref_=fn_tt_tt_1,160,English,USA,PG-13,6.5,461,3.6,2.35,342
2001,b'Nowhere in Africa',Color,Caroline Link,73,141,11,8,Juliane Köhler,56,6.173485,Biography|Drama,Merab Ninidze,10672,105,Matthias Habich,0,breasts|farm|jew|kenya|tween girl,http://www.imdb.com/title/tt0161860/?ref_=fn_tt_tt_1,84,English,Germany,R,7,36,7.7,2.35,802
2011,b'Shame',Color,Steve McQueen,486,101,0,726,Nicole Beharie,13000,4.000304,Drama,Michael Fassbender,145395,15230,James Badge Dale,0,female frontal nudity|female nudity|male nudity|sex addict|sex addiction,http://www.imdb.com/title/tt1723811/?ref_=fn_tt_tt_1,375,English,UK,NC-17,6.5,898,7.3,2.35,23000
2005,b'The Work and the Glory II: American Zion',Color,Sterling Van Wagenen,4,100,0,266,Eric Johnson,1000,2.024854,Drama|Western,Emily Podleski,564,1942,Brenda Strong,2,estrangement|missouri|mormon|mormon church|mormon temple,http://www.imdb.com/title/tt0457530/?ref_=fn_tt_tt_1,21,English,USA,PG-13,6.5,373,6.6,2.35,19
2013,b'The East',Color,Zal Batmanglij,200,116,129,782,Julia Ormond,10000,2.268296,Drama|Thriller,Alexander Skarsgård,41856,13180,Jason Ritter,4,anarchist|corporation|greedy institution|vomiting|watching television,http://www.imdb.com/title/tt1869716/?ref_=fn_tt_tt_1,119,English,UK,PG-13,6.5,918,6.9,2.35,12000
2004,b'A Home at the End of the World',Color,Michael Mayer,84,97,15,874,Matt Frewer,18000,1.029017,Drama|Romance,Robin Wright,12049,21107,Sissy Spacek,2,hand job|hugging|long hair|new york city|two men one woman,http://www.imdb.com/title/tt0359423/?ref_=fn_tt_tt_1,135,English,USA,R,6.5,986,6.8,2.35,1000
2000,b'Aberdeen',Color,Hans Petter Moland,28,106,19,0,Sara-Marie Maltha,844,0.064148,Drama,Charlotte Rampling,2601,846,Stellan Skarsgård,0,death|ferry|lawyer|norway|vomiting,http://www.imdb.com/title/tt0168446/?ref_=fn_tt_tt_1,35,English,UK,0,6.5,2,7.3,1.85,260
2010,b'Tracker',Color,Ian Sharp,12,102,9,368,Jed Brophy,1000,0,Action|Adventure|Drama|Western,Ray Winstone,2892,1904,Temuera Morrison,0,one word title,http://www.imdb.com/title/tt1414378/?ref_=fn_tt_tt_1,18,English,New Zealand,R,6.5,433,6.5,2.35,830
2007,b'Control', Black and White,Anton Corbijn,183,122,210,471,Samantha Morton,845,0.871577,Biography|Drama|Music,Sam Riley,51353,2614,Alexandra Maria Lara,1,band|employment agency|singer|stage fright|suicide,http://www.imdb.com/title/tt0421082/?ref_=fn_tt_tt_1,143,English,UK,R,4.5,631,7.7,2.35,13000
1984,b'The Terminator',Color,James Cameron,204,107,0,255,Brian Thompson,2000,38.4,Action|Sci-Fi,Michael Biehn,600266,3582,Paul Winfield,1,cyborg|future war|robot|shootout in a police station|urban setting,http://www.imdb.com/title/tt0088247/?ref_=fn_tt_tt_1,692,English,UK,R,6.5,663,8.1,1.85,13000
2003,b'Good Bye Lenin!', Black and White,Wolfgang Becker,153,121,31,43,Chulpan Khamatova,65,4.063859,Drama|Romance,Florian Lukas,114407,200,Burghart Klaußner,2,coma|east germany|german democratic republic|germany|heart attack,http://www.imdb.com/title/tt0301357/?ref_=fn_tt_tt_1,225,German,Germany,R,4.8,51,7.7,1.85,11000
1978,b'Grease',Color,Randal Kleiser,124,110,116,898,Stockard Channing,1000,181.36,Musical|Romance,Olivia Newton-John,170027,5127,Sid Caesar,2,automobile racing|boyfriend girlfriend relationship|high school|wrestling|year 1959,http://www.imdb.com/title/tt0077631/?ref_=fn_tt_tt_1,350,English,USA,PG-13,6,944,7.2,2.35,13000
1986,b'Platoon',Color,Oliver Stone,120,120,0,576,Tom Berenger,40000,137.963328,Drama|War,Johnny Depp,291603,42028,Kevin Dillon,0,1960s|famous score|hero|vietnam|vietnam war,http://www.imdb.com/title/tt0091763/?ref_=fn_tt_tt_1,505,English,UK,R,6,854,8.1,1.85,9000
2001,b'The Brothers',Color,Gary Hardwick,52,106,10,578,Tatyana Ali,3000,27.457409,Comedy|Drama,Julie Benz,3198,6419,Jenifer Lewis,4,african american|commitment|friend|friendship|playboy,http://www.imdb.com/title/tt0250274/?ref_=fn_tt_tt_1,43,English,USA,R,6,685,6.3,1.85,478
1999,b'The Wood',Color,Rick Famuyiwa,18,106,44,328,Tamala Jones,865,25.047631,Comedy|Drama|Romance,Omar Epps,6585,2724,Richard T. Jones,0,flashback|friendship|public nudity|shower|wedding,http://www.imdb.com/title/tt0161100/?ref_=fn_tt_tt_1,50,English,USA,R,6,405,6.9,1.85,990
1995,b'The Usual Suspects',Color,Bryan Singer,162,106,0,574,Chazz Palminteri,18000,23.272306,Crime|Drama|Mystery|Thriller,Kevin Spacey,740918,20821,Kevin Pollak,4,criminal|dirty cop|flashback|limping|suspect,http://www.imdb.com/title/tt0114814/?ref_=fn_tt_tt_1,1182,English,USA,R,6,979,8.6,2.35,28000
1989,b'A Nightmare on Elm Street 5: The Dream Child', Black and White,Stephen Hopkins,88,89,81,92,Kelly Jo Minter,321,22.168359,Fantasy|Horror|Romance|Thriller,Lisa Wilcox,29659,584,Matthew Borlenghi,0,child|comic book|dream|murderer|nightmare,http://www.imdb.com/title/tt0097981/?ref_=fn_tt_tt_1,227,English,USA,X,8,101,5.1,1.85,1000
2008,b'The Wrestler',Color,Darren Aronofsky,391,109,0,120,John D'Leo,1000,26.236603,Drama|Sport,Mark Margolis,251349,1582,Ajay Naidu,0,heart attack|stripper|supermarket|wrestler|wrestling,http://www.imdb.com/title/tt1125849/?ref_=fn_tt_tt_1,547,English,USA,R,6,245,7.9,2.35,10000
1988,b'School Daze',Color,Spike Lee,22,121,0,182,Ossie Davis,413,14.545844,Comedy|Drama|Musical,Tisha Campbell-Martin,4756,1284,Bill Nunn,4,beauty salon|black college|college|fraternity|sorority,http://www.imdb.com/title/tt0096054/?ref_=fn_tt_tt_1,38,English,USA,R,6.5,282,5.8,1.85,624
2007,b'Daddy Day Camp',Color,Fred Savage,52,89,0,405,Brian Doyle-Murray,555,13.235267,Comedy|Family,Lochlyn Munro,12339,1752,Tamala Jones,2,competition|estranged father|skunk|summer camp|wall,http://www.imdb.com/title/tt0462244/?ref_=fn_tt_tt_1,32,English,USA,PG,6,484,2.9,1.85,256
1997,b'Mr. Nice Guy',Color,Sammo Kam-Bo Hung,63,86,472,64,Richard Norton,472,12.674183,Action|Comedy|Crime,Sammo Kam-Bo Hung,19774,773,Rachel Blakely,1,chef|cook|drugs|gang|reporter,http://www.imdb.com/title/tt0117786/?ref_=fn_tt_tt_1,70,English,Hong Kong,PG-13,0,155,6.2,2.35,355
1995,b'Tales from the Hood',Color,Rusty Cundieff,25,98,38,360,Clarence Williams III,1000,11.797927,Comedy|Horror|Thriller,Corbin Bernsen,4582,3221,David Alan Grier,0,child abuse|death|drugs|ku klux klan|police brutality,http://www.imdb.com/title/tt0114609/?ref_=fn_tt_tt_1,52,English,USA,R,6,475,6.1,1.85,985
1989,b'Halloween 5',Color,Dominique Othenin-Girard,137,96,2,120,Tamara Glynn,742,11.642254,Horror|Thriller,Donald Pleasence,22929,1308,Troy Evans,1,cat|halloween|kitten|michael myers|psychotronic,http://www.imdb.com/title/tt0097474/?ref_=fn_tt_tt_1,287,English,USA,X,3,256,5.2,1.85,926
2011,b'Bernie',Color,Richard Linklater,231,99,0,84,Brandon Smith,11000,9.203192,Comedy|Crime|Drama,Matthew McConaughey,45396,11328,Rick Dial,1,funeral|stockbroker|texas|vacation|widow,http://www.imdb.com/title/tt1704573/?ref_=fn_tt_tt_1,136,English,USA,PG-13,5,106,6.8,1.85,15000
2008,b'Dolphins and Whales 3D: Tribes of the Ocean',Color,Jean-Jacques Mantello,9,42,0,0,Daryl Hannah,844,7.518876,Adventure|Documentary|Short,Charlotte Rampling,172,844,0,0,3d in title|animal in title|digit in title|dolphin|manatee,http://www.imdb.com/title/tt0996382/?ref_=fn_tt_tt_1,5,English,UK,0,6,0,6.5,1.78,28
2012,b'The Words',Color,Brian Klugman,216,102,49,10000,Bradley Cooper,24000,11.434867,Drama|Mystery|Romance|Thriller,J.K. Simmons,59637,51355,Olivia Wilde,1,american in paris|book|love|novel|writer,http://www.imdb.com/title/tt1840417/?ref_=fn_tt_tt_1,130,English,USA,PG-13,6,14000,7.1,1.85,21000
2012,b'Casa de mi Padre',Color,Matt Piedmont,133,84,4,546,Adrian Martinez,8000,5.895238,Comedy|Western,Will Ferrell,17169,10123,Luis E. Carazo,1,absurd humor|drug lord|mexico|ranch|spaghetti western,http://www.imdb.com/title/tt1702425/?ref_=fn_tt_tt_1,70,Spanish,USA,R,6,806,5.5,2.35,9000
2011,b'The Guard',Color,John Michael McDonagh,261,96,51,28,Fionnula Flanagan,3000,5.359774,Comedy|Crime|Thriller,Don Cheadle,64794,3569,Wale Ojo,0,boat on fire|drug smuggling|fbi|fbi agent|small town,http://www.imdb.com/title/tt1540133/?ref_=fn_tt_tt_1,131,English,Ireland,R,6,482,7.3,2.35,17000
2008,b'College',Color,Deb Hagan,42,94,0,664,Alona Tal,1000,4.693919,Comedy,Drake Bell,11011,4484,Haley Bennett,0,college|face slap|high school|loss of virginity|pierced nipple,http://www.imdb.com/title/tt0844671/?ref_=fn_tt_tt_1,78,English,USA,R,6.5,1000,4.6,1.85,422
1998,b'Little Voice',Color,Mark Herman,64,97,39,286,Annette Badland,1000,4.595,Comedy|Drama|Music|Romance,Jim Broadbent,13892,2103,Brenda Blethyn,4,mother|recluse|shy|singer|talent,http://www.imdb.com/title/tt0147004/?ref_=fn_tt_tt_1,160,English,UK,R,0,497,7,1.85,915
2009,b'Miss March',Color,Zach Cregger,76,90,138,263,Windell Middlebrooks,373,4.542775,Comedy|Romance,Hugh M. Hefner,18313,1831,Raquel Alessi,2,fellatio|hugh hefner|oral sex|playboy centerfold|topless female nudity,http://www.imdb.com/title/tt1151922/?ref_=fn_tt_tt_1,73,English,USA,R,6,308,5.1,1.85,985
1999,b'Simply Irresistible',Color,Mark Tarlov,35,96,3,353,Dylan Baker,4000,4.394936,Comedy|Drama|Fantasy|Romance,Sarah Michelle Gellar,11439,5668,Lawrence Gilliard Jr.,1,chef|female chef|love|magic|restaurant,http://www.imdb.com/title/tt0145893/?ref_=fn_tt_tt_1,190,English,Germany,PG-13,6,812,5.3,2.35,901
2015,b'Goddess of Love',Color,Jon Knautz,12,93,10,34,Monda Scott,397,0,Drama|Horror|Mystery|Thriller,Rachel Alig,522,546,Alexis Kendra,0,female nudity|hallucination|sex scene|strip club|stripper,http://www.imdb.com/title/tt3432552/?ref_=fn_tt_tt_1,5,English,USA,0,0,77,5.4,2.35,84
2001,b'Novocaine',Color,David Atkins,84,95,8,15,Lynne Thigpen,244,2.025238,Comedy|Crime|Drama|Thriller,Chelcie Ross,9589,489,Polly Noonan,3,dentist|drugs|murder|sex|sunflower,http://www.imdb.com/title/tt0234354/?ref_=fn_tt_tt_1,105,English,USA,R,6,230,5.8,1.85,289
2001,b'The Business of Strangers',Color,Patrick Stettner,61,84,5,152,Tony Devon,944,1.028337,Drama|Thriller,Stockard Channing,3413,1407,Frederick Weller,2,airport|businesswoman|hotel|revenge|vegetarian,http://www.imdb.com/title/tt0270259/?ref_=fn_tt_tt_1,78,English,USA,R,0,257,6.4,1.85,29
1979,b'The Great Train Robbery', Black and White,Michael Crichton,23,110,735,20,Michael Elphick,187,0,Adventure|Crime|Drama|Thriller,Lesley-Anne Down,11623,297,Pamela Salem,2,bank|gold|key|safe|train,http://www.imdb.com/title/tt0079240/?ref_=fn_tt_tt_1,50,English,UK,PG,6,34,7,1.85,643
2002,b'Morvern Callar',Color,Lynne Ramsay,75,97,159,53,Bryan Dick,631,0.267194,Drama,Samantha Morton,6906,841,Paul Popplewell,0,breasts|cleavage|female rear nudity|girl in panties|public nudity,http://www.imdb.com/title/tt0300214/?ref_=fn_tt_tt_1,111,English,UK,R,0,104,6.7,1.85,605
1991,b'Beastmaster 2: Through the Portal of Time',Color,Sylvio Tabet,17,107,0,284,Kari Wuhrer,721,0.869325,Action|Adventure|Fantasy|Sci-Fi,Michael Berryman,2281,2000,Marc Singer,2,beast|beastmaster|psychotronic|sword and sorcery|warrior,http://www.imdb.com/title/tt0101412/?ref_=fn_tt_tt_1,16,English,USA,PG-13,6,514,3.8,1.85,125
2003,b'The Flower of Evil',Color,Claude Chabrol,60,104,324,27,Nathalie Baye,173,0.181798,Drama,Benoît Magimel,2591,282,Mélanie Doutey,5,bordeaux|election|mayor|pamphlet|political thriller,http://www.imdb.com/title/tt0322289/?ref_=fn_tt_tt_1,36,French,France,R,0,67,6.6,1.66,52
2006,b'Come Early Morning',Color,Joey Lauren Adams,36,97,781,90,Diane Ladd,596,0.11756,Drama|Romance,Tim Blake Nelson,2330,1081,Ritchie Montgomery,0,church|drink|knocking on a door|love|three word title,http://www.imdb.com/title/tt0457308/?ref_=fn_tt_tt_1,29,English,USA,R,6,206,6.2,1.85,224
2001,b'Lucky Break',Color,Peter Cattaneo,47,107,11,419,Olivia Williams,773,0.054606,Comedy|Crime|Romance,James Nesbitt,1940,2440,Peter McNamara,0,escape|prison|prison escape|sadism|solitary confinement,http://www.imdb.com/title/tt0246134/?ref_=fn_tt_tt_1,34,English,UK,PG-13,6,766,6.2,2.35,30
1977,b'Julia',Color,Fred Zinnemann,38,117,160,898,Jane Fonda,11000,0,Drama,Meryl Streep,6454,15604,Vanessa Redgrave,2,1930s|female protagonist|nazi|romantic friendship|writer,http://www.imdb.com/title/tt0076245/?ref_=fn_tt_tt_1,44,English,USA,PG,7.84,949,7.4,1.85,733
2008,"b'Surfer, Dude'",Color,S.R. Bindler,26,85,0,499,Scott Glenn,11000,0.036497,Comedy,Matthew McConaughey,7367,14599,Sarah Wright,0,barefoot|endorsement|surfboard|virtual reality|waves,http://www.imdb.com/title/tt0976247/?ref_=fn_tt_tt_1,37,English,USA,R,6,826,4.7,1.85,850
2006,b'Lake of Fire', Black and White,Tony Kaye,47,152,194,0,Pat Buchanan,103,0.023807,Documentary,Noam Chomsky,2143,105,Bill Baird,0,abortion|southern accent|title based on the bible|trial|usa,http://www.imdb.com/title/tt0841119/?ref_=fn_tt_tt_1,29,English,USA,Unrated,0,2,8.3,0,570
1994,b'Men of War',Color,Perry Lang,19,76,17,259,Kevin Tighe,636,0,Action|Drama|Thriller,Catherine Bell,2989,2152,Tim Guinee,1,cockney accent|fight|island|machismo|mercenary,http://www.imdb.com/title/tt0110490/?ref_=fn_tt_tt_1,38,English,USA,R,8.6,472,5.8,2.35,176
2009,b'Don McKay',Color,Jake Goldberger,39,87,2,99,M. Emmet Walsh,592,0,Drama|Mystery|Thriller,Pruitt Taylor Vince,2050,1227,Robert Wahlberg,1,dead body|dead body in a freezer|dead body wrapped in carpet|person in a car trunk|school janitor,http://www.imdb.com/title/tt1281374/?ref_=fn_tt_tt_1,17,English,USA,R,0,521,5.9,1.85,275
2009,b'A Shine of Rainbows',Color,Vic Sarin,37,101,24,130,Aidan Quinn,933,0,Drama|Family,Connie Nielsen,1696,1940,John Bell,2,island|love|new home|orphan|rainbow,http://www.imdb.com/title/tt1014774/?ref_=fn_tt_tt_1,19,English,Canada,PG,6,767,7.2,2.35,1000
2012,b'Trade of Innocents',Color,Christopher M. Bessette,6,88,0,57,John Billingsley,978,0.015059,Drama|Thriller,Mira Sorvino,748,1443,Trieu Tran,2,angkor wat|human trafficking|sex slavery|sex tourism,http://www.imdb.com/title/tt1772408/?ref_=fn_tt_tt_1,8,English,USA,PG-13,0,323,5.4,2.35,543
1998,b'Stiff Upper Lips',Color,Gary Sinyor,12,94,0,136,Frank Finlay,722,0.069582,Comedy,Sean Pertwee,867,1477,Samuel West,2,class conflict|edwardian era|england|sexual awakening|spoof,http://www.imdb.com/title/tt0120210/?ref_=fn_tt_tt_1,21,English,UK,R,0,338,6.4,1.85,109
2002,b'Sunshine State',Color,John Sayles,68,141,407,501,Edie Falco,688,3.064356,Drama|Romance,Miguel Ferrer,3433,2584,Timothy Hutton,6,african american|business|coastline|florida|real estate,http://www.imdb.com/title/tt0286179/?ref_=fn_tt_tt_1,81,English,USA,PG-13,5.6,659,6.9,1.85,160
2006,b'Crossover',Color,Preston A. Whitmore II,25,95,17,255,Wayne Brady,592,7.009668,Action|Sport,Wesley Jonathan,8707,2000,Eva Marcille,6,african american|basketball|basketball movie|critically bashed|tv commercial,http://www.imdb.com/title/tt0473024/?ref_=fn_tt_tt_1,36,English,USA,PG-13,5.6,378,2.1,1.85,244
2012,b'Khiladi 786',Color,Ashish R. Mohan,23,141,2,61,Mithun Chakraborty,634,0.352684,Action|Comedy,Asin,4633,1065,Johnny Lever,1,car crash|impersonating a police officer|long lost brother|marriage bureau|suitor,http://www.imdb.com/title/tt2166214/?ref_=fn_tt_tt_1,31,Hindi,India,Not Rated,0,284,4.3,0,365
2009,b'[Rec] 2',Color,Jaume Balagueró,222,85,57,6,Pablo Rosso,37,0.027024,Horror,Jonathan D. Mellor,55597,73,Andrea Ros,0,apartment|apartment building|blood sample|crucifix|zombie,http://www.imdb.com/title/tt1245112/?ref_=fn_tt_tt_1,148,Spanish,Spain,R,5.6,9,6.6,1.85,4000
2010,b'Standing Ovation',Color,Stewart Raffill,9,105,12,10,Alexis Biesiada,25,0.531806,Musical,Kayla Jackson,548,72,Kayla Raparelli,9,dance|dream|frog|philadelphia pennsylvania|snake,http://www.imdb.com/title/tt1303803/?ref_=fn_tt_tt_1,6,English,USA,PG,0,11,3.4,0,277
2013,b'Don Jon',Color,Joseph Gordon-Levitt,364,90,23000,694,Scarlett Johansson,23000,24.475193,Comedy|Drama|Romance,Joseph Gordon-Levitt,190494,44265,Tony Danza,1,camera focus on female butt|cunnilingus|new jersey|oral sex|reference to facebook,http://www.imdb.com/title/tt2229499/?ref_=fn_tt_tt_1,314,English,USA,R,3,19000,6.6,2.35,33000
2001,b'Ghost World',Color,Terry Zwigoff,122,111,72,722,Steve Buscemi,19000,6.200756,Comedy|Drama,Scarlett Johansson,96129,34106,T.J. Thyne,0,art class|diner|friend|graduation|high school,http://www.imdb.com/title/tt0162346/?ref_=fn_tt_tt_1,488,English,USA,R,7,12000,7.4,1.85,5000
1980,b'Galaxina',Color,William Sachs,24,95,14,60,Avery Schreiber,113,0,Comedy|Sci-Fi,Stephen Macht,1955,396,Angelo Rossitto,0,alien|android|fem bot|female android|stars,http://www.imdb.com/title/tt0080771/?ref_=fn_tt_tt_1,44,English,USA,R,0,110,3.4,2.35,438
2003,b'Mambo Italiano',Color,Émile Gaudreault,67,92,9,71,Luke Kirby,636,6.239558,Comedy|Drama,Paul Sorvino,5548,1033,Claudia Ferri,0,gay|immigrant|italian|police|police officer,http://www.imdb.com/title/tt0330602/?ref_=fn_tt_tt_1,67,English,Canada,R,5,210,6.7,1.85,352
2003,b'Wonderland',Color,James Cox,91,104,10,93,Louis Lombardi,715,1.056102,Crime|Drama|Mystery|Thriller,Alexis Dziena,18792,1315,Franky G,0,murder|police|police investigation|porn star|robbery,http://www.imdb.com/title/tt0335563/?ref_=fn_tt_tt_1,153,English,USA,R,5,436,6.6,1.85,1000
2001,b'Harvard Man',Color,James Toback,27,99,56,781,Eric Stoltz,4000,0.056007,Comedy|Crime|Drama|Romance|Thriller,Sarah Michelle Gellar,3754,6776,Joey Lauren Adams,3,basketball|cheerleader|college|harvard|philosophy,http://www.imdb.com/title/tt0242508/?ref_=fn_tt_tt_1,69,English,USA,R,5.5,902,4.9,2.35,113
2002,b'Irreversible',Color,Gaspar Noé,192,99,929,9,Albert Dupontel,56,0.753501,Crime|Drama|Mystery|Thriller,Philippe Nahon,87244,118,Jo Prestia,0,long take|male frontal nudity|revenge|reverse chronology|vengeance,http://www.imdb.com/title/tt0290673/?ref_=fn_tt_tt_1,664,French,France,Not Rated,0,46,7.4,2.35,13000
2013,b'R100',Color,Hitoshi Matsumoto,72,99,17,16,Hitoshi Matsumoto,31,0.02277,Comedy|Drama,Lindsay Kay Hayward,1658,81,Shinobu Terajima,0,coma|one word title|spitting|sushi|swimming pool,http://www.imdb.com/title/tt2914838/?ref_=fn_tt_tt_1,12,Japanese,Japan,Unrated,5.5,17,6.1,1.85,543
2014,b'Animals',Color,Collin Schiffli,22,90,4,290,John Heard,934,0,Drama,Kim Shaw,605,2030,David Dastmalchian,0,drug addict|drug addiction|drug use|drugs|junkie,http://www.imdb.com/title/tt3297554/?ref_=fn_tt_tt_1,8,English,USA,0,0,697,6.2,2.35,679
2011,b'Salvation Boulevard',Color,George Ratliff,48,96,3,38,Cree Kelly,472,0.027445,Action|Comedy|Drama|Thriller,Jim Gaffigan,3788,561,Mike Eshaq,5,cross|doused with gasoline|pastor|security guard|shower,http://www.imdb.com/title/tt1251743/?ref_=fn_tt_tt_1,31,English,USA,R,9,39,5.3,1.85,1000
2007,b'The Ten',Color,David Wain,65,96,136,139,Ken Marino,4000,0.766487,Comedy|Romance,Jon Hamm,15315,4883,Ron Silver,4,death|mexico|sabbath|surgeon|ten stories,http://www.imdb.com/title/tt0811106/?ref_=fn_tt_tt_1,117,English,USA,R,5.25,543,5,1.85,915
1999,b'A Room for Romeo Brass',Color,Shane Meadows,29,90,222,222,Paddy Considine,5000,0.018434,Comedy|Drama,Bob Hoskins,4471,6111,Shane Meadows,2,betrayal|family relationships|friendship|psychosis|stranger,http://www.imdb.com/title/tt0202559/?ref_=fn_tt_tt_1,47,English,UK,R,0,680,7.7,1.85,484
2011,b'Headhunters',Color,Morten Tyldum,284,100,77,27,Synnøve Macody Lund,286,1.196752,Crime|Drama|Thriller,Aksel Hennie,79353,385,Julie R. Ølgaard,3,art thief|male frontal nudity|male nudity|male star appears nude|painting,http://www.imdb.com/title/tt1614989/?ref_=fn_tt_tt_1,121,Norwegian,Norway,R,30.3,52,7.6,2.39,23000
2012,b'Grabbers',Color,Jon Wright,187,94,4,114,Richard Coyle,796,0,Comedy|Horror|Sci-Fi|Thriller,Russell Tovey,13227,1832,Bronagh Gallagher,0,bathtub|eaten alive|ferry boat|lobster trap|sprinkler system,http://www.imdb.com/title/tt1525366/?ref_=fn_tt_tt_1,70,English,UK,Not Rated,4,567,6.3,2.35,11000
2004,b'Saint Ralph',Color,Michael McGowan,47,98,12,149,Adam Butcher,393,0.795126,Comedy|Drama|Sport,Campbell Scott,4976,955,Gordon Pinsent,1,boston marathon|coma|marathon|miracles|running,http://www.imdb.com/title/tt0384488/?ref_=fn_tt_tt_1,52,English,Canada,PG-13,6,259,7.6,1.85,989
2011,b'Dum Maaro Dum',Color,Rohan Sippy,24,128,4,47,Bipasha Basu,374,0.563699,Action|Crime|Drama|Thriller,Abhishek Bachchan,3266,787,Prateik,0,airport|drugs|loss of loved one|police|title based on song,http://www.imdb.com/title/tt1618430/?ref_=fn_tt_tt_1,27,Hindi,India,R,0,282,6.2,0,421
2013,b'Insidious: Chapter 2',Color,James Wan,318,106,0,482,Barbara Hershey,852,83.574831,Fantasy|Horror|Thriller,Lin Shaye,109214,2975,Leigh Whannell,0,barricading a door|injection in leg|police detective|supernatural|taser,http://www.imdb.com/title/tt2226417/?ref_=fn_tt_tt_1,269,English,USA,PG-13,5,618,6.6,2.35,35000
2016,b'10 Cloverfield Lane',Color,Dan Trachtenberg,411,104,16,82,John Gallagher Jr.,14000,71.897215,Drama|Horror|Mystery|Sci-Fi|Thriller,Bradley Cooper,126893,14504,Sumalee Montano,0,alien|bunker|car crash|kidnapping|minimal cast,http://www.imdb.com/title/tt1179933/?ref_=fn_tt_tt_1,440,English,USA,PG-13,15,338,7.3,2.35,33000
2011,b'Paranormal Activity 3',Color,Henry Joost,251,94,24,434,Sprague Grayden,581,104.007828,Horror,Johanna Braddy,76828,2371,Christopher Nicholas Smith,0,animate object|imaginary friend|reference to macgyver|whispering|woman wearing only a man's shirt,http://www.imdb.com/title/tt1778304/?ref_=fn_tt_tt_1,314,English,USA,R,5,438,5.8,1.85,24000
2014,b'Ouija',Color,Stiles White,183,89,10,704,Shelley Hennig,852,50.82094,Fantasy|Horror,Lin Shaye,31915,5056,Daren Kagasoff,0,death of girlfriend|funeral|ghost|ouija|spirit,http://www.imdb.com/title/tt1204977/?ref_=fn_tt_tt_1,159,English,USA,PG-13,5,707,4.4,2.35,18000
2015,b'The Gift',Color,Joel Edgerton,297,108,0,458,Allison Tolman,1000,43.771291,Mystery|Thriller,Busy Philipps,79916,3215,Wendell Pierce,1,compulsive liar|fired from a job|gift|rape|substance abuse,http://www.imdb.com/title/tt4178092/?ref_=fn_tt_tt_1,279,English,USA,R,5,562,7.1,2.35,15000
2013,b'Instructions Not Included',Color,Eugenio Derbez,41,115,399,83,Jessica Lindsey,399,44.456509,Comedy|Drama,Eugenio Derbez,22105,688,Hugo Stiglitz,1,father daughter relationship,http://www.imdb.com/title/tt2378281/?ref_=fn_tt_tt_1,81,Spanish,Mexico,PG-13,5,89,7.6,1.85,14000
2012,b'Paranormal Activity 4',Color,Henry Joost,248,96,24,113,Brendon Eggertsen,235,53.884821,Horror,Matt Shively,51204,799,Alisha Boe,0,boy in a bathtub|demon|laptop computer|pulled underwater|walking in the dark,http://www.imdb.com/title/tt2109184/?ref_=fn_tt_tt_1,247,English,USA,R,5,119,4.6,1.85,26000
1975,b'The Return of the Pink Panther',Color,Blake Edwards,33,113,688,80,Herbert Lom,462,0,Comedy|Crime|Mystery,Burt Kwouk,19596,971,Catherine Schell,0,clouseau|diamond|panther|pink|pink panther,http://www.imdb.com/title/tt0072081/?ref_=fn_tt_tt_1,73,English,UK,G,5,278,7.1,2.35,620
1991,"b""Freddy's Dead: The Final Nightmare""",Color,Rachel Talalay,91,93,54,581,Tom Arnold,40000,34.872293,Comedy|Fantasy|Horror|Thriller,Johnny Depp,30765,42002,Yaphet Kotto,0,dark comedy|dream|freddy krueger|nightmare|serial murder,http://www.imdb.com/title/tt0101917/?ref_=fn_tt_tt_1,252,English,USA,R,8.5,618,4.9,1.85,963
2014,b'Paranormal Activity: The Marked Ones',Color,Christopher Landon,220,101,52,332,Gloria Sandoval,510,32.453345,Fantasy|Horror|Thriller,Richard Cabral,31791,2161,Molly Ephraim,0,apartment|blood|demonic possession|neighbor|pentagram,http://www.imdb.com/title/tt2473682/?ref_=fn_tt_tt_1,155,English,USA,R,5,358,5,1.78,10000
1980,b'The Elephant Man', Black and White,David Lynch,117,124,0,452,Anne Bancroft,12000,0,Biography|Drama,Anthony Hopkins,161972,13864,Dexter Fletcher,1,curiosity|exploitation|freak|hospital|physical deformity,http://www.imdb.com/title/tt0080678/?ref_=fn_tt_tt_1,356,English,USA,PG,5,754,8.2,2.35,9000
2013,b'Dallas Buyers Club',Color,Jean-Marc Vallée,471,117,212,896,Jennifer Garner,11000,27.296514,Biography|Drama,Matthew McConaughey,326494,17738,Denis O'Hare,0,drugs|fda|gay community|hiv|homophobia,http://www.imdb.com/title/tt0790636/?ref_=fn_tt_tt_1,340,English,USA,R,5,3000,8,2.35,65000
2000,b'Memento', Black and White,Christopher Nolan,274,113,22000,379,Thomas Lennon,716,25.530884,Mystery|Thriller,Callum Rennie,845580,1997,Jorja Fox,0,flashback|memory|murder|short term memory|telephone,http://www.imdb.com/title/tt0209144/?ref_=fn_tt_tt_1,2067,English,USA,R,9,651,8.5,2.35,40000
2013,b'Oculus',Color,Mike Flanagan,336,104,59,202,Rory Cochrane,972,27.689474,Horror|Mystery,James Lafferty,85688,2071,Garrett Ryan,0,home office|mirror|released from a mental hospital|trauma|video camera,http://www.imdb.com/title/tt2388715/?ref_=fn_tt_tt_1,339,English,USA,R,5,407,6.5,2.35,23000
2013,b'The Way Way Back',Color,Nat Faxon,276,103,214,424,Liam James,7000,21.501098,Comedy|Drama,Steve Carell,115813,8375,Jim Rash,1,awkward boy|shy kid|summer|vacation|water park,http://www.imdb.com/title/tt1727388/?ref_=fn_tt_tt_1,216,English,USA,PG-13,5,468,7.4,1.85,22000
1991,b'House Party 2',Color,George Jackson,12,94,0,287,Tisha Campbell-Martin,901,19.281235,Comedy|Drama|Music|Romance,William Schallert,3571,2523,Helen Martin,0,college|misogyny|money|new friend|party,http://www.imdb.com/title/tt0102065/?ref_=fn_tt_tt_1,11,English,USA,R,5,413,5.1,1.85,232
1999,"b""Doug's 1st Movie""",Color,Maurice Joyce,28,77,0,73,Constance Shulman,2000,19.421271,Animation|Comedy|Family,Frank Welker,2448,2908,Alice Playten,1,dance|friend|monster|reference to batman|valentine,http://www.imdb.com/title/tt0187819/?ref_=fn_tt_tt_1,18,English,USA,G,5,804,5,1.33,122
1997,b'The Apostle',Color,Robert Duvall,95,134,3000,77,Todd Allen,205,20.733485,Drama,John Beasley,11622,428,June Carter Cash,1,church|louisiana|minister|preacher|texas,http://www.imdb.com/title/tt0118632/?ref_=fn_tt_tt_1,157,English,USA,PG-13,5,130,7.2,1.85,1000
2011,b'Our Idiot Brother',Color,Jesse Peretz,179,90,37,1000,Adam Scott,11000,24.809547,Comedy|Drama,Zooey Deschanel,74875,15710,Steve Coogan,1,art model|farmer|jail|nude model|three sisters,http://www.imdb.com/title/tt1637706/?ref_=fn_tt_tt_1,115,English,USA,R,5,3000,6.4,1.85,11000
1998,b'The Players Club',Color,Ice Cube,22,104,0,498,Monica Calhoun,1000,23.03139,Comedy|Drama,Bernie Mac,4345,2868,Chrystale Wilson,9,catfight|dominatrix|rape|spanking|stripper,http://www.imdb.com/title/tt0119905/?ref_=fn_tt_tt_1,26,English,USA,R,4.5,597,5.6,1.85,575
2014,"b'As Above, So Below'",Color,John Erick Dowdle,196,93,66,161,Edwin Hodge,1000,21.197315,Horror|Mystery|Thriller,Ben Feldman,49948,1410,Perdita Weeks,0,archeologist|catacomb|found footage|paris france|philosopher's stone,http://www.imdb.com/title/tt2870612/?ref_=fn_tt_tt_1,211,English,USA,R,5,200,6.1,1.85,14000
1997,"b""Eve's Bayou""",Color,Kasi Lemmons,31,109,148,426,Lynn Whitfield,2000,14.821531,Drama,Jurnee Smollett-Bell,6915,3843,Diahann Carroll,2,doctor|louisiana|secret|title directed by female|witchcraft,http://www.imdb.com/title/tt0119080/?ref_=fn_tt_tt_1,209,English,USA,R,6,434,7.3,1.85,599
2014,b'Still Alice',Color,Richard Glatzer,309,101,25,423,Hunter Parrish,17000,18.6564,Drama,Kristen Stewart,86077,19673,Seth Gilliam,1,alzheimer's disease|bechdel test passed|linguistics professor|new york city|reference to angels in america the play,http://www.imdb.com/title/tt3316960/?ref_=fn_tt_tt_1,195,English,USA,PG-13,5,2000,7.5,1.85,45000
1989,b'Friday the 13th Part VIII: Jason Takes Manhattan',Color,Rob Hedden,129,100,6,65,Peter Mark Richman,935,14.343976,Adventure|Horror,Kane Hodder,22961,1327,Scott Reeves,0,cult film|friday the thirteenth|hockey mask|jason voorhees|murder spree,http://www.imdb.com/title/tt0097388/?ref_=fn_tt_tt_1,291,English,USA,R,5,120,4.5,1.85,1000
2002,b'My Big Fat Greek Wedding',Color,Joel Zwick,168,95,38,249,Louis Mandylor,567,241.437427,Comedy|Family|Romance,Nia Vardalos,102071,1495,Lainie Kazan,3,baptism|greek|greek restaurant|prejudice|travel agency,http://www.imdb.com/title/tt0259446/?ref_=fn_tt_tt_1,756,English,USA,PG,5,312,6.6,1.85,5000
2012,b'Spring Breakers',Color,Harmony Korine,444,94,520,192,Heather Morris,11000,14.123773,Crime|Drama,James Franco,108683,12306,Rachel Korine,4,kissing a dead body|repeated dialogue|sex in pool|spring break|twins,http://www.imdb.com/title/tt2101441/?ref_=fn_tt_tt_1,561,English,USA,R,5,892,5.3,2.35,25000
2004,b'Shaun of the Dead',Color,Edgar Wright,246,99,1000,358,Dylan Moran,605,13.464388,Comedy|Horror,Peter Serafinowicz,395921,1686,Rafe Spall,6,british horror|pub|record collection|zombie|zombie apocalypse,http://www.imdb.com/title/tt0365748/?ref_=fn_tt_tt_1,859,English,UK,R,4,427,8,2.35,19000
2008,b'The Haunting of Molly Hartley',Color,Mickey Liddell,74,82,7,664,Randy Wayne,1000,13.350177,Drama|Horror|Thriller,Jessica Lowndes,7904,4856,Haley Bennett,5,18th birthday|birthday|community center|resurrection|teenager,http://www.imdb.com/title/tt1045655/?ref_=fn_tt_tt_1,113,English,USA,PG-13,5,984,3.8,1.85,562
2015,b'No Escape',Color,John Erick Dowdle,203,103,66,13,Claire Geare,155,27.285953,Action|Thriller,Sterling Jerins,48675,259,Sahajak Boonthanakit,0,asia|fictional country|hotel|rebellion|revolution,http://www.imdb.com/title/tt1781922/?ref_=fn_tt_tt_1,214,English,USA,R,5,78,6.8,1.85,16000
2016,b'Fifty Shades of Black',Color,Michael Tiddes,59,92,89,355,Mike Epps,729,11.675178,Comedy,Fred Willard,9509,2848,Russell Peters,4,color in title|parody|reference to cuba gooding jr|reference to netflix|written by star,http://www.imdb.com/title/tt4667094/?ref_=fn_tt_tt_1,53,English,USA,R,5,706,3.5,0,11000
2009,b'Not Easily Broken',Color,Bill Duke,45,99,1000,409,Jenifer Lewis,849,10.572742,Drama|Romance,Eddie Cibrian,2326,2269,Wood Harris,1,african american protagonist|based on novel|title spoken by character,http://www.imdb.com/title/tt0795438/?ref_=fn_tt_tt_1,21,English,USA,PG-13,8,578,6.1,1.85,738
2016,b'The Perfect Match',Color,Bille Woodruff,12,96,23,503,Brandy Norwood,927,9.65837,Comedy|Romance,Donald Faison,1180,3552,Lauren London,6,0,http://www.imdb.com/title/tt4871980/?ref_=fn_tt_tt_1,9,English,USA,R,5,509,4.5,0,740
2000,b'Digimon: The Movie',Color,Mamoru Hosoda,29,82,99,44,Colleen O'Shaughnessey,93,9.628751,Action|Adventure|Animation|Family|Sci-Fi,Lara Jill Miller,5164,315,Mona Marshall,0,based on video game|box office hit|computer|digimon|internet,http://www.imdb.com/title/tt0259974/?ref_=fn_tt_tt_1,65,English,USA,PG,5,45,5.9,1.85,207
1976,b'Robin and Marian',Color,Richard Lester,27,106,44,136,Denholm Elliott,559,0,Adventure|Drama|Romance,Robert Shaw,8930,1199,Nicol Williamson,10,crusades|friar|robin hood|sheriff|sheriff of nottingham,http://www.imdb.com/title/tt0075147/?ref_=fn_tt_tt_1,90,English,USA,PG,5,249,6.6,1.85,672
2001,b'The Forsaken',Color,J.S. Cardone,56,90,23,560,Kerr Smith,847,6.755271,Horror|Thriller,Brendan Fehr,7319,3004,Izabella Miko,4,flashing breasts|hitchhiker|vampire|vampire hunter|virus,http://www.imdb.com/title/tt0245120/?ref_=fn_tt_tt_1,131,English,USA,R,5,591,5.3,1.85,327
1978,b'Force 10 from Navarone', Black and White,Guy Hamilton,22,126,82,576,Carl Weathers,11000,0,Action|Drama|War,Harrison Ford,13587,13591,Franco Nero,2,colonel|mission|partisan|spy|traitor,http://www.imdb.com/title/tt0077572/?ref_=fn_tt_tt_1,80,English,UK,PG,5,794,6.3,2.35,729
1998,b'Slums of Beverly Hills',Color,Tamara Jenkins,60,91,84,572,Kevin Corrigan,1000,5.480318,Comedy|Drama,Natasha Lyonne,9427,2691,Jessica Walter,0,flatulence|menstrual blood|nomad|nursing school|title directed by female,http://www.imdb.com/title/tt0120831/?ref_=fn_tt_tt_1,79,English,USA,R,5,778,6.6,1.85,462
2001,b'Made',Color,Jon Favreau,81,95,4000,334,Faizon Love,4000,5.308707,Comedy|Crime|Drama|Thriller,Jon Favreau,15053,5245,Jonathan Silverman,2,friendship|loudmouth|money laundering|new york city|stripper,http://www.imdb.com/title/tt0227005/?ref_=fn_tt_tt_1,165,English,USA,R,5,585,6.4,1.85,393
2009,b'Moon',Color,Duncan Jones,415,97,0,372,Matt Berry,18000,5.009677,Drama|Mystery|Sci-Fi,Kevin Spacey,260607,19404,Benedict Wong,0,computer|contract|earth|moon|solitude,http://www.imdb.com/title/tt1182345/?ref_=fn_tt_tt_1,485,English,UK,R,5,572,7.9,2.35,47000
2006,b'Keeping Up with the Steins',Color,Scott Marshall,43,90,7,701,Jami Gertz,2000,4.328294,Comedy,Miranda Cosgrove,2719,5900,Carter Jenkins,0,bar mitzvah|carried in a chair|hebrew|party|rite of passage,http://www.imdb.com/title/tt0415949/?ref_=fn_tt_tt_1,41,English,USA,PG-13,0,847,5.4,1.85,249
2010,b'Sea Rex 3D: Journey to a Prehistoric World',Color,Ronan Chapalain,7,41,0,0,Guillaume Denaiffe,55,4.074023,Documentary,Norbert Ferrer,296,55,Chloe Hollings,0,3d|imax|plesiosaur|sea|water,http://www.imdb.com/title/tt1529567/?ref_=fn_tt_tt_1,4,English,UK,0,5,0,6.9,1.78,89
1997,b'The Sweet Hereafter',Color,Atom Egoyan,120,112,460,395,Sarah Polley,990,4.306697,Drama,Bruce Greenwood,26720,2820,Simon Baker,0,anger|bus|child|lawyer|school,http://www.imdb.com/title/tt0120255/?ref_=fn_tt_tt_1,196,English,Canada,R,5,900,7.7,2.35,920
1982,b'Jekyll and Hyde... Together Again',Color,Jerry Belson,21,87,3,83,Tim Thomerson,922,0,Comedy|Music|Sci-Fi,Cassandra Peterson,881,1324,Bess Armstrong,0,breasts growing|coors light|drugs|hospital|spinning in grave,http://www.imdb.com/title/tt0084171/?ref_=fn_tt_tt_1,32,English,USA,R,5,162,6.2,0,323
1998,b'Zero Effect',Color,Jake Kasdan,81,116,52,102,Ryan O'Neal,624,1.980338,Comedy|Crime|Drama|Mystery|Thriller,Kim Dickens,12366,1209,Angela Featherstone,2,blackmail|client|private detective|private investigator|tycoon,http://www.imdb.com/title/tt0120906/?ref_=fn_tt_tt_1,151,English,USA,R,5,385,7,1.85,507
2004,b'The Machinist',Color,Brad Anderson,204,94,122,360,Jennifer Jason Leigh,23000,1.082044,Drama|Thriller,Christian Bale,281649,24994,Reg E. Cathey,0,alienation|conscience|insomnia|paranoia|urban gothic,http://www.imdb.com/title/tt0361862/?ref_=fn_tt_tt_1,458,English,Spain,R,5,1000,7.7,2.35,21000
1992,b'Light Sleeper',Color,Paul Schrader,19,103,261,145,Jane Adams,722,1.1,Crime|Drama,Dana Delany,3665,1201,David Clennon,0,bare breasts|drugs|existentialism|new york city|redemption,http://www.imdb.com/title/tt0102307/?ref_=fn_tt_tt_1,39,English,USA,R,5,280,6.8,1.85,247
2014,b'Kill the Messenger',Color,Michael Cuesta,163,112,52,688,Paz Vega,10000,2.445646,Biography|Crime|Drama|Mystery|Thriller,Jeremy Renner,32382,12897,Robert Pralgo,1,based on true story|cia|cocaine|journalist|smear campaign,http://www.imdb.com/title/tt1216491/?ref_=fn_tt_tt_1,99,English,USA,R,5,963,7,2.35,13000
2015,b'Green Room',Color,Jeremy Saulnier,322,95,57,233,Mark Webber,727,3.219029,Crime|Horror|Music|Thriller,Alia Shawkat,28845,1836,Joe Cole,0,murder|neo nazi|punk band|skinhead|suspense,http://www.imdb.com/title/tt4062536/?ref_=fn_tt_tt_1,125,English,USA,R,5,442,7.1,2.35,10000
2006,b'The Oh in Ohio',Color,Billy Kent,50,88,0,276,Tim Russ,740,0,Comedy|Drama|Romance,Liza Minnelli,5494,1665,Winter Ave Zoli,0,marriage|orgasm|school|sex|swimming,http://www.imdb.com/title/tt0422861/?ref_=fn_tt_tt_1,56,English,USA,R,5,625,5.6,2.35,255
1996,b'Albino Alligator',Color,Kevin Spacey,37,97,18000,977,Joe Mantegna,10000,0.326308,Crime|Drama|Thriller,Viggo Mortensen,6632,13718,Faye Dunaway,3,bar|box office flop|hostage|new orleans louisiana|police,http://www.imdb.com/title/tt0115495/?ref_=fn_tt_tt_1,69,English,USA,R,5,1000,6.1,2.35,225
2007,"b'Gandhi, My Father'",Color,Feroz Abbas Khan,16,136,0,14,Bhoomika Chawla,75,0.240425,Biography|Drama|History,Akshaye Khanna,1311,172,Darshan Jariwala,0,africa|hindu|india|muslim|south africa,http://www.imdb.com/title/tt0459293/?ref_=fn_tt_tt_1,25,Hindi,India,0,0,45,7.4,2.35,133
2008,b'Standard Operating Procedure',Color,Errol Morris,121,118,239,0,Megan Ambuhl Graner,6,0.22883,Crime|Documentary|War,Jeffrey Frost,3329,6,Ken Davis,0,abu ghraib|abuse|prison|slow motion|torture,http://www.imdb.com/title/tt0896866/?ref_=fn_tt_tt_1,22,English,USA,R,0,0,7.5,2.35,489
1980,b'Out of the Blue',Color,Dennis Hopper,24,94,0,51,Don Gordon,311,0,Drama,Raymond Burr,1599,498,Jim Byrnes,1,explosion|hitchhiking|punk|trauma|truck driver,http://www.imdb.com/title/tt0081291/?ref_=fn_tt_tt_1,27,English,Canada,R,2.2,59,7.2,1.85,274
2010,b'Tucker and Dale vs Evil',Color,Eli Craig,324,89,27,440,Tyler Labine,948,0.223615,Comedy|Horror,Katrina Bowden,127842,2958,Chelan Simmons,1,cabin|chainsaw|college kid|hillbilly|vacation,http://www.imdb.com/title/tt1465522/?ref_=fn_tt_tt_1,200,English,Canada,R,0,779,7.6,2.35,49000
2008,"b'Lovely, Still'",Color,Nicholas Fackler,27,90,6,940,Ellen Burstyn,3000,0.12472,Drama|Romance,Adam Scott,1560,4987,Martin Landau,0,christmas|fable|old man,http://www.imdb.com/title/tt1150947/?ref_=fn_tt_tt_1,15,English,USA,PG,5,1000,7.3,1.85,777
1998,b'Desert Blue',Color,Morgan J. Freeman,31,90,204,697,John Heard,1000,0.099147,Drama,Ethan Suplee,1884,3207,Sara Gilbert,3,cola|desert|ice cream cone|teenage girl|vomiting,http://www.imdb.com/title/tt0126261/?ref_=fn_tt_tt_1,28,English,USA,R,2,697,6.2,1.85,69
2004,b'Decoys',Color,Matthew Hastings,35,95,3,383,Marc Trottier,889,0,Comedy|Horror|Sci-Fi,Meghan Ory,4041,2984,Corey Sevier,0,breasts|campus|college|tentacle|virginity,http://www.imdb.com/title/tt0357585/?ref_=fn_tt_tt_1,66,English,Canada,R,5,680,4.6,1.85,174
2015,b'The Visit',Color,M. Night Shyamalan,371,94,0,99,Patch Darragh,432,65.06914,Horror|Thriller,Ocean James,65299,1010,Olivia DeJonge,0,farm|handheld camera|impostor|rap|rock paper scissors,http://www.imdb.com/title/tt3567288/?ref_=fn_tt_tt_1,455,English,USA,PG-13,5,309,6.2,1.85,27000
2007,b'Redacted',Color,Brian De Palma,133,90,0,15,Daniel Stewart Sherman,343,0.065087,Crime|Thriller|War,Mike Figueroa,8824,408,Kel O'Neill,0,blood splatter|iraq|murder|rape|soldier,http://www.imdb.com/title/tt0937237/?ref_=fn_tt_tt_1,108,English,USA,R,5,29,6.2,1.85,559
2004,b'Fascination',Color,Klaus Menzel,13,103,34,227,Jacqueline Bisset,811,0.016066,Mystery|Romance|Thriller,Adam Garcia,1207,1789,Alice Evans,0,death|love|marriage|secret|suspicion,http://www.imdb.com/title/tt0305632/?ref_=fn_tt_tt_1,44,English,Germany,R,5,522,3.3,2.35,40
2008,b'The Cottage',Color,Paul Andrew Williams,80,92,46,141,Doug Bradley,570,0,Comedy|Crime|Horror|Thriller,Dave Legeno,10056,1258,Georgia Groome,0,countryside|deformed|farmer|gangster|kidnapping,http://www.imdb.com/title/tt0465430/?ref_=fn_tt_tt_1,82,English,UK,Unrated,2.5,337,6.2,2.35,639
2009,b'Dead Like Me: Life After Death',Color,Stephen Herek,19,87,65,686,Callum Blue,866,0,Comedy|Drama|Fantasy,Henry Ian Cusick,10734,3724,Shenae Grimes-Beech,1,african american policeman|police|policeman|policewoman|vomiting,http://www.imdb.com/title/tt1079444/?ref_=fn_tt_tt_1,80,English,USA,R,5,738,6.1,1.78,887
2006,b'Farce of the Penguins',Color,Bob Saget,19,80,799,854,John Stamos,3000,0,Animation|Comedy,Alyson Hannigan,4322,10727,Jim Belushi,0,flatulence|march|penguin|south pole|spoof,http://www.imdb.com/title/tt0488539/?ref_=fn_tt_tt_1,47,English,USA,R,0,2000,4.2,1.85,419
2009,b'Flying By',Color,Jim Amatulli,0,90,0,483,Patricia Neal,695,0,Drama|Family|Music,Heather Locklear,215,3217,Katie Leclerc,6,0,http://www.imdb.com/title/tt1131732/?ref_=fn_tt_tt_1,2,English,USA,PG-13,0,617,4.5,0,38
2014,b'Henry & Me',Color,Barrett Esposito,3,67,0,388,Cyndi Lauper,979,0,Animation|Family,Chazz Palminteri,83,2509,Danny Aiello,2,bare butt|baseball|children|new york yankees|surrealism,http://www.imdb.com/title/tt1460798/?ref_=fn_tt_tt_1,1,English,USA,PG,10,732,6.7,0,165
2011,b'We Have Your Husband',Color,Eric Bross,0,87,49,601,Esai Morales,708,0,Crime|Drama|Thriller,Teri Polo,216,3059,Nicholas Gonzalez,1,abduction|based on true story|mexico,http://www.imdb.com/title/tt2063015/?ref_=fn_tt_tt_1,3,English,USA,TV-PG,5,699,5.5,1.78,58
2014,b'Born of War',Color,Vicky Jewson,8,109,3,126,Sofia Black-D'Elia,1000,0,Action|Drama|Thriller|War,James Frain,237,1681,Lisa Kay,3,fight|mina|murder|revenge|terrorist,http://www.imdb.com/title/tt1554921/?ref_=fn_tt_tt_1,3,English,UK,R,5,266,4.4,0,190
1977,b'Capricorn One',Color,Peter Hyams,64,130,0,826,Sam Waterston,1000,0,Action|Sci-Fi|Thriller,David Huddleston,15988,5191,Hal Holbrook,0,astronaut|hoax|journalist|mission|nasa,http://www.imdb.com/title/tt0077294/?ref_=fn_tt_tt_1,153,English,USA,PG,5,849,6.8,2.35,2000
2012,"b""Should've Been Romeo""",Color,Marc Bennett,2,0,3,723,Natasha Henstridge,975,0,Comedy|Drama,Michael Rapaport,38,4991,Costas Mandylor,15,0,http://www.imdb.com/title/tt1717210/?ref_=fn_tt_tt_1,2,English,USA,0,5,900,6.7,0,35
2015,b'Running Forever',Color,Mike Mayhall,0,88,14,668,Cody Howard,784,0,Family,David Raizor,8,3021,Martin Kove,2,0,http://www.imdb.com/title/tt4453560/?ref_=fn_tt_tt_1,0,English,USA,0,5,763,8.6,0,49
2006,b'I Served the King of England',Color,Jirí Menzel,99,113,44,4,Ivan Barnev,61,0.617228,Comedy|Drama|Romance|War,Julia Jentsch,6183,92,Milan Lasica,1,hotel|legs|lingerie|waiter|wealth,http://www.imdb.com/title/tt0284363/?ref_=fn_tt_tt_1,27,Czech,Czech Republic,R,84.45,12,7.4,1.85,1000
2011,b'The Awakening',Color,Nick Murphy,195,107,58,537,Imelda Staunton,874,0,Horror|Thriller,Isaac Hempstead Wright,46347,2363,Joseph Mawle,1,boarding school|boy|british horror|ghost|school,http://www.imdb.com/title/tt1687901/?ref_=fn_tt_tt_1,112,English,UK,R,3,579,6.5,2.35,10000
2005,b'Tristram Shandy: A Cock and Bull Story',Color,Michael Winterbottom,122,94,187,427,Shirley Henderson,1000,1.247453,Comedy|Drama,Steve Coogan,11202,3690,Dylan Moran,0,actor playing himself|battle|boots|penis|womb,http://www.imdb.com/title/tt0423409/?ref_=fn_tt_tt_1,123,English,UK,R,2.8,887,6.8,2.35,750
2011,b'Take Shelter',Color,Jeff Nichols,359,121,337,41,Shea Whigham,982,1.729969,Drama|Thriller,Katy Mixon,68211,1520,Robert Longstreet,0,ambiguous ending|firefly|mysterious event|schizophrenia|storm,http://www.imdb.com/title/tt1675192/?ref_=fn_tt_tt_1,219,English,USA,R,5,463,7.4,2.35,14000
2006,b'Driving Lessons',Color,Jeremy Brock,64,98,16,621,Julie Walters,10000,0.238774,Comedy|Drama,Rupert Grint,9611,11703,Tamsin Egerton,0,actress|coming of age|retired actress|teenage boy|vomiting,http://www.imdb.com/title/tt0446687/?ref_=fn_tt_tt_1,70,English,UK,PG-13,0,838,6.8,1.85,864
2013,b'Only God Forgives',Color,Nicolas Winding Refn,440,90,0,428,Kristin Scott Thomas,33000,0.778565,Crime|Drama,Ryan Gosling,83234,34779,Yayaying Rhatha Phongam,1,brutal cop|drug dealer|punishment|thai boxing|vengeance,http://www.imdb.com/title/tt1602613/?ref_=fn_tt_tt_1,475,English,Denmark,R,4.8,1000,5.7,1.85,30000
2005,b'Camping sauvage',Color,Christophe Ali,7,79,0,20,Isild Le Besco,226,0,Drama,Denis Lavant,262,286,Emmanuelle Bercot,0,cabin|girl fight|jealousy|sailing boat|tent,http://www.imdb.com/title/tt0451673/?ref_=fn_tt_tt_1,6,French,France,0,0,40,5.4,0,11
2011,b'Without Men',Color,Gabriela Tagliavini,4,87,20,329,Kate del Castillo,571,0,Comedy,Maria Conchita Alonso,1427,2006,Camryn Manheim,6,bare chested male|journalist|passion|pregnancy|woman in underwear,http://www.imdb.com/title/tt1547090/?ref_=fn_tt_tt_1,12,English,USA,R,4.7,345,3.2,0,491
2013,b'Barfi',Color,Shekar,1,0,0,0,Diganth,5,0,Comedy|Romance,Bhama,57,5,Dileep Raj,2,0,http://www.imdb.com/title/tt3099638/?ref_=fn_tt_tt_1,1,Kannada,India,0,0,0,7.1,0,2
2004,b'Dear Frankie',Color,Shona Auerbach,96,105,11,16,Sharon Small,18000,1.340891,Drama|Romance,Gerard Butler,18940,18105,Jack McElhone,0,boy|dock|letter|seaside|stranger,http://www.imdb.com/title/tt0377752/?ref_=fn_tt_tt_1,182,English,UK,PG-13,0,66,7.8,1.85,2000
2007,b'All Hat',Color,Leonard Farlinger,8,89,0,413,Gary Farmer,584,0,Western,Keith Carradine,436,2668,Stephen McHattie,2,contemporary west|cowboy|horse|jockey|neo western,http://www.imdb.com/title/tt0903131/?ref_=fn_tt_tt_1,8,English,Canada,R,5,580,5.3,2.35,31
2013,b'Treading Water',Color,Analeine Cal y Mayor,10,92,4,140,Douglas Smith,943,0,Comedy|Drama,Zoë Kravitz,421,1795,Kim Ly,1,0,http://www.imdb.com/title/tt2091427/?ref_=fn_tt_tt_1,3,English,Mexico,0,4.7,480,6.2,0,199
2006,b'Out of the Blue',Color,Robert Sarkies,43,100,0,3,Matthew Sunderland,109,0.000728,Crime|Drama,William Kircher,2776,122,Paul Glover,0,true crime,http://www.imdb.com/title/tt0839938/?ref_=fn_tt_tt_1,22,English,New Zealand,0,0,10,7.3,1.85,285
1996,b'Bound',Color,Lana Wachowski,120,109,0,126,Kevin Michael Richardson,3000,3.798532,Crime|Drama|Romance|Thriller,Christopher Meloni,41138,3668,Peter Spellos,0,gangster|lesbian|mafia|money|neo noir,http://www.imdb.com/title/tt0115736/?ref_=fn_tt_tt_1,208,English,USA,R,4.5,441,7.4,1.85,2000
2000,b'Requiem for a Dream',Color,Darren Aronofsky,234,102,0,167,Mark Margolis,1000,3.609278,Drama,Ellen Burstyn,573541,2235,Louise Lasser,0,addiction|diet pill|drug addiction|fast motion scene|heroin,http://www.imdb.com/title/tt0180093/?ref_=fn_tt_tt_1,1916,English,USA,R,4.5,1000,8.4,1.37,38000
1986,b'Salvador',Color,Oliver Stone,48,122,0,491,John Savage,854,0,Drama|History|Thriller|War,Jim Belushi,15175,2762,Juan Fernández,0,1980s|el salvador|political thriller|reagan administration|war journalism,http://www.imdb.com/title/tt0091886/?ref_=fn_tt_tt_1,89,English,UK,R,4.5,652,7.5,1.85,1000
2001,b'Donnie Darko',Color,Richard Kelly,283,133,219,701,Mary McDonnell,15000,0.727883,Drama|Sci-Fi|Thriller,Jake Gyllenhaal,580999,17040,James Duval,1,1980s|death|insanity|parallel universe|time travel,http://www.imdb.com/title/tt0246578/?ref_=fn_tt_tt_1,2110,English,USA,R,4.5,933,8.1,2.35,33000
1997,b'Character',Color,Mike van Diem,54,122,4,3,Fedja van Huêt,25,0.713413,Crime|Drama|Mystery,Jan Decleir,9171,48,Hans Kesting,1,bailiff|lawyer|office|police|school,http://www.imdb.com/title/tt0119448/?ref_=fn_tt_tt_1,68,Dutch,Netherlands,R,4.5,20,7.8,1.85,689
2002,b'Spun',Color,Jonas Åkerlund,92,106,68,391,Nicholas Gonzalez,835,0.410241,Comedy|Crime|Drama,Patrick Fugit,32357,2110,Debbie Harry,0,male nudity|meth|meth lab|nudity|speed freak,http://www.imdb.com/title/tt0283003/?ref_=fn_tt_tt_1,199,English,USA,R,2,601,6.8,1.85,3000
2006,b'Exiled',Color,Johnnie To,98,110,143,76,Anthony Chau-Sang Wong,155,0.049413,Action|Crime|Thriller,Simon Yam,6919,398,Josie Ho,0,baby|friendship|macau|practical joke|selfie,http://www.imdb.com/title/tt0796212/?ref_=fn_tt_tt_1,26,Cantonese,Hong Kong,R,35,96,7.3,2.35,528
2009,b'After.Life',Color,Agnieszka Wojtowicz-Vosloo,138,104,0,329,Josh Charles,14000,0.108229,Drama|Horror|Mystery|Thriller,Liam Neeson,30836,15860,Chandler Canterbury,1,breath on mirror|buried alive|engagement ring|looking at one's self in a mirror|serial killer,http://www.imdb.com/title/tt0838247/?ref_=fn_tt_tt_1,137,English,USA,R,4.5,1000,5.9,2.35,7000
2014,b'Fugly',Color,Kabir Sadanand,9,134,0,62,Sana Saeed,327,0,Drama|Thriller,Jimmy Shergill,781,496,Dimple Kapadia,4,0,http://www.imdb.com/title/tt3683702/?ref_=fn_tt_tt_1,7,Hindi,India,0,0,82,4.7,0,62
1975,"b""One Flew Over the Cuckoo's Nest""",Color,Milos Forman,149,133,869,425,Michael Berryman,888,112,Drama,Scatman Crothers,680041,2176,Louise Fletcher,0,1960s|escape|mental institution|nurse|sexuality,http://www.imdb.com/title/tt0073486/?ref_=fn_tt_tt_1,760,English,USA,R,4.4,721,8.7,1.85,32000
2015,"b""R.L. Stine's Monsterville: The Cabinet of Souls""",Color,Peter DeLuise,5,85,358,212,Dove Cameron,19000,0,Comedy,Katherine McNamara,917,20397,Braeden Lemasters,3,cabinet|carnival|halloween|soul|temptress,http://www.imdb.com/title/tt4386242/?ref_=fn_tt_tt_1,4,English,USA,PG,4.4,570,5.9,1.78,224
2016,b'Airlift',Color,Raja Menon,39,130,6,12,Sameer Ali Khan,85,0,Action|Drama|History|Thriller|War,Nimrat Kaur,30977,151,Purab Kohli,1,1990s|businessman|evacuation|historical fiction|kuwait,http://www.imdb.com/title/tt4387040/?ref_=fn_tt_tt_1,178,Hindi,India,0,4.4,26,8.5,2.35,10000
2009,b'Paa',Color,R. Balki,12,133,12,106,Abhishek Bachchan,464,0.199228,Comedy|Drama,Vidya Balan,7295,1045,Paresh Rawal,0,adult actor playing minor|politician|progeria|reference to spiderman|school,http://www.imdb.com/title/tt1532957/?ref_=fn_tt_tt_1,49,Hindi,India,0,150,374,7.2,2.35,504
2009,b'Cargo',Color,Ivan Engler,64,112,0,7,Claude-Oliver Rudolph,29,0,Mystery|Sci-Fi|Thriller,Yangzom Brauen,15780,61,Anna Katharina Schwabroh,0,23rd century|lucid dream|outer space|space travel|trapped in space,http://www.imdb.com/title/tt0381940/?ref_=fn_tt_tt_1,62,German,Switzerland,0,4.5,9,6.2,2.35,2000
2015,b'Pan',Color,Joe Wright,256,111,456,394,Cara Delevingne,20000,34.964818,Adventure|Family|Fantasy,Hugh Jackman,39975,21404,Nonso Anozie,4,1940s|child hero|fantasy world|orphan|reference to peter pan,http://www.imdb.com/title/tt3332064/?ref_=fn_tt_tt_1,186,English,USA,PG,150,559,5.8,2.35,24000
1997,b'Love and Death on Long Island',Color,Richard Kwietniowski,50,93,23,130,Maury Chaykin,471,2.542264,Comedy|Drama,Jason Priestley,3407,938,Danny Webb,1,actor|love|obsession|obsessive love|star,http://www.imdb.com/title/tt0119574/?ref_=fn_tt_tt_1,48,English,UK,PG-13,0,232,7.1,1.85,61
2003,b'Lost in Translation',Color,Sofia Coppola,265,101,0,11,Bill Murray,19000,44.566004,Drama,Scarlett Johansson,321283,32015,Catherine Lambert,0,fish out of water|japanese|loneliness|older man younger woman relationship|unlikely friendship,http://www.imdb.com/title/tt0335266/?ref_=fn_tt_tt_1,1848,English,USA,R,4,13000,7.8,1.85,17000
2014,b'Exodus: Gods and Kings',Color,Ridley Scott,314,150,0,748,María Valverde,23000,65.007045,Action|Adventure|Drama,Christian Bale,128694,26489,Ben Mendelsohn,0,egypt|exodus|moses|pharaoh|plague,http://www.imdb.com/title/tt1528100/?ref_=fn_tt_tt_1,657,English,UK,PG-13,140,892,6.1,2.35,51000
2015,b'Maggie',Color,Henry Hobson,256,95,9,428,J.D. Evermore,584,0.131175,Drama|Horror,Joely Richardson,30219,1885,David A Cole,2,father daughter relationship|playing against type|post apocalypse|protective father|zombie apocalypse,http://www.imdb.com/title/tt1881002/?ref_=fn_tt_tt_1,200,English,USA,PG-13,8.5,430,5.6,2.35,22000
1974,b'The Front Page',Color,Billy Wilder,34,105,0,116,Harold Gould,597,0,Comedy|Drama|Romance,Austin Pendleton,9007,1218,David Wayne,2,1920s|communist|escape from jail|newspaper|reporter,http://www.imdb.com/title/tt0071524/?ref_=fn_tt_tt_1,50,English,USA,PG,4,222,7.3,2.35,661
2015,b'The Boy Next Door',Color,Rob Cohen,149,91,357,326,Hill Harper,3000,35.38556,Mystery|Thriller,Ryan Guzman,27198,4807,Adam Hicks,1,adultery|argument|older woman younger man relationship|oral sex|sex scene,http://www.imdb.com/title/tt3181822/?ref_=fn_tt_tt_1,131,English,USA,R,4,465,4.6,2.35,8000
2010,b'The Kids Are All Right',Color,Lisa Cholodenko,323,106,450,712,Mia Wasikowska,14000,20.803237,Comedy|Drama,Josh Hutcherson,110616,18645,Yaya DaCosta,1,biological father|college|motorcycle|sperm|sperm donor,http://www.imdb.com/title/tt0842926/?ref_=fn_tt_tt_1,291,English,USA,R,3.5,3000,7.1,1.85,16000
1988,b'They Live',Color,John Carpenter,172,93,0,133,Peter Jason,355,13.008928,Horror|Sci-Fi|Thriller,Meg Foster,73501,837,George 'Buck' Flower,0,alien|brainwashing|construction worker|sunglasses|teleportation,http://www.imdb.com/title/tt0096256/?ref_=fn_tt_tt_1,333,English,USA,R,4,151,7.3,2.35,27000
2004,b'What the #$*! Do We (K)now!?', Black and White,William Arntz,74,109,0,428,Elaine Hendrix,847,10.941801,Comedy|Documentary|Drama|Fantasy|Mystery|Sci-Fi,Marlee Matlin,12059,2649,Armin Shimerman,0,consciousness|photographer|radical|science|scientist,http://www.imdb.com/title/tt0399877/?ref_=fn_tt_tt_1,486,English,USA,Unrated,0,670,5.4,1.85,2000
2014,b'Boyhood',Color,Richard Linklater,548,165,0,127,Lorelei Linklater,230,25.3592,Drama,Ellar Coltrane,266020,673,Libby Villari,0,12 year time span|coming of age|domestic abuse|growing up|separated parents,http://www.imdb.com/title/tt1065073/?ref_=fn_tt_tt_1,836,English,USA,R,4,193,8,1.85,92000
2001,b'The Wash',Color,DJ Pooh,27,93,69,69,Dr. Dre,522,10.097096,Comedy,Angell Conwell,5612,955,DJ Pooh,2,african american stereotype|car wash|rent|roommate|threatening telephone call,http://www.imdb.com/title/tt0290332/?ref_=fn_tt_tt_1,38,English,USA,R,4,231,4.6,1.85,842
2000,b'3 Strikes',Color,DJ Pooh,22,82,69,585,Mike Epps,939,9.821335,Comedy,Mo'Nique,1415,3354,Faizon Love,1,adult diaper|diaper|digit in title|dream|sawed off shotgun,http://www.imdb.com/title/tt0199290/?ref_=fn_tt_tt_1,10,English,USA,R,6,706,4,1.85,118
2003,b'The Cooler',Color,Wayne Kramer,157,101,47,407,Paul Sorvino,658,8.24388,Crime|Drama|Fantasy|Romance,Estella Warren,28714,3086,Shawn Hatosy,1,female pubic hair|girl in panties|leg spreading|public nudity|sex in bed,http://www.imdb.com/title/tt0318374/?ref_=fn_tt_tt_1,215,English,USA,R,3.2,636,7,2.35,762
2006,b'The Night Listener',Color,Patrick Stettner,125,81,5,710,Joe Morton,49000,7.82582,Crime|Mystery|Thriller,Robin Williams,13086,50831,Rory Culkin,0,boy|radio show|social worker|telephone|wisconsin,http://www.imdb.com/title/tt0448075/?ref_=fn_tt_tt_1,156,English,USA,R,4,780,5.9,1.85,576
1995,b'The Jerky Boys',Color,James Melkonian,10,82,7,27,William Hickey,584,7.557877,Comedy|Crime,Vincent Pastore,2129,1002,Peter Appel,0,critically bashed|mafia|police|telephone|unemployment,http://www.imdb.com/title/tt0110189/?ref_=fn_tt_tt_1,37,English,USA,R,0,246,4.6,1.85,138
2007,b'The Orphanage',Color,J.A. Bayona,300,105,171,143,Belén Rueda,382,7.159147,Drama|Mystery|Thriller,Geraldine Chaplin,120189,954,Fernando Cayo,0,dead children|ghost|missing child|orphan|orphanage,http://www.imdb.com/title/tt0464141/?ref_=fn_tt_tt_1,308,Spanish,Spain,R,3.4,273,7.5,2.35,11000
2006,"b""Let's Go to Prison""",Color,Bob Odenkirk,46,90,0,242,Chi McBride,812,4.613815,Comedy|Crime,Dylan Baker,19622,1566,Amy Hill,0,illinois|judge|male full back nudity|revenge|wine tasting,http://www.imdb.com/title/tt0454987/?ref_=fn_tt_tt_1,58,English,USA,R,0,466,6,1.85,931
2002,b'Secretary',Color,Steven Shainberg,163,104,30,296,Stephen McHattie,769,4.046737,Comedy|Drama|Romance,Jeremy Davies,67949,2251,Lesley Ann Warren,1,bdsm|employer employee relationship|hospital|mental hospital|secretary,http://www.imdb.com/title/tt0274812/?ref_=fn_tt_tt_1,390,English,USA,R,4,413,7.1,1.85,15000
2003,b'The Real Cancun',Color,Rick de Oliveira,52,96,2,0,Alan Taylor,960,3.713002,Documentary,Laura Ramsey,3611,972,Benjamin Fletcher,1,cancun mexico|mexico|spring break|vacation|wisconsin,http://www.imdb.com/title/tt0360916/?ref_=fn_tt_tt_1,62,English,USA,R,8,12,2.7,1.85,131
1988,b'Talk Radio',Color,Oliver Stone,40,110,0,237,Zach Grenier,721,3.468572,Drama,Michael Wincott,10073,1966,Bill Johnson,0,listener|neo nazi|radio|radio station|radio talk show,http://www.imdb.com/title/tt0096219/?ref_=fn_tt_tt_1,78,English,USA,R,4,246,7.3,1.85,816
1999,b'Love Stinks',Color,Jeff Franklin,45,94,24,545,Tyra Banks,834,2.8,Comedy,Ivana Milicevic,4377,2662,Bridgette Wilson-Sampras,3,black comedy|marriage|marriage proposal|not taking no for an answer|obsessive woman,http://www.imdb.com/title/tt0188863/?ref_=fn_tt_tt_1,85,English,USA,R,4,625,5.8,1.85,309
2007,b'You Kill Me',Color,John Dahl,121,93,131,90,Aaron Hughes,497,2.426851,Comedy|Crime|Romance|Thriller,Philip Baker Hall,16224,776,Jayne Eastwood,1,alcoholic|buffalo new york|claim in title|embalming|mortuary,http://www.imdb.com/title/tt0796375/?ref_=fn_tt_tt_1,76,English,USA,R,4,113,6.5,2.55,830
2005,b'Thumbsucker',Color,Mike Mills,114,96,101,71,Lou Taylor Pucci,730,1.325073,Comedy|Drama,Kelli Garner,18762,1208,Nancy O'Dell,0,attention deficit disorder|debate|drugs|psychologist|school,http://www.imdb.com/title/tt0318761/?ref_=fn_tt_tt_1,91,English,USA,R,4,394,6.6,2.35,708
2011,b'Red State',Color,Kevin Smith,270,88,0,939,Michael Angarano,1000,0,Action|Crime|Horror|Thriller,Anna Gunn,53342,4777,Stephen Root,0,atf agent|ball gag|cult leader|pastor|pretending to be dead,http://www.imdb.com/title/tt0873886/?ref_=fn_tt_tt_1,287,English,USA,R,4,947,6.2,1.85,16000
2011,b'Samsara',Color,Ron Fricke,115,102,330,0,Balinese Tari Legong Dancers,48,2.601847,Documentary|Music,Collin Alfredo St. Dic,22457,48,Puti Sri Candra Dewi,0,hall of mirrors|mont saint michel france|palace of versailles|turkey the country|yellowstone national park,http://www.imdb.com/title/tt0770802/?ref_=fn_tt_tt_1,69,None,USA,PG-13,4,0,8.5,2.35,26000
1987,b'The Barbarians',Color,Ruggero Deodato,15,87,101,324,Eva LaRue,721,0.8,Adventure|Fantasy,Michael Berryman,2308,1700,Richard Lynch,0,bare breasts|comic relief|dragon|gladiator|harem,http://www.imdb.com/title/tt0092615/?ref_=fn_tt_tt_1,35,English,USA,R,4,576,4.8,1.85,550
2015,b'Zipper',Color,Mora Stephens,35,103,5,842,Alexandra Breckenridge,1000,0,Drama|Thriller,Ray Winstone,4091,3408,Elena Satine,0,escort|f word|no opening credits|one word title|prosecutor,http://www.imdb.com/title/tt3346224/?ref_=fn_tt_tt_1,20,English,USA,R,4.5,1000,5.7,2.35,987
2002,b'Poolhall Junkies',Color,Mars Callahan,41,99,60,444,Ricky Schroder,979,0.562059,Drama|Thriller,Chazz Palminteri,8535,3130,Ernie Reyes Jr.,4,beating|hustler|jail|money|revenge,http://www.imdb.com/title/tt0273982/?ref_=fn_tt_tt_1,113,English,USA,R,4,665,7,1.85,872
1999,b'The Loss of Sexual Innocence',Color,Mike Figgis,31,106,81,687,Saffron Burrows,2000,0.399793,Drama,Kelly Macdonald,2877,4343,Julian Sands,0,1950s|italian|murder|tunisia|vomiting,http://www.imdb.com/title/tt0126859/?ref_=fn_tt_tt_1,70,English,USA,R,4,811,5.4,1.78,111
2012,b'Holy Motors',Color,Leos Carax,332,115,227,226,Leos Carax,690,0,Drama|Fantasy,Kylie Minogue,29440,1298,Denis Lavant,0,boudoir|death|insanity|male full frontal nudity|penis,http://www.imdb.com/title/tt2076220/?ref_=fn_tt_tt_1,110,French,France,Not Rated,0,227,7.1,1.85,12000
2013,b'Joe',Color,David Gordon Green,232,117,234,221,Tye Sheridan,12000,0.371897,Drama,Nicolas Cage,36494,13607,Ronnie Gene Blevins,2,alcoholic|cigarette smoking|father son relationship|teenage boy|woods,http://www.imdb.com/title/tt2382396/?ref_=fn_tt_tt_1,118,English,USA,R,4,1000,6.9,2.35,11000
1997,b'Shooting Fish',Color,Stefan Schwartz,43,99,13,159,Dan Futterman,419,0.302204,Comedy|Crime|Romance,Peter McNamara,6705,975,Ralph Ineson,3,con artist|money|orphan|scam|secretary,http://www.imdb.com/title/tt0120122/?ref_=fn_tt_tt_1,53,English,UK,PG,3,254,6.6,2.35,167
1987,b'Prison',Color,Renny Harlin,68,102,212,195,Lane Smith,10000,0.354704,Crime|Drama|Horror|Thriller,Viggo Mortensen,2705,11083,Hal Landon Jr.,0,electric chair|haunting|prison|prisoner|revenge,http://www.imdb.com/title/tt0095904/?ref_=fn_tt_tt_1,38,English,USA,R,1.3,633,5.9,1.85,314
2000,b'Psycho Beach Party',Color,Robert Lee King,51,85,0,209,Kathleen Robertson,945,0.265107,Comedy|Horror|Mystery,Lauren Ambrose,4617,2282,Beth Broderick,1,cliche|exchange student|slasher|spoof|surfing,http://www.imdb.com/title/tt0206226/?ref_=fn_tt_tt_1,93,English,Australia,Unrated,1.5,774,6.3,1.85,614
1999,b'The Big Tease',Color,Kevin Allen,33,86,8,428,Frances Fisher,759,0.185577,Comedy,Craig Ferguson,2133,2805,Mary McCormack,1,competition|fake documentary|hairdresser|nudity|reference to liberace,http://www.imdb.com/title/tt0156639/?ref_=fn_tt_tt_1,31,English,UK,R,4,638,6.3,1.85,182
2010,b'Trust',Color,David Schwimmer,109,106,0,67,Jordan Trovillion,617,0.058214,Crime|Drama|Thriller,Noah Emmerich,34224,916,Zoe Levin,0,counselor|fbi|revenge motive|school|teenage girl,http://www.imdb.com/title/tt1529572/?ref_=fn_tt_tt_1,137,English,USA,R,9.5,163,7,2.35,10000
2000,b'An Everlasting Piece',Color,Barry Levinson,34,103,272,70,Brían F. O'Byrne,736,0.075078,Comedy,Anna Friel,1398,1403,Pauline McLynn,4,alopecia|belfast northern ireland|ireland|irish republican army|scalper,http://www.imdb.com/title/tt0218182/?ref_=fn_tt_tt_1,26,English,USA,R,14,450,6.3,1.85,132
1998,b'Among Giants',Color,Sam Miller,31,93,12,15,Alan Williams,578,0.064359,Comedy|Romance,Rachel Griffiths,811,643,Rob Jarvis,1,australian|female armpit hair|friend|sheffield|yorkshire,http://www.imdb.com/title/tt0122906/?ref_=fn_tt_tt_1,26,English,UK,R,2.5,29,5.9,0,108
1998,b'The Velocity of Gary',Color,Dan Ireland,19,100,137,476,Danny Arroyo,4000,0,Comedy|Drama|Romance,Salma Hayek,1555,5796,Olivia d'Abo,0,dying|hospital|parenthesis in title|punctuation in title|tears,http://www.imdb.com/title/tt0120878/?ref_=fn_tt_tt_1,40,English,USA,R,4,575,5,2.35,98
1997,b'The Last Time I Committed Suicide',Color,Stephen Kay,12,92,19,599,Marg Helgenberger,18000,0.012836,Biography|Drama,Keanu Reeves,1686,20135,Gretchen Mol,1,1940s|female bare foot|picket fence|tire|vomiting,http://www.imdb.com/title/tt0119502/?ref_=fn_tt_tt_1,28,English,USA,R,4,759,5.8,1.85,161
2014,b'Futuro Beach',Color,Karim Aïnouz,70,106,19,9,Clemens Schick,585,0.020262,Drama,Wagner Moura,1738,629,Jesuíta Barbosa,2,gay|male frontal nudity|male nudity|male rear nudity|nudity,http://www.imdb.com/title/tt2199543/?ref_=fn_tt_tt_1,10,Portuguese,Brazil,Unrated,4,29,6.1,2.35,278
2011,b'Another Happy Day',Color,Sam Levinson,46,119,8,2000,Ezra Miller,3000,0,Comedy|Drama,George Kennedy,3297,10984,Demi Moore,4,countryside|marriage|maryland|usa|wedding,http://www.imdb.com/title/tt1719071/?ref_=fn_tt_tt_1,42,English,USA,R,4,3000,6,2.35,798
2003,b'Nothing',Color,Vincenzo Natali,38,90,165,150,Angelo Tsarouchas,686,0,Comedy|Fantasy,David Hewlett,5137,1298,Marie-Josée Croze,0,imagination|one word title|part animation|surrealism|virtual reality,http://www.imdb.com/title/tt0298482/?ref_=fn_tt_tt_1,50,English,Canada,R,0,246,6.3,2.35,688
2013,b'The Geographer Drank His Globe Away',Color,Aleksandr Veledinskiy,8,120,0,22,Elena Lyadova,114,0,Adventure|Drama,Konstantin Khabenskiy,2488,183,Eugenia Khirivskaya,0,rafting|russia|school|student|teacher,http://www.imdb.com/title/tt3155604/?ref_=fn_tt_tt_1,3,Russian,Russia,0,4,45,7.5,0,282
2012,b'Inescapable',Color,Ruba Nadda,36,93,55,5,Bonnie Lee Bouman,223,0.004063,Drama|Mystery|Romance|Thriller,Saad Siddiqui,2086,242,Fadia Nadda,3,0,http://www.imdb.com/title/tt1844203/?ref_=fn_tt_tt_1,20,English,Canada,R,4,11,5.2,2.35,657
2007,b'Purple Violets',Color,Edward Burns,6,103,0,183,Rosemarie DeWitt,650,0,Comedy|Drama|Romance,Debra Messing,2727,1585,Peter Jacobson,5,directed by star|written and directed by cast member,http://www.imdb.com/title/tt0491109/?ref_=fn_tt_tt_1,19,English,USA,0,4,536,6.6,1.85,296
2012,b'No Vacancy',Color,Chris Stokes,14,81,548,104,Rachel Sterling,166,0,Horror,Kristen Quintrall,1561,609,Black Thomas,0,motel|psychopath|psychopathic killer|road trip|vomiting,http://www.imdb.com/title/tt1854582/?ref_=fn_tt_tt_1,21,English,USA,R,4,134,4.2,0,531
2012,b'How to Fall in Love',Color,Mark Griffiths,3,84,4,271,Gina Holden,637,0,Comedy|Romance,Eric Mabius,1929,1932,Brooke D'Orsay,2,0,http://www.imdb.com/title/tt2395247/?ref_=fn_tt_tt_1,4,English,USA,TV-G,4,346,6.3,1.78,170
2014,b'The Perfect Wave',Color,Bruce Macdonald,3,94,103,111,Cheryl Ladd,544,0,Adventure|Biography|Drama|Romance,Rachel Hendrix,724,1150,Diana Vickers,1,boyfriend girlfriend relationship|friend|praying|surfing|wave,http://www.imdb.com/title/tt2414822/?ref_=fn_tt_tt_1,15,English,South Africa,PG,4,476,4.7,0,365
1976,b'Network',Color,Sidney Lumet,161,121,0,682,Faye Dunaway,3000,0,Drama|Romance,Robert Duvall,103493,5987,William Holden,0,media|monologue|television|television network|television news,http://www.imdb.com/title/tt0074958/?ref_=fn_tt_tt_1,317,English,USA,R,3.8,977,8.1,1.85,17000
2009,b'Down for Life',Color,Alan Jacobs,1,92,2,601,Laz Alonso,881,0,Drama,Snoop Dogg,257,3229,Nicholas Gonzalez,3,latina|south central los angeles,http://www.imdb.com/title/tt1056477/?ref_=fn_tt_tt_1,6,English,USA,R,0,826,7.3,1.85,237
2010,b'Four Lions',Color,Christopher Morris,246,97,69,106,Riz Ahmed,414,0.304137,Comedy|Crime|Drama,Kayvan Novak,55982,1269,Alex Macqueen,0,accidental shooting|bird|crow|exploding animal|muslim,http://www.imdb.com/title/tt1341167/?ref_=fn_tt_tt_1,148,English,UK,R,0,365,7.3,1.85,17000
2005,b'House of Sand',Color,Andrucha Waddington,42,115,6,24,Seu Jorge,119,0,Drama,Fernanda Montenegro,2650,222,Fernanda Torres,1,1910s|desert|dunes|goat|slave,http://www.imdb.com/title/tt0373747/?ref_=fn_tt_tt_1,35,Portuguese,Brazil,R,8,69,7.5,2.35,385
2011,b'Unknown',Color,Jaume Collet-Serra,349,113,174,767,Frank Langella,14000,61.094903,Action|Mystery|Thriller,Liam Neeson,210548,17151,Aidan Quinn,3,agriculture|airport|amnesia|nurse|scientist,http://www.imdb.com/title/tt1401152/?ref_=fn_tt_tt_1,332,English,UK,PG-13,30,902,6.9,2.35,29000
1980,b'Airplane!',Color,Jim Abrahams,134,88,104,318,Lloyd Bridges,628,83.4,Comedy,Peter Graves,160281,2726,Barbara Billingsley,0,air traffic controller|airplane|airport|pilot|spoof,http://www.imdb.com/title/tt0080339/?ref_=fn_tt_tt_1,427,English,USA,PG,3.5,575,7.8,1.85,16000
2015,b'Chain of Command',Color,Kevin Carraway,11,88,2,6,Max Ryan,2000,0,Action|Thriller,Michael Jai White,801,2886,Jon Osbeck,3,army|michael jai white|ohio|steve austin,http://www.imdb.com/title/tt4340720/?ref_=fn_tt_tt_1,14,English,USA,R,5,872,3.5,1.33,358
1995,b'Friday', Black and White,F. Gary Gray,20,97,473,624,John Witherspoon,826,27.9,Comedy|Drama,Nia Long,74626,3455,Tony Cox,1,bully|drug dealer|first part|neighbor|neighborhood,http://www.imdb.com/title/tt0113118/?ref_=fn_tt_tt_1,157,English,USA,R,3.5,723,7.3,1.85,8000
1987,b'Creepshow 2',Color,Michael Gornick,95,85,10,178,Holt McCallany,3000,14,Comedy|Fantasy|Horror|Thriller,George Kennedy,15956,3617,Dorothy Lamour,0,anthology|hit and run|hit by a car|living statue|melting woman,http://www.imdb.com/title/tt0092796/?ref_=fn_tt_tt_1,118,English,USA,R,3.5,273,6,1.85,1000
1970,b'The Ballad of Cable Hogue',Color,Sam Peckinpah,31,121,541,242,Jason Robards,575,0,Comedy|Drama|Romance|Western,Slim Pickens,6350,1970,L.Q. Jones,2,desert|partner|prostitute|stagecoach|water,http://www.imdb.com/title/tt0065446/?ref_=fn_tt_tt_1,62,English,USA,R,3.716946,372,7.3,1.85,357
2015,b'The Witch',Color,Robert Eggers,425,92,22,159,Kate Dickie,648,25.138292,Horror|Mystery,Julian Richings,66483,1122,Ralph Ineson,0,black magic|goat|isolation|naked woman|witch,http://www.imdb.com/title/tt4263482/?ref_=fn_tt_tt_1,452,English,USA,R,3.5,191,6.8,1.66,43000
1998,b'I Got the Hook Up',Color,Michael Martin,19,93,0,78,Master P,625,10.305534,Comedy,Joe Estevez,1721,987,Anthony Johnson,2,friend|obscenity|scam|vacant lot|van,http://www.imdb.com/title/tt0131436/?ref_=fn_tt_tt_1,38,English,USA,R,3.5,118,3.9,1.85,280
1996,"b""She's the One""",Color,Edward Burns,43,96,0,111,Frank Vincent,385,9.449219,Comedy|Drama|Romance,John Mahoney,13949,995,Michael McGlone,2,claim in title|infidelity|irish american|love|sex,http://www.imdb.com/title/tt0117628/?ref_=fn_tt_tt_1,98,English,USA,R,3.5,356,6.1,1.85,453
2009,b'The Secret in Their Eyes',Color,Juan José Campanella,262,129,195,50,Soledad Villamil,827,20.167424,Drama|Mystery|Thriller,Ricardo Darín,131831,1044,Guillermo Francella,0,investigation|justice|murder|suspect|tension,http://www.imdb.com/title/tt1305806/?ref_=fn_tt_tt_1,231,Spanish,Argentina,R,2,88,8.2,2.35,33000
1985,b'Day of the Dead',Color,George A. Romero,184,87,0,83,John Amplas,1000,0,Horror,Greg Nicotero,49672,1592,Joseph Pilato,1,bunker|experiment|military|research|scientist,http://www.imdb.com/title/tt0088993/?ref_=fn_tt_tt_1,419,English,USA,Unrated,3.5,177,7.2,1.85,3000
2008,b'Train',Color,Gideon Raff,33,94,47,108,Gloria Votsis,430,0,Horror|Thriller,Gideon Emery,4790,836,Derek Magyar,1,blood splatter|heart ripped out|jock strap|train|vomiting,http://www.imdb.com/title/tt1015474/?ref_=fn_tt_tt_1,52,English,USA,R,0,209,4.8,1.85,804
2013,b'Sharknado',Color,Anthony C. Ferrante,139,97,48,689,John Heard,984,0,Horror,Ian Ziering,34532,3075,Cassandra Scerbo,0,cult film|hurricane|school bus|shark|shark feature,http://www.imdb.com/title/tt2724064/?ref_=fn_tt_tt_1,236,English,USA,TV-14,1,697,3.3,1.78,93000
1998,b'La otra conquista',Color,Salvador Carrasco,39,106,22,10,Zaide Silvia Gutiérrez,174,0.88641,Drama|History,Elpidia Carrillo,1024,222,Damián Delgado,0,1520s|aztec|indian|spanish colonization|spanish conquest,http://www.imdb.com/title/tt0175996/?ref_=fn_tt_tt_1,494,Spanish,Mexico,R,3.5,16,6.8,1.85,140
2010,b'Trollhunter',Color,André Øvredal,337,103,12,4,Johanna Mørck,29,0.252652,Comedy|Drama|Fantasy|Horror,Otto Jespersen,54104,44,Glenn Erland Tosterud,0,bear|cameraman|hunter|secret government agency|troll,http://www.imdb.com/title/tt1740707/?ref_=fn_tt_tt_1,199,Norwegian,Norway,PG-13,19.9,4,7,1.85,38000
2006,b'Ira & Abby',Color,Robert Cary,30,101,0,681,Fred Willard,827,0.220234,Comedy|Romance,Frances Conroy,1950,3574,Kevin Sussman,3,erectile dysfunction|mugger|mugging|subway robbery|therapy,http://www.imdb.com/title/tt0480251/?ref_=fn_tt_tt_1,24,English,USA,R,3.5,729,6.5,1.85,360
2012,b'The Watch',Color,Akiva Schaffer,265,102,82,536,Nicholas Braun,622,34.350553,Action|Comedy|Sci-Fi,Will Forte,104072,2486,Rosemarie DeWitt,4,alien|escape|manager|neighborhood watch|ohio,http://www.imdb.com/title/tt1298649/?ref_=fn_tt_tt_1,207,English,USA,R,68,591,5.7,2.35,15000
2005,b'Winter Passing',Color,Adam Rapp,50,98,9,405,Will Ferrell,11000,0.101228,Comedy|Drama,Zooey Deschanel,7228,20009,Dallas Roberts,4,love|michigan|musician|novelist|student,http://www.imdb.com/title/tt0380817/?ref_=fn_tt_tt_1,53,English,USA,R,3.5,8000,6.4,1.85,414
2004,b'D.E.B.S.',Color,Angela Robinson,50,91,23,660,Geoff Stults,4000,0.096793,Action|Comedy|Romance,Jordana Brewster,12188,6380,Scoot McNairy,3,1959 cadillac|diamonds|female villain|force field|voyeurism,http://www.imdb.com/title/tt0367631/?ref_=fn_tt_tt_1,135,English,USA,PG-13,3.5,756,5.3,2.35,1000
2008,b'The Betrayed',Color,Amanda Gusack,15,98,0,31,Christian Campbell,368,0,Crime|Drama|Mystery|Thriller,Alice Krige,1634,668,Blaine Anderson,0,blood splatter|ski mask|stolen money|vomiting|warehouse,http://www.imdb.com/title/tt1074191/?ref_=fn_tt_tt_1,11,English,USA,0,3.5,168,6.1,1.85,127
1998,b'Taxman',Color,Avi Nesher,5,104,6,467,Elizabeth Berkley,922,0,Action|Comedy|Crime|Thriller,Fisher Stevens,372,2406,Robert Townsend,6,bar|box office flop|dance|one word title|voice over narration,http://www.imdb.com/title/tt0138862/?ref_=fn_tt_tt_1,20,English,USA,R,1,893,5.5,1.37,18
2009,b'2:13',Color,Charles Adelman,4,96,0,460,Kevin Pollak,708,0,Horror|Thriller,Teri Polo,961,2307,Jere Burns,0,death|forensic|murder|profiler|serial killer,http://www.imdb.com/title/tt1002561/?ref_=fn_tt_tt_1,12,English,USA,0,3.5,574,4.8,2.35,211
2013,"b'Batman: The Dark Knight Returns, Part 2'",Color,Jay Oliva,44,148,41,739,Mark Valley,2000,0,Action|Animation|Crime|Sci-Fi|Thriller,Michael Emerson,30434,5526,Grey Griffin,0,batman|joker|mutant|tattoo on breast|the joker,http://www.imdb.com/title/tt2166834/?ref_=fn_tt_tt_1,55,English,USA,PG-13,3.5,774,8.4,0,5000
2015,b'Time to Choose',Color,Charles Ferguson,6,100,117,0,Jerry Brown,21,0.029233,Documentary,Jane Goodall,75,24,Peter Agnefjall,0,0,http://www.imdb.com/title/tt5001130/?ref_=fn_tt_tt_1,2,English,USA,0,3.5,3,7,0,121
2014,b'In the Name of the King: The Last Job',Color,Uwe Boll,17,86,892,50,Shelly Varod,603,0,Action|Adventure|Fantasy|Thriller,Bashar Rahal,1285,854,Ralitsa Paskaleva,1,castle|dragon|kidnapping|satire|sword and sorcery,http://www.imdb.com/title/tt2379386/?ref_=fn_tt_tt_1,10,English,Canada,R,3.5,145,3.3,1.78,721
2014,b'Wicked Blood',Color,Mark Young,7,92,14,597,Jake Busey,2000,0,Action|Crime|Drama|Thriller,Alexa PenaVega,1928,3854,Lew Temple,2,chess|drugs|love|meth|pawn,http://www.imdb.com/title/tt2761578/?ref_=fn_tt_tt_1,10,English,USA,Not Rated,3.5,660,5.4,1.85,482
2014,b'Dawn Patrol',Color,Daniel Petrie Jr.,9,88,19,322,Jeff Fahey,795,0,Drama|Thriller,Chris Brochu,455,2497,Rita Wilson,0,desert|held at gunpoint|marine|revenge|sex on table,http://www.imdb.com/title/tt2073661/?ref_=fn_tt_tt_1,13,English,0,0,3.5,535,4.8,2.35,570
2014,b'Lords of London',Color,Antonio Simoncini,3,90,0,37,Joe Egan,1000,0,Crime|Mystery|Thriller,Ray Winstone,610,1183,Glen Murphy,1,gang leader|italian woman|period piece|purgatory|suicide,http://www.imdb.com/title/tt1800337/?ref_=fn_tt_tt_1,18,English,UK,R,3.44,53,3.1,2.35,606
2011,b'Margin Call',Color,J.C. Chandor,290,107,78,969,Demi Moore,18000,5.354039,Biography|Drama|Thriller,Kevin Spacey,92599,22834,Ashley Williams,8,capital management|financial crisis|financial disaster|investment fraud|management,http://www.imdb.com/title/tt1615147/?ref_=fn_tt_tt_1,225,English,USA,R,3.5,2000,7.1,1.85,21000
2011,b'August',Color,Eldar Rapaport,10,99,0,43,Adrian Gonzalez,141,0,Drama|Romance,Murray Bartlett,1262,320,Edward Conna,1,apartment|gay parent|job interview|male pubic hair|pubic hair,http://www.imdb.com/title/tt1753460/?ref_=fn_tt_tt_1,13,English,USA,Not Rated,0,69,6.1,2.35,224
2014,b'Whiplash',Color,Damien Chazelle,535,107,141,535,Melissa Benoist,24000,13.092,Drama|Music,J.K. Simmons,399138,26495,Chris Mulkey,0,conservatory|drummer|emotional abuse|music school|obsession,http://www.imdb.com/title/tt2582802/?ref_=fn_tt_tt_1,731,English,USA,R,3.3,970,8.5,2.4,129000
2002,b'City of God',Color,Fernando Meirelles,214,135,353,40,Seu Jorge,1000,7.563397,Crime|Drama,Alice Braga,533200,1211,Alexandre Rodrigues,0,coming of age|male frontal nudity|male nudity|photographer|slum,http://www.imdb.com/title/tt0317248/?ref_=fn_tt_tt_1,749,Portuguese,Brazil,R,3.3,69,8.7,1.85,28000
2006,b'The Dead Girl',Color,Karen Moncrieff,85,93,22,303,Bruce Davison,11000,0.017311,Crime|Drama|Mystery,James Franco,12304,11860,Piper Laurie,0,dead girl|girl|granddaughter|morgue|storage unit,http://www.imdb.com/title/tt0783238/?ref_=fn_tt_tt_1,73,English,USA,R,0,505,6.7,1.85,799
2012,b'The Hunt',Color,Thomas Vinterberg,349,115,346,26,Alexandra Rapaport,74,0.610968,Drama,Thomas Bo Larsen,170155,216,Hana Shuan,1,deer|gun|gunshot|hunt|kindergarten teacher,http://www.imdb.com/title/tt2106476/?ref_=fn_tt_tt_1,249,Danish,Denmark,R,3.8,69,8.3,2.35,60000
1983,b'A Christmas Story',Color,Bob Clark,109,94,84,378,Darren McGavin,662,0,Comedy|Family,Zack Ward,104908,2076,Scott Schwartz,0,bb gun|boy|bully|christmas|tongue stuck on a pole,http://www.imdb.com/title/tt0085334/?ref_=fn_tt_tt_1,458,English,USA,PG,4,577,8.1,1.85,18000
1982,b'Class of 1984',Color,Mark L. Lester,101,98,73,129,Perry King,595,0,Action|Crime|Drama|Thriller,Roddy McDowall,6549,1105,Timothy Van Patten,4,back to school|city|high school|sadism|teacher,http://www.imdb.com/title/tt0083739/?ref_=fn_tt_tt_1,75,English,Canada,R,4.3,251,6.6,1.85,934
1999,b'Dreaming of Joseph Lees',Color,Eric Styles,16,92,4,405,Rupert Graves,631,0.00768,Drama|Romance,Samantha Morton,704,2020,Miriam Margolyes,0,love crime|love triangle|lust|sister sister relationship|unrequited love,http://www.imdb.com/title/tt0144178/?ref_=fn_tt_tt_1,18,English,USA,R,2,443,6.4,0,100
2010,b'Beginners',Color,Mike Mills,261,105,101,157,Lou Taylor Pucci,1000,5.776314,Comedy|Drama|Romance,Goran Visnjic,73349,2016,Mary Page Keller,4,actress|cancer|death|french|gay relationship,http://www.imdb.com/title/tt1532503/?ref_=fn_tt_tt_1,142,English,USA,R,3.2,394,7.2,1.85,15000
1996,b'Trainspotting',Color,Danny Boyle,134,94,0,557,Shirley Henderson,2000,16.501785,Drama,Kelly Macdonald,469561,3559,Ewen Bremner,4,drug culture|drugs|filthy toilet|heroin addict|heroin withdrawal,http://www.imdb.com/title/tt0117951/?ref_=fn_tt_tt_1,514,English,UK,R,3.5,887,8.2,1.85,21000
2000,b'The Original Kings of Comedy',Color,Spike Lee,53,115,0,360,Cedric the Entertainer,1000,38.168022,Comedy|Documentary,Bernie Mac,4687,1964,Steve Harvey,0,backstage|comedian|concert film|emcee|stand up comedian,http://www.imdb.com/title/tt0236388/?ref_=fn_tt_tt_1,83,English,USA,R,3,436,6.6,1.85,290
2010,b'Paranormal Activity 2',Color,Tod Williams,264,98,21,189,Molly Ephraim,438,84.749884,Horror,Sprague Grayden,82133,1081,Micah Sloat,0,california|carlsbad california|house|nanny|security camera,http://www.imdb.com/title/tt1536044/?ref_=fn_tt_tt_1,359,English,USA,R,3,332,5.7,1.85,14000
2002,b'Bowling for Columbine', Black and White,Michael Moore,215,120,909,184,Dick Clark,909,21.244913,Crime|Documentary|Drama,Michael Moore,123090,1779,Bill Clinton,2,bank|columbine|columbine high school killings|firearm|school shooting,http://www.imdb.com/title/tt0310793/?ref_=fn_tt_tt_1,888,English,Germany,R,4,504,8,1.85,4000
2013,b'The Purge',Color,James DeMonaco,361,85,65,535,Adelaide Kane,942,64.42365,Horror|Sci-Fi|Thriller,Rhys Wakefield,139329,3708,Chris Mulkey,0,class differences|killing spree|one night|suburb|violence,http://www.imdb.com/title/tt2184339/?ref_=fn_tt_tt_1,578,English,USA,R,3,810,5.7,2.35,31000
2012,b'Sinister',Color,Scott Derrickson,411,110,301,412,Victoria Leigh,1000,48.05694,Horror|Mystery,Danielle Kotch,155153,2239,James Ransone,0,book|found footage|research|snuff film|writer,http://www.imdb.com/title/tt1922777/?ref_=fn_tt_tt_1,524,English,USA,R,3,419,6.8,2.35,58000
2002,b'Martin Lawrence Live: Runteldat',Color,David Raynr,24,113,9,12,Mikki Padilla,71,19.184015,Biography|Comedy|Documentary,Nancy O'Dell,1466,159,Dayna Devon,1,actor name in title|colon in title|four word title|live performance|satire,http://www.imdb.com/title/tt0327036/?ref_=fn_tt_tt_1,35,English,USA,R,3,65,5.4,1.85,63
1997,b'Air Bud',Color,Charles Martin Smith,35,98,188,693,Bill Cobbs,2000,24.629916,Comedy|Drama|Family|Sport,Kevin Zegers,12942,4277,Michael Jeter,0,basketball|boy|dog|dog movie|golden retriever,http://www.imdb.com/title/tt0118570/?ref_=fn_tt_tt_1,34,English,USA,PG,3,970,5.1,1.85,902
2000,b'Pokmon 3: The Movie',Color,Kunihiko Yuyama,39,93,8,49,Eric Stuart,88,0,Action|Adventure|Animation|Family|Fantasy|Sci-Fi,Veronica Taylor,9066,373,Lisa Ortiz,0,ash|father|mother|pokemon|professor,http://www.imdb.com/title/tt0235679/?ref_=fn_tt_tt_1,55,Japanese,Japan,G,16,82,5.6,1.85,38
1990,b'Spaced Invaders',Color,Patrick Read Johnson,16,100,32,175,Royal Dano,610,15.369573,Adventure|Comedy|Sci-Fi,Ariana Richards,2580,1441,Tonya Lee Williams,1,alien|halloween|killer robot|outer space|wrestler costume,http://www.imdb.com/title/tt0100666/?ref_=fn_tt_tt_1,54,English,USA,PG,3,232,5.3,1.85,710
1976,b'Family Plot',Color,Alfred Hitchcock,67,120,13000,416,Bruce Dern,897,0,Comedy|Thriller,Ed Lauter,15293,2811,William Devane,1,actor|diamond|heir|kidnapping|ransom,http://www.imdb.com/title/tt0074512/?ref_=fn_tt_tt_1,111,English,USA,PG,4.490375,844,6.8,1.85,609
1993,b'Jason Goes to Hell: The Final Friday',Color,Adam Marcus,112,91,18,307,Leslie Jordan,935,15.935068,Fantasy|Horror|Thriller,Kane Hodder,19331,2899,Erin Gray,0,brutality|evil|jason voorhees|paranormal phenomena|terror,http://www.imdb.com/title/tt0107254/?ref_=fn_tt_tt_1,317,English,USA,R,2.5,805,4.3,1.85,949
2005,"b""Dave Chappelle's Block Party""",Color,Michel Gondry,114,100,1000,220,Dave Chappelle,989,11.694528,Comedy|Documentary|Music,Common,7721,2165,Lauryn Hill,0,block party|marching band|neighborhood|new york city|tyrannosaurus rex,http://www.imdb.com/title/tt0425598/?ref_=fn_tt_tt_1,72,English,USA,R,3,744,7.2,1.85,635
1985,b'Krush Groove',Color,Michael Schultz,7,97,78,77,LisaGay Hamilton,685,0,Comedy|Drama|Music,Blair Underwood,1361,1163,Bobby Brown,0,actress shares first name with character|bar|car wash|city|d.j.,http://www.imdb.com/title/tt0089444/?ref_=fn_tt_tt_1,16,English,USA,R,3,178,6.6,0,889
2009,b'Next Day Air',Color,Benny Boom,49,84,23,706,Donald Faison,1000,10.017041,Action|Comedy|Crime,Omari Hardwick,8265,4815,Mike Epps,3,cocaine|package|slow motion scene|topless female nudity|wrong address,http://www.imdb.com/title/tt1097013/?ref_=fn_tt_tt_1,20,English,USA,R,3,927,5.9,1.85,545
1999,"b""Trippin'""",Color,David Raynr,16,94,9,200,Deon Richmond,927,9.016377,Comedy,Donald Faison,1004,1936,Countess Vaughn,3,apostrophe in title|bare breasts|female nudity|nude black woman|prom,http://www.imdb.com/title/tt0160298/?ref_=fn_tt_tt_1,8,English,USA,R,0,209,5.2,1.85,143
2006,b'Phat Girlz',Color,Nnegest Likké,37,99,18,233,Jimmy Jean-Louis,939,7.059537,Comedy,Mo'Nique,8279,2321,Joyful Drake,0,female protagonist|size positive|thin|title directed by female|wet dream,http://www.imdb.com/title/tt0490196/?ref_=fn_tt_tt_1,101,English,USA,PG-13,3,407,3,1.85,837
2013,b'Before Midnight',Color,Richard Linklater,405,109,0,48,Ariane Labed,140,8.114507,Drama|Romance,Seamus Davey-Fitzpatrick,95362,328,Athina Rachel Tsangari,1,friend|greece|greek|hotel room|twin,http://www.imdb.com/title/tt2209418/?ref_=fn_tt_tt_1,270,English,USA,R,3,63,7.9,1.85,62000
1987,b'Teen Wolf Too',Color,Christopher Leitch,29,95,4,152,Robert Neary,641,7.888703,Comedy|Fantasy,John Astin,8465,1389,Kim Darby,1,falling in love|glowing eyes|insult|teenager|three word title,http://www.imdb.com/title/tt0094118/?ref_=fn_tt_tt_1,65,English,USA,PG,3,168,3.2,1.85,491
1988,b'Phantasm II',Color,Don Coscarelli,81,97,152,135,A. Michael Baldwin,674,7.282851,Action|Fantasy|Horror|Sci-Fi|Thriller,Angus Scrimm,9502,1395,James Le Gros,1,cemetery|female nudity|mortuary|sphere|tall man,http://www.imdb.com/title/tt0095863/?ref_=fn_tt_tt_1,100,English,USA,R,3,174,6.5,1.85,812
2004,b'Woman Thou Art Loosed',Color,Michael Schultz,17,94,78,469,Kimberly Elise,912,6.87973,Drama,Loretta Devine,806,3049,Clifton Powell,0,abuse|bishop|death|flashback|poverty,http://www.imdb.com/title/tt0399901/?ref_=fn_tt_tt_1,23,English,USA,R,0,637,6.9,0,187
2002,b'Real Women Have Curves',Color,Patricia Cardoso,75,90,15,453,Lupe Ontiveros,953,5.844929,Comedy|Drama,America Ferrera,6000,2510,George Lopez,1,education|factory|high school|mexican american|religious icon,http://www.imdb.com/title/tt0296166/?ref_=fn_tt_tt_1,109,English,USA,PG-13,3,625,7,1.85,595
1999,b'East Is East',Color,Damien O'Donnell,82,96,70,163,Jimi Mistry,883,4.170647,Comedy|Drama,Archie Panjabi,14548,1616,Om Puri,0,england|marriage|muslim|pakistani|salford,http://www.imdb.com/title/tt0166175/?ref_=fn_tt_tt_1,161,English,UK,R,1.9,183,6.9,1.85,1000
2000,b'Whipped',Color,Peter M. Cohen,48,82,0,51,Brian Van Holt,472,4.142507,Comedy|Romance,Callie Thorne,3665,858,David Heyman,1,dating|diner|masturbation|urination|washington square manhattan new york city,http://www.imdb.com/title/tt0174336/?ref_=fn_tt_tt_1,81,English,USA,R,3,324,4.4,1.85,131
1993,b'Warlock: The Armageddon',Color,Anthony Hickox,22,98,16,222,Zach Galligan,687,3.902679,Fantasy|Horror,Julian Sands,3943,1806,Paula Marshall,0,druid|eclipse|rune|scalping|warlock,http://www.imdb.com/title/tt0108517/?ref_=fn_tt_tt_1,49,English,USA,R,3,233,5.3,1.66,217
1997,b'8 Heads in a Duffel Bag',Color,Tom Schulman,30,95,45,267,George Hamilton,578,3.55999,Comedy|Crime,Kristy Swanson,8005,1363,Dyan Cannon,0,camera shot of feet|female stockinged feet|female stockinged soles|nude pantyhose|pantyhose,http://www.imdb.com/title/tt0118541/?ref_=fn_tt_tt_1,49,English,USA,R,3,341,5.3,1.85,417
2001,b'Thirteen Conversations About One Thing',Color,Jill Sprecher,79,104,11,194,Rob McElhenney,11000,3.287435,Drama,Matthew McConaughey,8603,12250,Amy Irving,2,attorney|happiness|house cleaner|physics|professor,http://www.imdb.com/title/tt0268690/?ref_=fn_tt_tt_1,115,English,USA,R,4.5,813,7.1,1.85,430
2012,b'Frances Ha', Black and White,Noah Baumbach,345,86,387,270,Grace Gummer,962,4.063238,Comedy|Drama|Romance,Greta Gerwig,43982,2260,Vanessa Ray,0,best friend|black and white|father daughter relationship|female protagonist|mother daughter relationship,http://www.imdb.com/title/tt2347569/?ref_=fn_tt_tt_1,139,English,USA,R,0,481,7.4,1.85,11000
2003,b'DysFunktional Family',Color,George Gallo,23,89,269,24,Joe Howard,489,2.22399,Comedy|Documentary,Eddie Griffin,761,539,Robert Noble,1,african american|family relationships|stand up comedian|stand up comedy,http://www.imdb.com/title/tt0337996/?ref_=fn_tt_tt_1,14,English,USA,R,3,26,6.6,1.85,26
2014,b'Tusk',Color,Kevin Smith,254,102,0,387,Haley Joel Osment,40000,1.821983,Comedy|Drama|Horror,Johnny Depp,31089,43810,Michael Parks,0,canada|human becoming an animal|mad scientist|part of trilogy|walrus,http://www.imdb.com/title/tt3099498/?ref_=fn_tt_tt_1,261,English,USA,R,3,3000,5.4,2.35,20000
2003,b'Oldboy',Color,Chan-wook Park,305,120,0,38,Ji-tae Yu,717,2.18129,Drama|Mystery|Thriller,Min-sik Choi,356181,852,Hye-jeong Kang,0,brother sister relationship|hypnosis|imprisonment|love|revenge,http://www.imdb.com/title/tt0364569/?ref_=fn_tt_tt_1,809,Korean,South Korea,R,3,78,8.4,2.35,43000
2011,b'Hobo with a Shotgun',Color,Jason Eisener,272,86,59,104,Robb Wells,694,0.703002,Action|Comedy|Thriller,Gregory Smith,37495,1249,Molly Dunsworth,4,hobo|pedophile|rampage|shotgun|vigilante,http://www.imdb.com/title/tt1640459/?ref_=fn_tt_tt_1,230,English,Canada,Not Rated,3,324,6.1,2.35,37000
2016,b'Compadres',Color,Enrique Begne,5,101,0,165,Héctor Jiménez,574,3.105269,Action|Comedy,Kevin Pollak,368,1335,Erick Elias,2,0,http://www.imdb.com/title/tt3367294/?ref_=fn_tt_tt_1,8,English,Mexico,R,3,327,5,0,174
2004,b'Brave New Girl',Color,Bobby Roth,1,120,40,249,Aaron Ashmore,912,0,Drama|Family|Music,Virginia Madsen,758,2330,Lindsey Haun,2,based on a book|based on a novel|made for tv movie|music school|support,http://www.imdb.com/title/tt0403118/?ref_=fn_tt_tt_1,27,English,USA,PG-13,0,750,5,0,47
2004,b'Summer Storm',Color,Marco Kreuzpaintner,40,98,7,17,Kostja Ullmann,289,0.095016,Comedy|Drama|Romance|Sport,Alicja Bachleda,11074,362,Robert Stadlober,0,friend|friendship|rowing|storm|summer camp,http://www.imdb.com/title/tt0420206/?ref_=fn_tt_tt_1,56,German,Germany,R,2.7,38,7.4,1.85,442
2011,b'Fort McCoy',Color,Kate Connor,8,100,27,847,Eric Stoltz,1000,0.073678,Drama|History|War,Johnny Pacar,266,4374,Brendan Fehr,1,0,http://www.imdb.com/title/tt1282046/?ref_=fn_tt_tt_1,8,English,USA,R,3,902,5.9,0,348
1999,b'Just Looking',Color,Jason Alexander,20,97,700,56,Patti LuPone,599,0.039852,Comedy|Drama,Gretchen Mol,1238,1030,Peter Onorati,1,1955 chevrolet|nurse|peeping tom|reference to brooklyn dodgers|spying,http://www.imdb.com/title/tt0162236/?ref_=fn_tt_tt_1,25,English,USA,R,3,325,6.7,1.85,117
2009,b'The Eclipse',Color,Conor McPherson,90,86,0,77,Iben Hjejle,767,0.128937,Drama|Horror|Romance,Aidan Quinn,2437,975,Jim Norton,0,ghost|irish|kissing|novelist|widower,http://www.imdb.com/title/tt1346961/?ref_=fn_tt_tt_1,31,English,Ireland,R,0,122,6.2,1.85,580
2005,b'My Big Fat Independent Movie',Color,Philip Zlotorynski,14,80,0,19,Darren Keefe Reiher,231,0,Comedy,Neil Hopkins,1257,313,David Douglas,1,independent film|spoof,http://www.imdb.com/title/tt0385890/?ref_=fn_tt_tt_1,24,English,USA,R,3,27,3.3,1.78,48
2010,b'Alice in Wonderland',Color,Tim Burton,451,108,13000,11000,Alan Rickman,40000,334.185206,Adventure|Family|Fantasy,Johnny Depp,306336,79957,Anne Hathaway,0,alice in wonderland|mistaking reality for dream|queen|shrinking|shrinking potion,http://www.imdb.com/title/tt1014759/?ref_=fn_tt_tt_1,736,English,USA,PG,200,25000,6.5,1.85,24000
2009,b'The Deported',Color,Lance Kawas,0,90,66,452,Michael Rapaport,1000,0,Comedy,Taylor Negron,62,3882,Talia Shire,1,actor|italian american|mexico|orphan|usa,http://www.imdb.com/title/tt1390404/?ref_=fn_tt_tt_1,1,English,USA,PG-13,3,975,6.2,1.85,54
2009,b'Tanner Hall',Color,Francesca Gregorini,21,96,15,357,Amy Sedaris,433,0.005005,Drama,Tom Everett Scott,2280,1929,Chris Kattan,2,boarding school|coming of age|female friendship|lesbian|new england,http://www.imdb.com/title/tt1151410/?ref_=fn_tt_tt_1,14,English,USA,R,3,396,5.9,0,448
2013,b'Open Road',Color,Marcio Garcia,9,85,74,47,Kristi Clainos,652,0,Action|Drama|Thriller,John Savage,1370,844,Emily Nelson,3,dealer|drugs|killer|police,http://www.imdb.com/title/tt1922679/?ref_=fn_tt_tt_1,9,English,Brazil,0,3,124,5.5,2.35,433
2013,b'30 Nights of Paranormal Activity with the Devil Inside the Girl with the Dragon Tattoo',Color,Craig Moss,29,80,19,73,Ashley Martin,319,0,Comedy,French Stewart,2978,845,Olivia Alexander,0,exorcism|female nudity|haunted house|lesbian kiss|masturbation,http://www.imdb.com/title/tt2417650/?ref_=fn_tt_tt_1,13,English,USA,R,3,302,2.6,1.85,2000
2011,b'Never Back Down 2: The Beatdown',Color,Michael Jai White,23,90,2000,454,Alex Meraz,2000,0,Action|Drama|Sport,Michael Jai White,13599,3666,Jillian Murray,3,bad cop|college|second part|sequel|wrestler,http://www.imdb.com/title/tt1754264/?ref_=fn_tt_tt_1,30,English,USA,R,3,606,5.8,1.85,6000
2009,b'Four Single Fathers',Color,Paolo Monico,2,100,3,382,Sarah Rafferty,1000,0,Comedy,Stephanie Szostak,118,2890,Salvatore Santone,0,number in title|single father,http://www.imdb.com/title/tt1252289/?ref_=fn_tt_tt_1,1,Italian,Italy,0,3,810,5.1,0,32
2013,b'Enter the Dangerous Mind',Color,Youssef Delara,17,88,8,471,David Bianchi,2000,0,Thriller,Noel Gugliemi,704,4469,Jason Priestley,0,dubstep|tied feet,http://www.imdb.com/title/tt2229377/?ref_=fn_tt_tt_1,9,English,USA,0,0.8,715,5.2,2.35,406
2014,b'Something Wicked',0,Darin Scott,7,95,39,375,Shantel VanSanten,1000,0,Drama|Horror|Mystery|Thriller,Julian Morris,976,3024,John Robinson,2,eugene oregon|independent film|obsession,http://www.imdb.com/title/tt1327601/?ref_=fn_tt_tt_1,15,English,USA,R,3,747,4.8,0,395
2015,b'AWOL-72',Color,Christian Sesma,6,82,9,648,Brooke Newton,904,0,Thriller,Bokeem Woodbine,520,4092,Brett Wagner,4,police officer|police officer taken hostage,http://www.imdb.com/title/tt2048865/?ref_=fn_tt_tt_1,8,English,USA,R,3,779,3.9,0,398
1988,b'Iguana',Color,Monte Hellman,9,97,96,37,Jack Taylor,201,0,Adventure|Crime|Drama,Everett McGill,240,277,Fabio Testi,1,19th century|based on novel|disfigurement|harpooner|independent film,http://www.imdb.com/title/tt0095354/?ref_=fn_tt_tt_1,9,English,Italy,0,3,39,6.2,1.85,37
2015,b'Cinderella',Color,Kenneth Branagh,343,105,0,502,Derek Jacobi,2000,201.148159,Drama|Family|Fantasy|Romance,Hayley Atwell,103749,4671,Lily James,1,dress|duke|fairy godmother|fairy tale|pumpkin,http://www.imdb.com/title/tt1661199/?ref_=fn_tt_tt_1,323,English,USA,PG,95,520,7,2.35,56000
2009,b'Chicago Overcoat',Color,Brian Caunter,11,94,0,356,Stacy Keach,854,0,Action|Adventure|Crime|Drama,Mike Starr,706,1989,Frank Vincent,3,detective|killer|police|shootout|thong,http://www.imdb.com/title/tt1085382/?ref_=fn_tt_tt_1,14,English,USA,R,3,602,6.2,1.78,229
2010,b'Barry Munday',Color,Chris D'Arienzo,34,95,7,463,Cybill Shepherd,2000,0,Comedy|Drama|Romance,Judy Greer,3443,3648,Shea Whigham,2,doctor|letter|paternity|sex|testicles,http://www.imdb.com/title/tt0482461/?ref_=fn_tt_tt_1,20,English,USA,R,0,536,5.9,1.85,480
2015,b'Close Range',Color,Isaac Florentine,28,80,81,214,Nick Chinlund,640,0,Action|Crime,Anthony L. Fernandez,2425,1517,Scott Evans,1,corrupt sheriff|drug cartel|flash drive|niece|sheriff,http://www.imdb.com/title/tt3511596/?ref_=fn_tt_tt_1,31,English,USA,0,3,277,4.9,0,968
2005,b'Boynton Beach Club',Color,Susan Seidelman,35,105,39,183,Michael Nouri,267,3.123749,Comedy|Romance,Dyan Cannon,746,1231,Brenda Vaccaro,8,title spoken by character,http://www.imdb.com/title/tt0439478/?ref_=fn_tt_tt_1,27,English,USA,R,1.5,225,6.5,1.85,88
2014,b'Amnesiac',Color,Michael Polish,30,90,35,21,Patrick Bauchau,216,0,Drama|Horror|Mystery|Thriller,Olivia Rose Keegan,2157,423,Mia Barron,0,child in peril|electroshock therapy|memory|memory loss|teenage girl,http://www.imdb.com/title/tt2837336/?ref_=fn_tt_tt_1,15,English,USA,0,3,158,4.3,0,421
1976,b'The Omen',Color,Richard Donner,154,107,503,108,Patrick Troughton,264,0,Fantasy|Horror|Mystery,Lee Remick,80961,673,Billie Whitelaw,2,ambassador|death|hospital|priest|stillborn child,http://www.imdb.com/title/tt0075005/?ref_=fn_tt_tt_1,310,English,UK,R,2.8,139,7.6,2.35,7000
2015,b'Unnatural',Color,Hank Braxtan,14,89,6,29,Gregory Cruz,679,0,Action|Horror|Thriller,Q'orianka Kilcher,859,964,Allegra Carpenter,0,alaska|climate change|global|polar bear|scientific,http://www.imdb.com/title/tt3551400/?ref_=fn_tt_tt_1,17,English,USA,R,3,234,4,2.35,369
1974,b'Young Frankenstein', Black and White,Mel Brooks,129,106,0,481,Peter Boyle,1000,86.3,Comedy,Madeline Kahn,112671,2703,Teri Garr,0,assistant|castle|experiment|frankenstein's monster|scientist,http://www.imdb.com/title/tt0072431/?ref_=fn_tt_tt_1,315,English,USA,PG,2.8,595,8,1.85,14000
2006,b'Lage Raho Munna Bhai',Color,Rajkumar Hirani,15,144,124,327,Sanjay Dutt,464,0,Comedy|Drama|Romance,Vidya Balan,27569,1761,Jimmy Shergill,0,love|professor of history|radio|satyagraha|unscrupulous builder,http://www.imdb.com/title/tt0456144/?ref_=fn_tt_tt_1,106,Hindi,India,PG-13,120,426,8.2,2.35,349
1997,"b""Ulee's Gold""",Color,Victor Nunez,61,113,9,42,Patricia Richardson,402,9.054736,Drama,Peter Fonda,5744,787,Vanessa Zima,1,beekeeper|bound and gagged|dysfunctional family|man with glasses|tied to a chair,http://www.imdb.com/title/tt0120402/?ref_=fn_tt_tt_1,57,English,USA,R,2.7,222,7.1,1.66,381
2015,b'Sardaar Ji',Color,Rohit Jugraj,1,141,2,32,Neeru Bajwa,258,0,Romance,Bhavkhandan Singh Rakhra,745,434,Diljit Dosanjh,2,0,http://www.imdb.com/title/tt4080386/?ref_=fn_tt_tt_1,8,Panjabi,Canada,0,3,85,6.6,0,50
2008,b'Journey to Saturn',Color,Thorbjørn Christoffersen,2,90,0,13,Frank Hvam,122,0,Action|Adventure|Animation|Comedy|Sci-Fi,Iben Hjejle,1828,197,Casper Christensen,0,crew|cult film|denmark|earth|wristwatch,http://www.imdb.com/title/tt1095423/?ref_=fn_tt_tt_1,6,Danish,Denmark,Not Rated,0,33,5.7,1.85,77
1996,b'The Dress',Color,Alex van Warmerdam,19,95,53,2,Ariane Schluter,20,0,Comedy|Drama,Rijk de Gooyer,1470,25,Henri Garcin,0,bare breasts|bra|panties|topless female nudity|underwear,http://www.imdb.com/title/tt0116729/?ref_=fn_tt_tt_1,5,Dutch,Netherlands,0,2.65,3,7,1.85,121
1974,b'Blazing Saddles',Color,Mel Brooks,121,93,0,628,David Huddleston,1000,119.5,Comedy|Western,Madeline Kahn,95294,4701,Harvey Korman,0,railroad|reference to douglas fairbanks|reference to jesse owens|reference to randolph scott|year 1874,http://www.imdb.com/title/tt0071230/?ref_=fn_tt_tt_1,363,English,USA,R,2.6,1000,7.8,2.35,12000
2013,b'Ida', Black and White,Pawel Pawlikowski,269,82,84,46,Agata Trzebuchowska,88,3.826455,Drama,Joanna Kulig,34643,205,Agata Kulesza,1,convent|jew|jewish|nun|poland,http://www.imdb.com/title/tt2718492/?ref_=fn_tt_tt_1,123,Polish,Poland,PG-13,0,64,7.4,1.33,17000
1987,b'Maurice',Color,James Ivory,29,140,133,239,Denholm Elliott,443,3.130592,Drama|Romance,Rupert Graves,10755,1269,Simon Callow,1,homosexuality|love|male full frontal nudity|male rear nudity|one word title,http://www.imdb.com/title/tt0093512/?ref_=fn_tt_tt_1,69,English,UK,R,2.6,249,7.8,1.66,963
2006,b'Beer League',Color,Frank Sebastiano,20,86,3,327,Laurie Metcalf,833,0.475,Comedy|Sport,Joe Lo Truglio,6930,2753,Seymour Cassel,2,baseball|baseball movie|beer|slacker|softball,http://www.imdb.com/title/tt0453453/?ref_=fn_tt_tt_1,53,English,USA,R,2.8,549,6,0,323
1999,"b""The Astronaut's Wife""",Color,Rand Ravich,107,109,7,1000,Charlize Theron,40000,10.654581,Drama|Sci-Fi|Thriller,Johnny Depp,45500,52621,Clea DuVall,0,astronaut|electrocuted in bathtub|mission|pilot|sister,http://www.imdb.com/title/tt0138304/?ref_=fn_tt_tt_1,260,English,USA,R,34,9000,5.3,1.85,1000
2009,b'Silver Medallist',Color,Hao Ning,5,99,0,4,Bo Huang,11,0,Action|Adventure|Comedy,Jack Kao,1418,19,Zheng Xu,1,color in title,http://www.imdb.com/title/tt0851515/?ref_=fn_tt_tt_1,4,Mandarin,China,0,15,4,7.4,2.35,30
2007,b'Timber Falls',Color,Tony Giglio,66,100,6,209,Nick Searcy,331,0,Horror|Thriller,Brianna Brown,5012,1082,Beth Broderick,1,hiking|voyeur|voyeurism|west virginia|woods,http://www.imdb.com/title/tt0857295/?ref_=fn_tt_tt_1,47,English,USA,R,2.6,272,5.3,1.85,254
2010,"b'Fat, Sick & Nearly Dead'",Color,Joe Cross,13,97,65,0,Joel Fuhrman,65,0,Documentary,Joe Cross,6429,67,Amy Badberg,2,fat|food|health|juice|obese,http://www.imdb.com/title/tt1227378/?ref_=fn_tt_tt_1,25,English,Australia,0,2.5,2,7.6,0,10000
2009,b'Halloween II',Color,Rob Zombie,220,119,0,593,Tyler Mane,908,33.386128,Horror,Scout Taylor-Compton,36372,3226,Margot Kidder,0,halloween|hospital|michael myers|rampage|vomiting,http://www.imdb.com/title/tt1311067/?ref_=fn_tt_tt_1,491,English,USA,R,15,764,4.9,1.85,3000
1971,b'Escape from the Planet of the Apes',Color,Don Taylor,74,98,11,450,M. Emmet Walsh,595,0,Action|Sci-Fi,Roddy McDowall,23546,2373,Sal Mineo,0,ape|fear|future|spacecraft|spaceship,http://www.imdb.com/title/tt0067065/?ref_=fn_tt_tt_1,92,English,USA,G,2.5,521,6.3,2.35,819
1995,b'Before Sunrise',Color,Richard Linklater,121,105,0,4,Hans Weingartner,15,5.4,Drama|Romance,Hanno Pöschl,183288,36,Dominik Castell,1,american|conversations|kiss|love|train,http://www.imdb.com/title/tt0112471/?ref_=fn_tt_tt_1,395,English,USA,R,2.5,12,8.1,1.85,22000
2003,b'Sur le seuil',Color,Éric Tessier,9,99,0,6,Michel Côté,50,0,Action|Drama|Horror|Thriller,Patrick Huard,1003,79,Jean Pierre Bergeron,0,canadian gothic|hospital|murder|paranormal|supernatural,http://www.imdb.com/title/tt0380732/?ref_=fn_tt_tt_1,5,French,Canada,0,3.2,16,6.6,1.85,39
1999,"b""Jesus' Son""",Color,Alison Maclean,74,107,7,442,Samantha Morton,745,1.282084,Drama,Billy Crudup,6221,2125,Mark Webber,1,hospital|love|mennonite|shower|song,http://www.imdb.com/title/tt0186253/?ref_=fn_tt_tt_1,87,English,USA,R,2.5,631,7,2.35,500
2004,b'Saving Face',Color,Alice Wu,54,96,13,209,Ato Essandoh,643,1.186323,Comedy|Drama|Romance,Joan Chen,7776,1396,Jessica Hecht,0,chinese|chinese american|lesbian love|mother daughter relationship|surgeon,http://www.imdb.com/title/tt0384504/?ref_=fn_tt_tt_1,84,English,USA,R,0,265,7.6,1.85,774
2007,b'Brick Lane',Color,Sarah Gavron,80,101,34,40,Christopher Simpson,56,1.094998,Drama,Satish Kaushik,2560,150,Tannishtha Chatterjee,1,arranged marriage|bangladesh|buckingham palace|september 11 2001|title directed by female,http://www.imdb.com/title/tt0940585/?ref_=fn_tt_tt_1,29,English,UK,PG-13,0,41,6.7,2.35,430
2012,b'Robot & Frank',Color,Jake Schreier,252,89,14,215,Joshua Ormond,902,3.325638,Comedy|Crime|Drama|Sci-Fi,Frank Langella,52509,1980,Ana Gasteyer,3,burglary|dementia|near future|robot|thief,http://www.imdb.com/title/tt1990314/?ref_=fn_tt_tt_1,84,English,USA,PG-13,2.5,291,7.1,2.35,13000
2013,b'The Spectacular Now',Color,James Ponsoldt,220,95,53,478,Jennifer Jason Leigh,8000,6.851969,Comedy|Drama|Romance,Shailene Woodley,105591,10040,Dayo Okeniyi,1,crying man|high school|high school senior|men's clothing store|party,http://www.imdb.com/title/tt1714206/?ref_=fn_tt_tt_1,178,English,USA,R,2.5,1000,7.1,2.35,10000
1990,"b""Marilyn Hotchkiss' Ballroom Dancing and Charm School""",Color,Randall Miller,1,34,19,362,Elden Henson,882,0.333658,Comedy|Family|Musical|Romance|Short,William Hurt,97,1967,Michael Bower,0,student film|wonder years,http://www.imdb.com/title/tt0283465/?ref_=fn_tt_tt_1,2,English,USA,0,0.034,577,7.1,0,16
2008,b'Religulous',Color,Larry Charles,197,101,119,0,Tal Bachman,334,12.995673,Comedy|Documentary|War,Bill Maher,52286,338,Steve Burg,1,catholic|christian|jew|muslim|religion,http://www.imdb.com/title/tt0815241/?ref_=fn_tt_tt_1,345,English,USA,R,2.5,4,7.7,1.78,24000
2008,b'Fuel',Color,Joshua Tickell,14,112,9,125,Sheryl Crow,860,0.173783,Documentary,Larry David,578,1252,George W. Bush,0,alternative energy|energy|fuel|green|oil,http://www.imdb.com/title/tt1294164/?ref_=fn_tt_tt_1,34,English,USA,Not Rated,2.5,130,7.6,1.85,588
2006,"b""Valley of the Heart's Delight""",Color,Tim Boxell,3,100,10,107,Diana Scarwid,655,0.118666,Drama,Bruce McGill,91,1064,Tom Bower,7,0,http://www.imdb.com/title/tt0472200/?ref_=fn_tt_tt_1,3,English,USA,0,2.5,157,6.6,1.85,144
2006,b'Eye of the Dolphin',Color,Michael D. Sellers,18,100,0,249,Carly Schroeder,640,0.071904,Comedy|Drama|Family,Katharine Ross,806,1491,George Harris,1,dolphin|island|research|tourist|town,http://www.imdb.com/title/tt0465407/?ref_=fn_tt_tt_1,18,English,USA,PG-13,2.5,261,5.7,1.85,140
2000,b'Anatomy',Color,Stefan Ruzowitzky,62,103,24,10,Rüdiger Vogler,127,0.005725,Horror|Thriller,Benno Fürmann,10220,163,Sebastian Blomberg,0,dissection|male pubic hair|medical school|medical student|train,http://www.imdb.com/title/tt0187696/?ref_=fn_tt_tt_1,110,German,Germany,R,8.4,10,6.1,2.35,560
2010,b'Super',Color,James Gunn,238,96,571,370,Rainn Wilson,2000,0.322157,Comedy|Crime|Drama,Linda Cardellini,61787,4590,Paul T. Taylor,0,drug dealer|superhero|tragedy|tragic hero|tragic love,http://www.imdb.com/title/tt1512235/?ref_=fn_tt_tt_1,203,English,USA,R,2.5,973,6.8,1.85,19000
2010,b'Christmas Mail',Color,John Murlowski,2,89,20,555,Piper Mackenzie Harris,794,0,Comedy|Drama|Family|Romance,Ashley Scott,858,2579,Lochlyn Munro,2,boss|holiday|letter|north pole|santa,http://www.imdb.com/title/tt1663628/?ref_=fn_tt_tt_1,7,English,USA,TV-PG,2.5,607,5.8,0,190
2016,b'Antibirth',Color,Danny Perez,10,94,0,442,Emmanuel Kabongo,1000,0,Horror,Natasha Lyonne,63,2406,Mark Webber,1,0,http://www.imdb.com/title/tt3333870/?ref_=fn_tt_tt_1,2,English,USA,0,3.5,677,6.3,0,89
1996,b'Get on the Bus',Color,Spike Lee,28,120,0,702,Harry Lennix,1000,5.731103,Drama|History,Bernie Mac,4100,5963,Andre Braugher,10,actor|bus|march|million man march|religion,http://www.imdb.com/title/tt0116404/?ref_=fn_tt_tt_1,35,English,USA,R,2.4,748,6.8,1.85,352
2006,b'Thr3e',Color,Robby Henson,25,101,9,201,Max Ryan,973,0.978908,Drama|Horror|Mystery|Thriller,Marc Blucas,4057,2306,Justine Waddell,0,bound with duct tape|flash forward|number|riddle|stalking,http://www.imdb.com/title/tt0486028/?ref_=fn_tt_tt_1,90,English,Poland,PG-13,2.4,872,5.1,2.35,250
2006,b'Idiocracy',Color,Mike Judge,121,84,406,233,Patrick Fischler,586,0.438653,Adventure|Comedy|Sci-Fi,Anthony 'Citric' Campos,108052,1490,David Herman,0,experiment|future|hibernation|stupidity|top secret,http://www.imdb.com/title/tt0387808/?ref_=fn_tt_tt_1,434,English,USA,R,0,497,6.6,1.85,79000
2006,b'This Is England',Color,Shane Meadows,172,101,222,698,Joseph Gilgun,1000,0.327919,Crime|Drama,Stephen Graham,99177,3282,Jack O'Connell,0,england|racism|racist|skinhead|violence,http://www.imdb.com/title/tt0480025/?ref_=fn_tt_tt_1,192,English,UK,Unrated,1.5,788,7.7,1.85,11000
2011,b'Go for It!',Color,Carmen Marron,8,105,29,76,Aimee Garcia,847,0.178739,Drama|Musical,Jossara Jinaro,1015,1668,Rene Rosado,0,exclamation point in title|imperative in title|punctuation in title|three word title,http://www.imdb.com/title/tt1307926/?ref_=fn_tt_tt_1,10,English,USA,PG-13,2.45,618,3.9,1.85,566
1998,"b'Dancer, Texas Pop. 81'",Color,Tim McCanlies,15,97,23,326,Michael O'Neill,982,0.565592,Comedy|Drama|Family,Ethan Embry,2189,2580,Alexandra Holden,0,best friend|friendship|population|state in title|texas,http://www.imdb.com/title/tt0118925/?ref_=fn_tt_tt_1,63,English,USA,PG,0,599,6.8,1.85,500
2010,b'Redemption Road',Color,Mario Van Peebles,12,95,535,608,Cinda McCain,1000,0.027012,Drama,Tom Skerritt,440,3586,Luke Perry,4,death of loved one|loss of father|loss of loved one|musician|singer,http://www.imdb.com/title/tt1470020/?ref_=fn_tt_tt_1,9,English,USA,PG-13,0,646,5.9,2.35,279
2014,b'8 Days',Color,Jaco Booyens,0,90,37,0,Sebastian Aguilar,210,0,Drama|Thriller,Nicole Smolen,44,210,Ivette Alvarez,1,0,http://www.imdb.com/title/tt3111864/?ref_=fn_tt_tt_1,3,English,USA,PG-13,2.5,0,6.9,0,224
1985,b'Friday the 13th: A New Beginning',Color,Danny Steinmann,160,92,13,17,Melanie Kinnaman,42,21.3,Horror|Mystery|Thriller,Tiffany Helm,22521,170,Dominick Brascia,0,jason voorhees|murder|new jersey|nightmare|teenager,http://www.imdb.com/title/tt0089173/?ref_=fn_tt_tt_1,342,English,USA,R,2.2,27,4.7,1.85,1000
2007,b'The Last Sin Eater',Color,Michael Landon Jr.,18,117,84,275,Louise Fletcher,861,0.379643,Drama,Henry Thomas,1573,2161,A.J. Buckley,0,1850s|christian film|dark secret|funeral|sin eater,http://www.imdb.com/title/tt0810928/?ref_=fn_tt_tt_1,29,English,USA,PG-13,2.2,425,5.9,1.85,285
2015,b'Do You Believe?',Color,Jon Gunn,11,120,16,835,Delroy Lindo,2000,12.985267,Drama,Alexa PenaVega,4977,6752,Madison Pettis,5,belief|faith|pastor|question in title|three word title,http://www.imdb.com/title/tt4056738/?ref_=fn_tt_tt_1,63,English,USA,PG-13,2.3,848,5.9,0,13000
2008,b'Impact Point',Color,Hayley Cloake,11,90,0,306,Kayla Ewell,676,0,Thriller,Brian Austin Green,1118,1651,Linden Ashby,2,championship|hit and run|police|police investigation|volleyball,http://www.imdb.com/title/tt1086841/?ref_=fn_tt_tt_1,9,English,USA,R,2.2,399,4.3,0,77
2015,b'Eden',Color,Shyam Madiraju,5,90,0,708,Ethan Peck,1000,0,Drama|Thriller,Jessica Lowndes,1351,3799,Brad Schmidt,2,flare gun|island|plane crash|soccer team|stranded,http://www.imdb.com/title/tt3032282/?ref_=fn_tt_tt_1,4,English,Spain,R,0,800,4.8,0,452
2005,b'Chicken Tikka Masala',Color,Harmage Singh Kalirai,10,90,11,18,Zohra Segal,114,0,Comedy|Drama|Romance,Saeed Jaffrey,480,244,Shobu Kapoor,3,acceptance|coming out to family|gay|large family|wedding,http://www.imdb.com/title/tt0449000/?ref_=fn_tt_tt_1,14,English,UK,0,1.2,79,5.8,1.85,172
2014,b'Always Woodstock',Color,Rita Merson,5,97,5,782,James Wolk,3000,0,Comedy|Music|Romance,Ryan Guzman,485,6085,Jason Ritter,5,claim in title|contraction in title|new york|new york city|woodstock,http://www.imdb.com/title/tt1995477/?ref_=fn_tt_tt_1,6,English,USA,0,2.4,938,5.3,0,107
2007,b'Jack Brooks: Monster Slayer',Color,Jon Knautz,95,90,10,42,Daniel Kash,371,0,Action|Comedy|Horror,Rachel Skarsten,5187,558,Stefanie Drummond,2,cult film|demon|monster slayer|uncle|vomiting,http://www.imdb.com/title/tt0816539/?ref_=fn_tt_tt_1,46,English,Canada,R,2.5,52,6,1.85,870
2015,b'Mi America',Color,Robert Fontaine,4,125,7,17,Arturo Castro,128,0.00333,Crime|Drama,Michael Derek,22,214,Brad Lee Wind,0,0,http://www.imdb.com/title/tt2460506/?ref_=fn_tt_tt_1,1,English,USA,R,2.1,22,7.2,2.35,305
2007,b'[Rec]',Color,Jaume Balagueró,252,78,57,7,Pablo Rosso,120,0,Horror,Manuela Velasco,131462,145,Carlos Lasarte,0,apartment building|character's point of view camera shot|fire station|subjective camera|television reporter,http://www.imdb.com/title/tt1038988/?ref_=fn_tt_tt_1,374,Spanish,Spain,R,1.5,9,7.5,1.85,15000
2010,b'Lies in Plain Sight',Color,Patricia Cardoso,0,89,15,650,Martha Higareda,919,0,Drama,Rosie Perez,544,3873,Cheyenne Haynes,1,0,http://www.imdb.com/title/tt1675312/?ref_=fn_tt_tt_1,4,English,USA,TV-PG,2.1,718,6.3,1.78,162
2015,b'Sharkskin',Color,Dan Perri,1,100,0,338,David Proval,749,0,Comedy|Drama|Mystery|Romance|Thriller,Travis Myers,6,1814,Carmen Argenziano,0,0,http://www.imdb.com/title/tt2317796/?ref_=fn_tt_tt_1,1,English,USA,0,2.1,354,6.7,2.39,14
2015,b'Containment',Color,Neil Mcenery-West,33,77,0,260,Michael Chapman,846,0,Horror|Sci-Fi|Thriller,Walter Hendrix III,1355,2044,Louise Brealey,0,hazmat suit,http://www.imdb.com/title/tt3561236/?ref_=fn_tt_tt_1,21,English,UK,0,0,366,4.8,0,275
2015,b'The Timber',Color,Anthony O'Brien,19,81,7,106,Maria Doyle Kennedy,412,0,Adventure|Drama|Western,James Ransone,1274,1020,Shaun O'Hagan,1,0,http://www.imdb.com/title/tt2215673/?ref_=fn_tt_tt_1,17,English,USA,0,2.1,308,5.5,2.35,380
1989,b'The Toxic Avenger Part II',Color,Michael Herz,49,96,6,14,Jessica Dublin,40,0.792966,Action|Comedy|Horror|Sci-Fi,Phoebe Legere,4663,99,Lisa Gaye,2,bare breasts|japan|tokyo japan|toxic avenger|troma,http://www.imdb.com/title/tt0098503/?ref_=fn_tt_tt_1,40,English,USA,R,2.3,30,5.1,1.33,321
2014,b'It Follows',Color,David Robert Mitchell,533,100,421,159,Ruby Harris,314,14.673301,Horror|Mystery,Maika Monroe,112899,1062,Jake Weary,0,ambiguous ending|being followed|sex scene|supernatural|supernatural being,http://www.imdb.com/title/tt3235888/?ref_=fn_tt_tt_1,631,English,USA,R,2,189,6.9,2.35,45000
2006,b'The Lives of Others',Color,Florian Henckel von Donnersmarck,215,137,207,155,Ulrich Mühe,380,11.284657,Drama|Thriller,Sebastian Koch,259379,927,Martina Gedeck,3,east germany|police|secret police|stasi|writer,http://www.imdb.com/title/tt0405094/?ref_=fn_tt_tt_1,407,German,Germany,R,2,284,8.5,2.35,39000
2011,b'Courageous',Color,Alex Kendrick,34,129,589,341,Alex Kendrick,690,34.522221,Drama,Ben Davies,15401,2300,T.C. Stallings,7,faith|fatherhood|integrity|police|responsibility,http://www.imdb.com/title/tt1630036/?ref_=fn_tt_tt_1,175,English,USA,PG-13,2,589,7,2.35,10000
2004,b'Before Sunset',Color,Richard Linklater,211,80,0,3,Albert Delpy,50,5.792822,Drama|Romance,Vernon Dobtcheff,168398,65,Marie Pillet,0,book|bookstore|love|simultaneity|train,http://www.imdb.com/title/tt0381681/?ref_=fn_tt_tt_1,492,English,USA,R,2.7,8,8,1.85,13000
2000,b'Amores Perros',Color,Alejandro G. Iñárritu,157,115,0,35,Jorge Salinas,85,5.383834,Drama|Thriller,Adriana Barraza,173551,318,Goya Toledo,0,animal in title|dog fight|mexico city|multiple perspectives|nonlinear timeline,http://www.imdb.com/title/tt0245712/?ref_=fn_tt_tt_1,361,Spanish,Mexico,R,2,79,8.1,1.85,11000
2010,"b""Winter's Bone""",Color,Debra Granik,365,100,81,179,Shelley Waggener,34000,6.531491,Drama,Jennifer Lawrence,111658,34446,Lauren Sweetser,2,bail|crystal meth|family relationships|female protagonist|search for father,http://www.imdb.com/title/tt1399683/?ref_=fn_tt_tt_1,297,English,USA,R,2,248,7.2,1.85,20000
2010,b'Inside Job',Color,Charles Ferguson,171,105,117,18,George W. Bush,13000,4.311834,Crime|Documentary,Matt Damon,55382,13145,Barney Frank,0,florida|iceland|interview|new york city new york|recession,http://www.imdb.com/title/tt1645089/?ref_=fn_tt_tt_1,129,English,USA,PG-13,0,125,8.3,2.35,63000
2002,b'Full Frontal',Color,Steven Soderbergh,108,101,0,685,Enrico Colantoni,8000,2.506446,Comedy|Romance,Julia Roberts,8662,11327,Blair Underwood,0,birthday|friend|hollywood|party|sex,http://www.imdb.com/title/tt0290212/?ref_=fn_tt_tt_1,172,English,USA,R,2,724,4.7,1.85,134
2003,"b'The Book of Mormon Movie, Volume 1: The Journey'",Color,Gary Rogers,7,120,0,40,Kirby Heyborne,178,1.098224,Adventure,Noah Danby,397,359,Bruce Newbold,1,jerusalem|journey|promised land|ship|wilderness,http://www.imdb.com/title/tt0349159/?ref_=fn_tt_tt_1,30,English,USA,PG-13,2,69,3.3,1.85,32
2005,b'Inside Deep Throat', Black and White,Fenton Bailey,123,89,13,218,Bill Maher,373,0.653621,Biography|Documentary|History,Hugh M. Hefner,5615,1136,Linda Lovelace,0,clitoris|deep throat|fellatio|oral sex|porn industry,http://www.imdb.com/title/tt0418753/?ref_=fn_tt_tt_1,64,English,USA,NC-17,2,334,6.8,1.85,592
2000,b'Dinner Rush',Color,Bob Giraldi,39,99,34,120,Manny Perez,388,0.11,Crime|Drama|Romance,Danny Aiello,4359,1156,Ajay Naidu,1,detective|food|gangster|police|restaurant,http://www.imdb.com/title/tt0229340/?ref_=fn_tt_tt_1,73,English,USA,R,0,159,7.3,1.85,495
1997,b'Clockwatchers',Color,Jill Sprecher,41,96,11,490,Bob Balaban,584,0.444354,Comedy|Drama,Alanna Ubach,4049,3011,Jamie Kennedy,4,office|office politics|photo booth|snobbery|title directed by female,http://www.imdb.com/title/tt0118866/?ref_=fn_tt_tt_1,111,English,UK,PG-13,0,559,6.4,0,166
2010,b'The Virginity Hit',Color,Huck Botko,46,86,10,126,Krysta Rodriguez,189,0.535249,Comedy,Matt Bennett,3467,768,Zack Pearlman,0,masturbation|porn star|sex lesson from a prostitute|spreadeagle|topless,http://www.imdb.com/title/tt1695994/?ref_=fn_tt_tt_1,13,English,USA,R,3.4,131,4.6,1.85,974
1985,b'Subway',Color,Luc Besson,30,98,0,164,Isabelle Adjani,1000,0,Comedy|Drama|Thriller,Christopher Lambert,11031,1917,Jean-Hugues Anglade,1,band|blackmail|safe|subway|train,http://www.imdb.com/title/tt0090095/?ref_=fn_tt_tt_1,45,French,France,R,17,572,6.5,2.35,739
2004,b'House of D',Color,David Duchovny,46,96,0,902,Mark Margolis,49000,0.371081,Comedy|Drama,Robin Williams,7479,51441,Frank Langella,2,artist|butchery|catholic|catholic school|friend,http://www.imdb.com/title/tt0372334/?ref_=fn_tt_tt_1,86,English,USA,PG-13,6,1000,7,1.85,857
2007,b'Teeth',Color,Mitchell Lichtenstein,221,94,53,268,Nathan Parsons,386,0.347578,Comedy|Fantasy|Horror|Thriller,Jess Weixler,34556,1511,John Hensley,1,high school|purity|stepbrother|temptation|vagina dentata,http://www.imdb.com/title/tt0780622/?ref_=fn_tt_tt_1,161,English,USA,R,0,357,5.4,1.85,17000
2000,b'Hum To Mohabbat Karega',Color,Kundan Shah,1,0,4,72,Bobby Deol,353,0,Action|Comedy|Romance|Thriller,Karisma Kapoor,275,613,Shakti Kapoor,2,elevator|news reporter|police|restaurant|waiter,http://www.imdb.com/title/tt0249588/?ref_=fn_tt_tt_1,1,Hindi,India,0,0,89,2.8,0,10
2009,b'Saint John of Las Vegas',Color,Hue Rhodes,45,85,0,966,Steve Buscemi,22000,0.100669,Comedy|Drama,Peter Dinklage,2522,36885,Romany Malco,1,city name in title|male frontal nudity|place name in title,http://www.imdb.com/title/tt1276105/?ref_=fn_tt_tt_1,11,English,USA,R,3.8,12000,5.8,2.35,407
1997,b'24 7: Twenty Four Seven', Black and White,Shane Meadows,44,96,222,20,Annette Badland,5000,0,Comedy|Drama|Romance|Sport,Bob Hoskins,2081,5535,Karl Collins,2,fight|gang|hiking|wales|working class,http://www.imdb.com/title/tt0120391/?ref_=fn_tt_tt_1,21,English,UK,R,0,497,7.1,1.85,224
2008,b'Roadside Romeo',Color,Jugal Hansraj,6,93,32,24,Sanjay Mishra,532,0.055202,Animation|Comedy|Family|Romance,Saif Ali Khan,922,653,Javed Jaffrey,0,india|love|love at first sight|mumbai india|reference to edward scissorhands,http://www.imdb.com/title/tt1050739/?ref_=fn_tt_tt_1,17,Hindi,India,PG,0,85,5.3,2.35,39
2003,b'This Thing of Ours',Color,Danny Provenzano,5,100,84,267,Frank Vincent,584,0,Crime|Drama,Vincent Pastore,508,1307,Chuck Zito,4,gangster|heist|internet|mafia|miami florida,http://www.imdb.com/title/tt0338497/?ref_=fn_tt_tt_1,18,English,USA,Not Rated,0,356,5.4,1.85,61
2013,b'The Lost Medallion: The Adventures of Billy Stone',Color,Bill Muir,10,97,19,395,Jansen Panettiere,589,0.549632,Adventure|Family|Fantasy,Alex Kendrick,1278,2522,Tiya Sircar,0,cave|cobra|island|medallion|waterfall,http://www.imdb.com/title/tt1390539/?ref_=fn_tt_tt_1,16,English,Thailand,PG,0,488,4.8,2.35,715
2009,b'The Missing Person',Color,Noah Buschel,66,95,8,399,Amy Ryan,529,0.01758,Drama,Merritt Wever,1268,2749,Paul Adelstein,3,cellphone|detective|missing person|private detective|train,http://www.imdb.com/title/tt1105512/?ref_=fn_tt_tt_1,23,English,USA,0,1.5,423,6.2,1.85,195
1993,b'Return of the Living Dead III',Color,Brian Yuzna,46,97,97,163,Kent McCord,787,0,Horror|Romance|Sci-Fi,Melinda Clarke,10182,1362,Sarah Douglas,1,female nudity|living dead|self mutilation|sequel|zombie,http://www.imdb.com/title/tt0107953/?ref_=fn_tt_tt_1,130,English,USA,R,2,196,5.9,1.85,810
2006,b'Sherrybaby',Color,Laurie Collyer,78,96,38,85,Kate Burton,363,0.198407,Drama,Brad William Henke,10282,774,Michelle Hurst,1,ex convict|halfway house|nipples visible through clothing|orgasm|parole officer,http://www.imdb.com/title/tt0423169/?ref_=fn_tt_tt_1,78,English,USA,R,2,223,6.6,1.85,474
2002,b'Stealing Harvard',Color,Bruce McCulloch,52,85,54,455,Megan Mullally,985,13.973532,Comedy|Crime,Martin Starr,11211,3065,Chris Penn,1,black humor|crying during sex|harvard|humor|man with glasses,http://www.imdb.com/title/tt0265808/?ref_=fn_tt_tt_1,92,English,USA,PG-13,25,637,5.1,1.85,215
2013,b'Plush',Color,Catherine Hardwicke,18,99,308,395,James Kyson,638,0.002843,Thriller,Frances Fisher,2895,2341,Marlene Forte,2,gay interest|guitarist|obsessed fan|seduction|sex scene,http://www.imdb.com/title/tt2226519/?ref_=fn_tt_tt_1,24,English,USA,R,0,449,5.4,1.78,604
2008,"b""Gangster's Paradise: Jerusalema""",Color,Ralph Ziman,30,119,5,12,Kenneth Nkosi,29,0.004958,Action|Crime|Drama,Rapulana Seiphemo,9689,86,Robert Hobbs,2,carjacking|drug lord|johannesburg south africa|police|post apartheid,http://www.imdb.com/title/tt0783532/?ref_=fn_tt_tt_1,23,English,South Africa,R,2,18,7.8,2.35,1000
2004,b'Freeze Frame',Color,John Simpson,24,99,0,268,Lee Evans,766,0,Crime|Drama|Thriller,Colin Salmon,2588,1650,Ian McNeice,1,alibi|box office flop|newspaper clipping|non statutory female on male rape|profiler,http://www.imdb.com/title/tt0363095/?ref_=fn_tt_tt_1,41,English,UK,R,2,312,6.4,2.35,205
2012,b'Supercapitalist',Color,Simon Yin,20,102,0,46,Linus Roache,473,0.01322,Thriller,Paul Sheehan,289,892,Kathy Uyen,0,0,http://www.imdb.com/title/tt1734586/?ref_=fn_tt_tt_1,9,English,USA,Not Rated,0,303,3.9,0,115
2007,b'Rockaway',Color,Jeff Crook,8,90,5,372,Mario Cimarro,601,0,Action|Crime|Drama|Thriller,Nicholas Gonzalez,355,2395,Ricardo Chavira,1,one word title,http://www.imdb.com/title/tt0796355/?ref_=fn_tt_tt_1,6,English,USA,R,2,453,4.6,2.35,44
2008,"b""No Man's Land: The Rise of Reeker""",Color,Dave Payne,21,88,0,332,Lew Temple,633,0,Horror|Thriller,Mircea Monroe,2701,2620,Robert Pine,0,death|desert|robber|sheriff|waitress,http://www.imdb.com/title/tt1090671/?ref_=fn_tt_tt_1,31,English,USA,R,2,597,4.9,1.78,153
2002,b'Highway',Color,James Cox,12,97,10,171,M.C. Gainey,15000,0,Crime|Drama,Jake Gyllenhaal,5182,15740,Mark Rolston,3,1990s|homoeroticism|reference to kurt cobain|road trip|year 1994,http://www.imdb.com/title/tt0165361/?ref_=fn_tt_tt_1,67,English,USA,R,14,284,6.3,2.35,912
2012,b'The Ghastly Love of Johnny X', Black and White,Paul Bunnell,94,106,5,356,Kevin McCarthy,416,0.002436,Comedy|Fantasy|Musical|Sci-Fi,Kate Maberly,344,1611,Paul Williams,2,1950s|independent film|outlaw|trial,http://www.imdb.com/title/tt1754633/?ref_=fn_tt_tt_1,19,English,USA,Not Rated,2,403,5.7,2.35,655
2013,b'All Is Bright',Color,Phil Morrison,41,107,17,322,Curtiss Cook,594,0.004556,Comedy|Drama,Sally Hawkins,4478,2020,Peter Hermann,1,christmas tree|french canadian|new york|salesman,http://www.imdb.com/title/tt1462901/?ref_=fn_tt_tt_1,23,English,USA,R,0,591,5.6,0,825
2007,b'Slacker Uprising',Color,Michael Moore,27,102,909,119,Eddie Vedder,909,0,Documentary,Michael Moore,2242,1674,Steve Earle,0,character name in title|election campaign|presidential election,http://www.imdb.com/title/tt0850669/?ref_=fn_tt_tt_1,15,English,USA,0,2,562,5.3,0,69
2011,"b""The Legend of Hell's Gate: An American Conspiracy""",Color,Tanner Beard,2,108,531,894,Kevin Alejandro,10000,0,Action|Adventure|History|Western,William McNamara,583,15707,Glenn Morshower,1,1800s|doc holliday|robbers|sheriff|texas,http://www.imdb.com/title/tt1220217/?ref_=fn_tt_tt_1,14,English,USA,PG-13,2,1000,4.4,0,651
2015,b'Shark Lake',Color,Jerry Dugan,18,92,3,412,Michael Aaron Milligan,11000,0,Thriller,Melissa Bolona,838,13583,James Chalke,0,blood|daughter|jail|police|shark,http://www.imdb.com/title/tt4416518/?ref_=fn_tt_tt_1,17,English,USA,Not Rated,2,1000,3.4,0,728
2003,b'Northfork',Color,Michael Polish,60,103,35,482,Anthony Edwards,548,1.420578,Drama|Fantasy,Peter Coyote,4894,2389,Jon Gries,0,boy|caretaker|dam|evacuation|orphanage,http://www.imdb.com/title/tt0322659/?ref_=fn_tt_tt_1,122,English,USA,PG-13,1.9,495,6.4,2.35,298
2015,b'The Marine 4: Moving Target',Color,William Kaufman,23,90,58,164,Mike 'The Miz' Mizanin,405,0,Action|Thriller,Paul McGillion,2032,1204,David Lewis,2,killed in police car|mercenary|police officer shot in the leg|police officer shot through the heart|whistleblower,http://www.imdb.com/title/tt3528666/?ref_=fn_tt_tt_1,15,English,USA,R,1.95,217,5.2,1.78,620
2010,b'Buried',Color,Rodrigo Cortés,363,95,89,263,Samantha Mathis,16000,1.028658,Drama|Mystery|Thriller,Ryan Reynolds,118684,17471,Erik Palladino,0,buried alive|coffin|iraq|one person|single set production,http://www.imdb.com/title/tt1462758/?ref_=fn_tt_tt_1,447,English,Spain,R,3,517,7,2.35,24000
2010,b'Submarine',Color,Richard Ayoade,249,97,0,594,Paddy Considine,920,0.466702,Comedy|Drama|Romance,Craig Roberts,65877,3275,Sally Hawkins,1,15 year old|school|teen comedy|teen movie|virginity,http://www.imdb.com/title/tt1440292/?ref_=fn_tt_tt_1,100,English,UK,R,0,680,7.3,1.85,17000
2006,b'One to Another',Color,Pascal Arnold,14,95,0,164,Lizzie Brocheré,533,0.018435,Drama,Karl E. Landler,1010,1082,Pierre Perrier,5,fellatio|female frontal nudity|male frontal nudity|nude sunbathing|orgy,http://www.imdb.com/title/tt0486751/?ref_=fn_tt_tt_1,15,French,France,Unrated,1.4,323,5.8,1.85,104
2013,b'Carrie',Color,Kimberly Peirce,359,100,108,534,Judy Greer,17000,35.266619,Drama|Fantasy|Horror,Chloë Grace Moretz,108248,20051,Portia Doubleday,1,outcast|prom|self injury|telekinesis|tragic event,http://www.imdb.com/title/tt1939659/?ref_=fn_tt_tt_1,371,English,USA,R,30,2000,5.9,2.35,39000
2013,b'ABCD (Any Body Can Dance)',Color,Remo,15,160,168,71,Remo,733,0.095236,Drama|Musical,Lauren Gottlieb,5018,1182,Prabhudheva,3,0,http://www.imdb.com/title/tt2321163/?ref_=fn_tt_tt_1,38,Hindi,India,Not Rated,0,168,6.4,0,1000
1984,b'A Nightmare on Elm Street',Color,Wes Craven,256,101,0,574,Lin Shaye,40000,26.505,Horror,Johnny Depp,149293,42918,Amanda Wyss,1,freddy krueger|lucid dream|serial killer|slasher|sleep deprivation,http://www.imdb.com/title/tt0087800/?ref_=fn_tt_tt_1,668,English,USA,X,1.8,852,7.5,1.85,10000
2015,b'Abandoned',Color,John Laing,0,86,0,3,Peter Feeney,42,0,Drama,Siobhan Marshall,333,90,Rachel Nash,5,boat|one word title|sea|storm|survivor,http://www.imdb.com/title/tt4519006/?ref_=fn_tt_tt_1,6,English,New Zealand,0,0,40,6.3,0,213
2015,b'Brotherly Love',Color,Jamal Hill,10,89,47,585,Adam Ratcliffe,628,0.444044,Drama,Logan Browning,744,4249,Faizon Love,6,basketball|burglary|police|robbery|teenage girl,http://www.imdb.com/title/tt3262990/?ref_=fn_tt_tt_1,19,English,USA,R,1.9,606,7.2,1.85,1000
2009,b'Nowhere Boy',Color,Sam Taylor-Johnson,205,98,456,231,Ophelia Lovibond,1000,1.445366,Biography|Drama|Music,Kristin Scott Thomas,29019,2032,Anne-Marie Duff,1,1960s|childhood|friendship|love|the beatles,http://www.imdb.com/title/tt1266029/?ref_=fn_tt_tt_1,75,English,UK,R,0,548,7.2,2.35,10000
2002,b'El crimen del padre Amaro',Color,Carlos Carrera,85,118,12,67,Ana Claudia Talancón,201,5.709616,Drama|Romance,Damián Alcázar,11088,546,Pedro Armendáriz Jr.,0,church|love|mexico|politics|priest,http://www.imdb.com/title/tt0313196/?ref_=fn_tt_tt_1,110,Spanish,Mexico,R,1.8,163,6.8,1.85,544
2012,b'Beasts of the Southern Wild',Color,Benh Zeitlin,663,93,188,168,Gina Montana,2000,12.784397,Drama|Fantasy,Quvenzhané Wallis,70336,2658,Dwight Henry,0,auroch|community|hospital|illness|six year old,http://www.imdb.com/title/tt2125435/?ref_=fn_tt_tt_1,269,English,USA,PG-13,1.8,458,7.3,1.85,31000
1973,b'Battle for the Planet of the Apes',Color,J. Lee Thompson,62,96,88,196,Paul Williams,595,0,Action|Sci-Fi,Roddy McDowall,22764,1432,Claude Akins,4,ape|general|gorilla|outer space|planet of the apes,http://www.imdb.com/title/tt0069768/?ref_=fn_tt_tt_1,91,English,USA,G,1.8,356,5.5,2.35,511
2011,b'Higher Ground',Color,Vera Farmiga,68,109,0,186,Bill Irwin,553,0.841206,Drama,Donna Murphy,2603,1439,Michael Chernus,0,1960s|belief in the afterlife|domestic violence|faith|minister,http://www.imdb.com/title/tt1562568/?ref_=fn_tt_tt_1,34,English,USA,R,0,471,6.3,1.85,952
2015,b'Vaalu',Color,Vijay Chandar,3,155,0,61,T.R. Silambarasan,141,0,Comedy|Romance,Hansika Motwani,563,349,Brahmanandam,2,0,http://www.imdb.com/title/tt3566698/?ref_=fn_tt_tt_1,6,Tamil,India,0,150,77,5.1,0,82
1993,b'Ed and His Dead Mother', Black and White,Jonathan Wacks,13,93,0,482,Gary Farmer,12000,0,Comedy|Horror,Steve Buscemi,1435,14620,Jon Gries,0,based on ed gein|dog|hyperactive|macabre|zombie,http://www.imdb.com/title/tt0106792/?ref_=fn_tt_tt_1,17,English,USA,PG-13,1.8,580,6.1,1.78,266
2003,b'Travelers and Magicians',Color,Khyentse Norbu,44,108,28,0,Lhakpa Dorji,0,0.505295,Adventure|Drama,Tshewang Dendup,1747,0,Sonam Kinga,0,bhutan|buddhist|monk|storytelling|weaver,http://www.imdb.com/title/tt0378906/?ref_=fn_tt_tt_1,28,Dzongkha,Australia,0,1.8,0,7.5,1.85,353
2007,b'Sublime',Color,Tony Krantz,53,113,15,491,Tom Cavanagh,647,0,Horror|Thriller,George Newbern,6267,2439,Cas Anvar,0,birthday|birthday party|colonoscopy|hospital|surgery,http://www.imdb.com/title/tt0822858/?ref_=fn_tt_tt_1,103,English,USA,R,1.8,642,5.3,2.35,368
2016,"b""A Beginner's Guide to Snuff""",Color,Mitchell Altieri,0,87,9,165,Luke Edwards,467,0,Comedy|Horror|Thriller,Kimberley Crossman,13,1270,Bree Williamson,0,0,http://www.imdb.com/title/tt4058122/?ref_=fn_tt_tt_1,0,English,USA,0,0,258,8.7,0,8
2013,b'Independence Daysaster',Color,W.D. Hogan,10,90,4,91,Keenan Tracey,433,0,Action|Sci-Fi,Tom Everett Scott,761,984,Nicholas Carella,0,fireworks|kiss|to be continued ending|uncle nephew relationship|usaf,http://www.imdb.com/title/tt2645670/?ref_=fn_tt_tt_1,12,English,Canada,PG-13,1.8,108,3.4,0,566
2012,b'Dysfunctional Friends',Color,Corey Grant,4,111,21,685,Essence Atkins,761,0,Comedy|Drama,Christian Keyes,686,4306,Tatyana Ali,13,ex boyfriend ex girlfriend relationship|gossip|inheritance|mansion|reference to howard university,http://www.imdb.com/title/tt1653002/?ref_=fn_tt_tt_1,8,English,USA,Not Rated,1.8,713,5.4,1.85,569
2013,b'Against the Wild',Color,Richard Boddington,11,90,15,120,CJ Adams,900,0,Adventure|Family,Natasha Henstridge,840,1724,Erin Pitt,3,cave|salmon,http://www.imdb.com/title/tt2475846/?ref_=fn_tt_tt_1,9,English,Canada,PG,2,450,4.7,0,326
2013,b'Living Dark: The Story of Ted the Caver',Color,David Hunt,1,112,0,11,Chris Cleveland,86,0,Horror,Matthew Alan,28,139,Circus-Szalewski,0,brother|cave|caver|dark|funeral,http://www.imdb.com/title/tt2100573/?ref_=fn_tt_tt_1,1,English,USA,PG-13,1.75,42,6.3,1.85,73
1972,b'Conquest of the Planet of the Apes',Color,J. Lee Thompson,80,88,88,67,Gordon Jump,595,0,Action|Sci-Fi,Roddy McDowall,23268,941,John Randolph,0,ape|future|intelligence|revolution|slave revolt,http://www.imdb.com/title/tt0068408/?ref_=fn_tt_tt_1,95,English,USA,PG,1.7,70,6.1,2.35,794
2001,b'In the Bedroom',Color,Todd Field,179,138,143,783,Sissy Spacek,1000,35.918429,Crime|Drama,Tom Wilkinson,32415,3970,Karen Allen,1,doctor|maine|only son|school choir|summer,http://www.imdb.com/title/tt0247425/?ref_=fn_tt_tt_1,510,English,USA,R,1.7,874,7.5,2.35,951
2010,b'I Spit on Your Grave',Color,Steven R. Monroe,225,105,68,374,Chad Lindberg,635,0.092401,Horror|Thriller,Sarah Butler,56402,2423,Daniel Franzese,0,horror movie remake|rape|rape and revenge|rape victim|revenge,http://www.imdb.com/title/tt1242432/?ref_=fn_tt_tt_1,209,English,USA,R,2,445,6.3,2.35,17000
1999,"b'Happy, Texas'",Color,Mark Illsley,77,98,3,327,Illeana Douglas,349,1.943649,Comedy|Crime|Romance,Ally Walker,8697,2095,Jeremy Northam,3,banker|beauty pageant|escaped convict|gay|pageant,http://www.imdb.com/title/tt0162360/?ref_=fn_tt_tt_1,122,English,USA,PG-13,1.7,347,6.3,1.85,374
2004,b'My Summer of Love',Color,Pawel Pawlikowski,124,86,84,34,Natalie Press,680,0.992238,Drama|Romance,Paddy Considine,16349,763,Dean Andrews,0,female frontal nudity|lesbian relationship|summer|voyeurism|yorkshire,http://www.imdb.com/title/tt0382189/?ref_=fn_tt_tt_1,103,English,UK,R,1.7,46,6.8,1.85,869
2013,b'The Lunchbox',Color,Ritesh Batra,195,104,25,73,Nimrat Kaur,638,4.2315,Drama|Romance,Nawazuddin Siddiqui,30479,822,Lillete Dubey,2,delivery|delivery to wrong address|lunchbox|open ended|unconventional romance,http://www.imdb.com/title/tt2350496/?ref_=fn_tt_tt_1,162,Hindi,India,PG,1,85,7.8,2.35,16000
2004,b'Yes',Color,Sally Potter,76,100,87,420,Joan Allen,887,0.396035,Drama|Romance,Shirley Henderson,2725,2721,Stephanie Leonidas,0,beach|lebanese|loss|muslim|restaurant,http://www.imdb.com/title/tt0381717/?ref_=fn_tt_tt_1,48,English,UK,R,1,805,6.9,1.85,305
1999,b'Foolish',Color,Dave Meyers,16,84,11,249,Clifton Powell,489,6.026908,Comedy|Drama,Eddie Griffin,536,2196,Marla Gibbs,0,accidental killing|drug humor|profanity|sexual humor|stand up comedy,http://www.imdb.com/title/tt0166195/?ref_=fn_tt_tt_1,13,English,USA,R,2,469,4.3,0,43
2010,b'N-Secure',Color,David M. Matthews,5,0,8,394,Lamman Rucker,713,2.592808,Crime|Drama|Thriller,Essence Atkins,548,3137,Tempestt Bledsoe,5,betrayal|family relationships|insecurity|murder|passive aggression,http://www.imdb.com/title/tt1289419/?ref_=fn_tt_tt_1,15,English,USA,R,0,607,3.5,2.35,588
2014,b'Out of the Dark',Color,Lluís Quílez,40,92,0,2,Pixie Davies,327,0,Horror|Thriller,Stephen Rea,2621,380,Alejandro Furth,3,haunted house,http://www.imdb.com/title/tt2872724/?ref_=fn_tt_tt_1,18,English,USA,R,0,51,4.7,2.35,844
1974,b'The Conversation',Color,Francis Ford Coppola,149,113,0,324,Teri Garr,11000,0,Drama|Mystery|Thriller,Harrison Ford,74651,12157,Cindy Williams,2,corruption|neo noir|recording|saxophone|surveillance,http://www.imdb.com/title/tt0071360/?ref_=fn_tt_tt_1,313,English,USA,PG,1.6,481,7.9,1.37,6000
2005,b'Dil Jo Bhi Kahey...',Color,Romesh Sharma,4,0,0,45,Revathy,421,0.129319,Romance,Annabelle Wallis,257,622,Bhoomika Chawla,4,0,http://www.imdb.com/title/tt0442764/?ref_=fn_tt_tt_1,4,English,India,0,70,96,5.1,0,9
2003,b'I Love Your Work',Color,Adam Goldberg,22,111,1000,127,Marisa Coughlan,2000,0.00258,Drama|Mystery,Judy Greer,1618,2564,Nicky Katt,2,film student|marriage|mental breakdown|movie star|obsession,http://www.imdb.com/title/tt0322700/?ref_=fn_tt_tt_1,40,English,USA,R,1.65,163,5.4,2.35,63
2016,b'Cabin Fever',Color,Travis Zariwny,68,99,4,114,Gage Golightly,427,0,Horror,Dustin Ingram,3313,992,Samuel Davis,0,female rear nudity|flesh eating virus|horror movie remake|remake|topless female nudity,http://www.imdb.com/title/tt3832096/?ref_=fn_tt_tt_1,40,English,USA,Not Rated,0,253,3.7,0,2000
2004,b'Dawn of the Dead',Color,Zack Snyder,287,110,0,1000,Kevin Zegers,3000,58.885635,Action|Horror|Thriller,Ty Burrell,194426,10438,Mekhi Phifer,0,mall|mayhem|nurse|rear entry sex|survival horror,http://www.imdb.com/title/tt0363547/?ref_=fn_tt_tt_1,1057,English,USA,R,26,2000,7.4,2.35,7000
2001,b'Kissing Jessica Stein',Color,Charles Herman-Wurmfeld,110,97,0,117,Jennifer Westfeldt,378,7.02294,Comedy|Drama|Romance,Scott Cohen,14018,1173,Brian Stepanek,1,friend|friendship|journalist|new york city|personal ad,http://www.imdb.com/title/tt0264761/?ref_=fn_tt_tt_1,190,English,USA,R,1,321,6.7,1.85,682
2009,"b'A Woman, a Gun and a Noodle Shop'",Color,Yimou Zhang,101,95,611,3,Ni Yan,9,0.190666,Comedy|Drama,Honglei Sun,2410,18,Dahong Ni,1,betrayal|husband wife relationship|murder|noodles|salary,http://www.imdb.com/title/tt1428556/?ref_=fn_tt_tt_1,20,Mandarin,China,R,0,4,5.7,2.35,784
1994,b'Exotica',Color,Atom Egoyan,53,103,460,900,Mia Kirshner,991,5.132222,Drama|Mystery|Romance,Bruce Greenwood,14112,2990,Sarah Polley,1,bird|cult film|egg|nightclub|toronto,http://www.imdb.com/title/tt0109759/?ref_=fn_tt_tt_1,83,English,Canada,R,2,971,7.2,1.85,619
2010,b'Insidious',Color,James Wan,445,103,0,588,Barbara Hershey,852,53.991137,Fantasy|Horror|Mystery|Thriller,Lin Shaye,202800,3030,Philip Friedman,1,baby|boy|coma|demon|house,http://www.imdb.com/title/tt1591095/?ref_=fn_tt_tt_1,752,English,USA,PG-13,1.5,618,6.8,2.35,60000
2005,b'The Ballad of Jack and Rose',Color,Rebecca Miller,75,112,58,42,Susanna Thompson,552,0.712294,Drama,Beau Bridges,9408,859,Ryan McDonald,1,commune|defecation|environmentalism|fellatio|island,http://www.imdb.com/title/tt0357110/?ref_=fn_tt_tt_1,68,English,USA,R,1.5,265,6.7,1.66,608
1993,b'Killing Zoe',Color,Roger Avary,37,99,675,164,Salvator Xuereb,902,0.418953,Crime|Drama|Thriller,Eric Stoltz,17322,1582,Jean-Hugues Anglade,0,bank|bastille day|call girl|childhood friend|drugs,http://www.imdb.com/title/tt0110265/?ref_=fn_tt_tt_1,93,English,France,R,1.5,424,6.5,1.85,853
2007,b'Snow Angels',Color,David Gordon Green,88,107,234,442,Connor Paolo,947,0.40282,Drama|Romance,Michael Angarano,10896,2747,Tom Noonan,0,flashback|football game|school|small town|snow,http://www.imdb.com/title/tt0453548/?ref_=fn_tt_tt_1,57,English,USA,R,0,530,6.9,2.35,415
2014,b'Unsullied',Color,Simeon Rice,6,93,6,56,Lisa Brave,393,0,Action|Horror|Thriller,Ward G. Smith,95,792,Malone Thomas,1,0,http://www.imdb.com/title/tt3139764/?ref_=fn_tt_tt_1,3,English,USA,R,1.5,191,5.5,2.35,307
2002,b'Stolen Summer',Color,Pete Jones,31,91,18,597,Aidan Quinn,954,0.119841,Drama,Brian Dennehy,2419,3901,Bonnie Hunt,1,catholic|catholicism|rabbi|school|summer,http://www.imdb.com/title/tt0286162/?ref_=fn_tt_tt_1,55,English,USA,PG,1.5,767,6.5,1.85,304
2005,b'The Salon',Color,Mark Brown,14,90,7,424,Monica Calhoun,890,0.092362,Comedy|Drama,Vivica A. Fox,444,3138,Garrett Morris,7,0,http://www.imdb.com/title/tt0436742/?ref_=fn_tt_tt_1,5,English,USA,PG-13,1.5,597,4.3,1.85,68
2015,b'Road Hard',Color,Adam Carolla,14,98,102,360,Jim O'Heir,563,0.105943,Comedy,Jay Mohr,1351,2628,David Alan Grier,0,girl in panties|panties|red panties|stand up comedy,http://www.imdb.com/title/tt3110770/?ref_=fn_tt_tt_1,11,English,USA,0,1.5,485,6.1,0,212
2005,b'Forty Shades of Blue',Color,Ira Sachs,39,108,60,121,Jenny O'Hara,826,0,Drama|Music|Romance,Rip Torn,1134,1240,Darren E. Burrows,0,love|music producer|previous marriage|rock 'n' roll|russian,http://www.imdb.com/title/tt0395543/?ref_=fn_tt_tt_1,26,English,USA,R,1.5,189,6,1.85,216
2010,b'Amigo',Color,John Sayles,35,124,407,7,John Arcilla,38,0.18349,Drama|War,Brian Lee Franklin,463,60,Ronnie Lazaro,0,american|filipino|friendship|guerrilla army|village,http://www.imdb.com/title/tt1562847/?ref_=fn_tt_tt_1,8,English,USA,R,1.7,8,5.8,0,594
2008,b'Trucker',Color,James Mottern,46,90,7,711,Joey Lauren Adams,87000,0.052166,Drama,Jimmy Bennett,2792,89263,Matthew Lawrence,3,cancer|cigarette smoking|hospital|one night stand|trucker,http://www.imdb.com/title/tt1087527/?ref_=fn_tt_tt_1,22,English,USA,R,2,781,6.7,2.35,371
2015,b'Me You and Five Bucks',Color,Jaime Zevallos,0,93,228,134,Jaime Zevallos,310,0,Comedy|Drama|Romance,Angela Sarafyan,7,771,Michael Elian,1,0,http://www.imdb.com/title/tt2265431/?ref_=fn_tt_tt_1,0,English,USA,0,1.5,228,7.6,0,132
2012,b'The Lords of Salem',Color,Rob Zombie,234,101,0,721,Dee Wallace,1000,1.163508,Drama|Fantasy|Horror|Thriller,Sid Haig,20376,5158,Michael Berryman,1,blood|flashback|radio dj|radio station|vinyl,http://www.imdb.com/title/tt1731697/?ref_=fn_tt_tt_1,166,English,USA,R,2.5,725,5.1,2.35,15000
2014,b'Housebound',Color,Gerard Johnstone,166,107,3,28,Bruce Hopkins,61,0,Comedy|Horror|Mystery,Morgana O'Reilly,23323,165,Cameron Rhodes,3,bloody violence|exploding head|haunted house|plot twist|slapstick,http://www.imdb.com/title/tt3504048/?ref_=fn_tt_tt_1,83,English,New Zealand,Not Rated,0.35,46,6.8,2.35,10000
2005,b'Fetching Cody',Color,David Ray,16,87,0,108,Sarah Lind,199,0,Drama|Fantasy|Romance,Nicole Muñoz,1232,596,Kyla Wise,2,death|high school|prostitute|suicide|time travel,http://www.imdb.com/title/tt0475271/?ref_=fn_tt_tt_1,10,English,Canada,0,1.5,134,6.8,0,193
2013,b'Once Upon a Time in Queens',0,Dave Rodriguez,9,98,11,636,Michael Rapaport,979,0,Comedy|Drama,Chazz Palminteri,291,4036,Paul Sorvino,2,0,http://www.imdb.com/title/tt1639397/?ref_=fn_tt_tt_1,7,English,USA,R,1.5,975,6.3,1.89,283
2014,b'Mutant World',Color,David Winning,4,82,65,146,Amber Marshall,341,0,Sci-Fi,Ashanti,459,967,John DeSantis,0,0,http://www.imdb.com/title/tt3626436/?ref_=fn_tt_tt_1,10,English,Canada,0,1.5,265,2.8,0,236
2015,b'Growing Up Smith',Color,Frank Lotito,0,102,5,259,Jake Busey,3000,0,Comedy|Drama|Family,Brighton Sharbino,108,4320,Tim Guinee,0,adolescence|girl next door|growing vegetables|high standards|sent away,http://www.imdb.com/title/tt1105355/?ref_=fn_tt_tt_1,1,English,USA,PG-13,2,660,8.2,1.85,232
2015,b'Checkmate',Color,Timothy Woodward Jr.,6,97,764,492,Johnny Messner,835,0,Action|Crime|Thriller,Katrina Law,735,2882,Michael Paré,3,0,http://www.imdb.com/title/tt3781616/?ref_=fn_tt_tt_1,18,English,USA,0,1.5,522,3.1,2.35,402
2012,b'Jack Reacher',Color,Christopher McQuarrie,387,130,188,1000,Robert Duvall,10000,80.033643,Action|Crime|Mystery|Thriller,Tom Cruise,226583,16385,David Oyelowo,2,coma|mysterious villain|police chase|shooting range|sniper,http://www.imdb.com/title/tt0790724/?ref_=fn_tt_tt_1,448,English,USA,PG-13,60,3000,7,2.35,38000
2015,b'#Horror',Color,Tara Subkoff,35,101,37,56,Balthazar Getty,501,0,Drama|Horror|Mystery|Thriller,Timothy Hutton,1547,1044,Lydia Hearst,1,bullying|cyberbullying|girl|internet|throat slitting,http://www.imdb.com/title/tt3526286/?ref_=fn_tt_tt_1,42,English,USA,Not Rated,1.5,418,3.3,0,750
2015,b'Wind Walkers',Color,Russell Friedenberg,27,93,9,485,Glen Powell,708,0,Action|Horror|Thriller,Rudy Youngblood,133,2870,Kiowa Gordon,0,after dark horrorfest,http://www.imdb.com/title/tt1236254/?ref_=fn_tt_tt_1,2,English,USA,R,2,571,3.6,0,135
2004,b'The Holy Girl',Color,Lucrecia Martel,78,106,33,3,Mercedes Morán,341,0.304124,Drama,Mía Maestro,2720,358,María Alche,0,16 year old|doctor|hotel|tinnitus|title directed by female,http://www.imdb.com/title/tt0300270/?ref_=fn_tt_tt_1,37,Spanish,Argentina,R,1.4,5,6.7,1.85,57
2004,b'Incident at Loch Ness',Color,Zak Penn,60,94,87,37,Gabriel Beristain,87,0.03683,Adventure|Comedy|Horror,Zak Penn,3291,256,John Bailey,0,boat|director|loch ness|loch ness monster|monster,http://www.imdb.com/title/tt0374639/?ref_=fn_tt_tt_1,63,English,UK,PG-13,1.4,70,6.6,1.85,400
2016,b'The Dog Lover',Color,Alex Ranarivelo,9,101,20,256,Christina Moore,1000,0,Drama,Lea Thompson,162,2419,Cullen Douglas,0,0,http://www.imdb.com/title/tt4063178/?ref_=fn_tt_tt_1,8,English,USA,PG,2,301,4.8,2.35,724
2014,b'Girl House',Color,Jon Knautz,63,99,10,295,Adam DiMarco,756,0,Horror|Thriller,Camren Bicondova,4948,2072,Chasty Ballesteros,0,college student|disfigured face|house|suicide|website,http://www.imdb.com/title/tt2577172/?ref_=fn_tt_tt_1,33,English,Canada,0,3.15,382,5.5,2.35,969
2014,b'The Blue Room',Color,Mathieu Amalric,92,76,412,3,Léa Drucker,412,0.231186,Crime|Romance|Thriller,Mathieu Amalric,2082,421,Laurent Poitrenaux,0,male pubic hair|manipulative personality|murder of wife|neglected wife|pubic hair,http://www.imdb.com/title/tt3230082/?ref_=fn_tt_tt_1,16,French,France,R,0,4,6.3,1.33,389
2014,b'House at the End of the Drive',Color,David Worth,4,91,58,69,Jonathan Mangum,847,0,Horror|Thriller,Jessica Szohr,330,1159,Angela Jones,0,ghost story|manson family|paranormal|real life event|reference to sharon tate,http://www.imdb.com/title/tt0464054/?ref_=fn_tt_tt_1,6,English,USA,R,1.4,147,6.9,0,223
1998,"b'Lock, Stock and Two Smoking Barrels'",Color,Guy Ritchie,116,120,0,452,Jason Flemyng,26000,3.650677,Comedy|Crime,Jason Statham,414976,28294,Dexter Fletcher,1,antique|cockney accent|hatchet|money|shotgun,http://www.imdb.com/title/tt0120735/?ref_=fn_tt_tt_1,523,English,UK,R,0.96,1000,8.2,1.85,21000
1982,b'The Ballad of Gregorio Cortez',Color,Robert M. Young,0,105,0,467,Bruce McGill,883,0,Western,Barry Corbin,39,3164,Ned Beatty,0,0,http://www.imdb.com/title/tt3551840/?ref_=fn_tt_tt_1,2,English,USA,0,1.25,655,7.1,0,32
1998,b'The Celebration',Color,Thomas Vinterberg,98,105,346,141,Paprika Steen,280,1.64778,Drama,Ulrich Thomsen,65951,821,Trine Dyrholm,1,dogme 95|family secret|haunted by the past|secret|speech,http://www.imdb.com/title/tt0154420/?ref_=fn_tt_tt_1,258,Danish,Denmark,R,1.3,278,8.1,1.33,5000
1996,b'Trees Lounge',Color,Steve Buscemi,43,95,12000,636,Debi Mazar,12000,0.695229,Comedy|Drama,Steve Buscemi,11369,14420,Carol Kane,1,alcoholic drink|bar|drink|drinking|drunk,http://www.imdb.com/title/tt0117958/?ref_=fn_tt_tt_1,65,English,USA,R,1.3,680,7.2,1.85,872
2006,b'Journey from the Fall',Color,Ham Tran,15,135,5,5,Kieu Chinh,51,0.638951,Drama,Long Nguyen,775,83,Cat Ly,2,1970s|1980s|nonlinear timeline|rescue|vietnam war,http://www.imdb.com/title/tt0433398/?ref_=fn_tt_tt_1,19,Vietnamese,USA,R,1.592,24,7.4,1.85,100
1999,b'The Basket',Color,Rich Cowan,14,105,7,548,Karen Allen,2000,0.609042,Drama,Eric Dane,449,3475,Peter Coyote,2,basketball|german immigrant|opera|two word title|war orphan,http://www.imdb.com/title/tt0190255/?ref_=fn_tt_tt_1,38,English,USA,PG,1.3,783,6.5,1.85,117
2012,b'Eddie: The Sleepwalking Cannibal',Color,Boris Rodriguez,56,83,5,98,Thure Lindhardt,413,0.001521,Comedy|Horror,Stephen McHattie,1231,843,Georgina Reilly,0,art teacher|cannibal|inspiration|painter|sleepwalking,http://www.imdb.com/title/tt1480658/?ref_=fn_tt_tt_1,10,English,Canada,Not Rated,1.5,197,5.7,0,932
1985,b'Def-Con 4',Color,Paul Donovan,18,88,4,13,Lenore Zann,232,0,Action|Sci-Fi,Maury Chaykin,1339,289,Tim Choate,0,canuxploitation|independent film|post apocalypse|remake|survival,http://www.imdb.com/title/tt0087130/?ref_=fn_tt_tt_1,46,English,Canada,R,1.75,23,4.3,1.85,220
2003,b'The Hebrew Hammer', Black and White,Jonathan Kesselman,35,87,4,624,Adam Goldberg,2000,0.019539,Comedy,Judy Greer,4182,6227,Tony Cox,1,blaxploitation|hanukkah|jewish|kwanzaa|santa claus,http://www.imdb.com/title/tt0317640/?ref_=fn_tt_tt_1,53,English,USA,R,1,1000,6.2,1.85,3000
2005,"b""Neal 'N' Nikki""",Color,Arjun Sablok,5,97,0,40,Uday Chopra,374,0.100358,Comedy|Musical|Romance,Abhishek Bachchan,1167,602,Samantha McLeod,2,interrupted sex|kiss|love|mistaken sex scene|sex in car,http://www.imdb.com/title/tt0470869/?ref_=fn_tt_tt_1,24,English,India,0,1.5,145,3.3,2.35,66
2009,b'Forget Me Not',Color,Tyler Oliver,24,103,0,511,Chloe Bridges,35000,0,Horror|Romance|Thriller,Bella Thorne,4866,38121,Christopher Atkins,1,0,http://www.imdb.com/title/tt1147684/?ref_=fn_tt_tt_1,38,English,USA,R,1.3,516,5.2,2.35,969
2011,b'The Lion of Judah',Color,Deryck Broom,7,87,11,397,Omar Benson Miller,578,0,Animation,Vic Mignogna,458,1730,Anupam Kher,0,animal|donkey|lamb|pig|rooster,http://www.imdb.com/title/tt1212022/?ref_=fn_tt_tt_1,3,English,USA,PG,15,418,3.7,1.78,381
2014,b'Da Sweet Blood of Jesus',Color,Spike Lee,46,123,0,161,Elvis Nolasco,3000,0,Comedy|Romance|Thriller,Rami Malek,794,4040,Felicia Pearson,0,horror movie remake|remake|undead|undead sex|undead sexuality,http://www.imdb.com/title/tt3104930/?ref_=fn_tt_tt_1,9,English,USA,0,1.42,372,4.1,2.35,447
1989,"b'Sex, Lies, and Videotape'",Color,Steven Soderbergh,58,100,0,65,Laura San Giacomo,828,24.7417,Drama,Peter Gallagher,37785,1431,Steven Brill,2,affair|interview|marriage|sex|videotape,http://www.imdb.com/title/tt0098724/?ref_=fn_tt_tt_1,95,English,USA,R,1.2,531,7.2,1.85,2000
2014,b'The Algerian',Color,Giovanni Zelko,5,99,4,434,Harry Lennix,18000,0,Action|Romance|Thriller,Zuhair Haddad,101,20218,Ben Youcef,6,algeria|algerian|los angeles california|muslim,http://www.imdb.com/title/tt1681370/?ref_=fn_tt_tt_1,1,English,USA,0,1.3,748,7.6,1.85,221
2013,b'The Amazing Catfish',Color,Claudia Sainte-Luce,50,89,0,3,Vera Wilson,31,0.011278,Comedy|Drama,Ximena Ayala,1229,58,José Manuel Orozco Angulo,0,actress shares first name with character|appendicitis|hospital|loss of mother|supermarket,http://www.imdb.com/title/tt2414046/?ref_=fn_tt_tt_1,2,Spanish,Mexico,0,1.3,24,7,0,407
2000,b'You Can Count on Me',Color,Kenneth Lonergan,122,111,50,612,Rory Culkin,2000,9.180275,Drama,Matthew Broderick,22145,4288,Gaby Hoffmann,0,bank|car accident|cheating husband|new york|single mother,http://www.imdb.com/title/tt0203230/?ref_=fn_tt_tt_1,231,English,USA,R,1.2,710,7.7,1.85,756
2006,b'Lucky Number Slevin',Color,Paul McGuigan,202,110,118,1000,Morgan Freeman,13000,22.494487,Crime|Drama|Mystery|Thriller,Bruce Willis,262160,26451,Dorian Missick,3,coroner|death|gay son|love|mistaken identity,http://www.imdb.com/title/tt0425210/?ref_=fn_tt_tt_1,507,English,Germany,R,27,11000,7.8,2.35,10000
1992,b'Reservoir Dogs',Color,Quentin Tarantino,173,99,16000,455,Steve Buscemi,16000,2.812029,Crime|Drama|Thriller,Quentin Tarantino,664719,28994,Chris Penn,0,gang|heist|heist gone wrong|nonlinear timeline|robbery,http://www.imdb.com/title/tt0105236/?ref_=fn_tt_tt_1,931,English,USA,R,1.2,12000,8.4,2.35,19000
2001,b'Down and Out with the Dolls',Color,Kurt Voss,12,88,0,3,Coyote Shivers,268,0.058936,Comedy|Music,Lemmy,91,318,Zoë Poledouris,0,female bassist|female drummer|female guitarist|female singer|portland oregon,http://www.imdb.com/title/tt0283323/?ref_=fn_tt_tt_1,4,English,USA,R,1.2,44,6.1,1.78,27
2011,"b'Pink Ribbons, Inc.'",Color,Léa Pool,23,97,4,0,0,0,0.024784,Documentary,0,591,0,0,0,breast cancer|comma in title|period in title|punctuation in title|three word title,http://www.imdb.com/title/tt2035599/?ref_=fn_tt_tt_1,10,English,Canada,Not Rated,1.2,0,7.4,0,5000
2007,b'Certifiably Jonathan',Color,James David Pasternak,17,85,0,924,Sarah Silverman,49000,0.007826,Comedy|Documentary,Robin Williams,132,54484,Jonathan Winters,10,las vegas nevada|museum|reference to mr. rogers|reference to vincent van gogh|talking about suicide,http://www.imdb.com/title/tt0976025/?ref_=fn_tt_tt_1,2,English,USA,0,1.2,931,6.2,0,87
2011,b'Q',Color,Laurent Bouhnik,9,103,0,24,Johnny Amaro,34,0,Drama,Déborah Révy,4068,114,Yassine Azzouz,1,female explicit nudity|hand job|oral sex|penetration|unsimulated sex,http://www.imdb.com/title/tt1879030/?ref_=fn_tt_tt_1,16,French,France,0,1.5,29,5.6,1.78,754
2013,b'The Knife of Don Juan',Color,Tom Sanchez,1,110,0,0,Antonio Arrué,3,0.00383,Comedy|Drama,Nataniel Sánchez,27,5,Juan Carlos Montoya,3,0,http://www.imdb.com/title/tt1349485/?ref_=fn_tt_tt_1,1,Spanish,USA,0,1.2,2,7.2,0,75
2003,b'Grand Theft Parsons',Color,David Caffrey,51,88,4,95,Scott Adsit,690,0,Adventure|Comedy|Drama,Marley Shelton,2953,1438,Jim Cody Williams,1,guitar|hearse|manager|musician|singer,http://www.imdb.com/title/tt0338075/?ref_=fn_tt_tt_1,38,English,USA,PG-13,0,316,6.1,1.85,480
2008,b'Extreme Movie',Color,Adam Jay Epstein,14,76,0,227,Denise Boutte,387,0,Comedy,Rich Ceraulo,9560,1190,Vanessa Lee Chester,6,box office flop|female frontal nudity|pink bra and panties|red bra and panties|sex,http://www.imdb.com/title/tt0806147/?ref_=fn_tt_tt_1,35,English,USA,R,0,295,3.8,1.85,636
2011,b'Below Zero',Color,Justin Thomas Ostensen,18,99,0,5,Kristin Booth,721,0,Thriller,Michael Berryman,652,862,Michael Eisner,2,0,http://www.imdb.com/title/tt1641388/?ref_=fn_tt_tt_1,11,English,Canada,R,1.2,134,4.5,0,161
2012,b'Crowsnest',Color,Brenton Spencer,22,84,0,63,Victor Zinck Jr.,380,0,Action|Horror|Mystery|Thriller,Christie Burke,1321,630,Chelsey Reist,0,forest|found footage|lost|murder|road trip,http://www.imdb.com/title/tt2180333/?ref_=fn_tt_tt_1,51,English,Canada,R,1.2,91,3.8,0,238
1970,b'Cotton Comes to Harlem',Color,Ossie Davis,30,97,282,148,Cleavon Little,586,0,Action|Comedy,Redd Foxx,1172,1581,Calvin Lockhart,1,black cop|chase|cotton|four word title|new york city,http://www.imdb.com/title/tt0065579/?ref_=fn_tt_tt_1,27,English,USA,R,1.2,434,6.6,1.85,477
2015,b'The Wicked Within',Color,Jay Alaimo,9,84,2,475,Sabrina Carmichael,10000,0,Horror,William McNamara,742,11257,Patrick Muldoon,0,after dark horrorfest,http://www.imdb.com/title/tt1943014/?ref_=fn_tt_tt_1,7,English,USA,R,1.2,500,4.6,0,479
2015,b'Bleeding Hearts',Color,Dylan Bank,7,100,0,312,Deirdre Lorenz,498,0,Horror,Seregon O'Dassey,71,1810,Dustin Diamond,1,bare breasts|bra and panties|nudity|syringe,http://www.imdb.com/title/tt2622294/?ref_=fn_tt_tt_1,2,English,USA,0,1.2,350,4.2,0,242
1987,b'From a Whisper to a Scream',Color,Jeff Burr,57,92,155,147,Clu Gulager,448,1.4,Action|Drama|Horror|Thriller,Terry Kiser,1324,1329,Susan Tyrrell,0,bathtub|cult film|neck breaking|tennessee|wraparound story,http://www.imdb.com/title/tt0091671/?ref_=fn_tt_tt_1,37,English,USA,R,1.1,426,5.9,1.85,241
2002,b'Sex with Strangers',Color,Harry Gantz,12,105,0,0,0,0,0.24774,Documentary|Drama,0,285,0,0,0,bisexual|explicit sex|sex|stranger|swing,http://www.imdb.com/title/tt0304692/?ref_=fn_tt_tt_1,8,English,USA,0,0,0,4.7,1.33,51
2002,"b""Dracula: Pages from a Virgin's Diary""", Black and White,Guy Maddin,58,73,126,3,CindyMarie Small,14,0.039659,Comedy|Horror|Musical,Sarah Murphy-Dyson,1555,21,Brent Neale,1,ballet|cult film|dance|dracula|gothic,http://www.imdb.com/title/tt0293113/?ref_=fn_tt_tt_1,32,English,Canada,0,1.6,4,7,1.85,131
2011,b'The Raid: Redemption',Color,Gareth Evans,481,102,338,60,Yayan Ruhian,1000,4.105123,Action|Crime|Thriller,Iko Uwais,148221,1445,Donny Alamsyah,0,apartment|drug lord|gangster|police|swat team,http://www.imdb.com/title/tt1899353/?ref_=fn_tt_tt_1,316,Indonesian,Indonesia,R,1.1,342,7.6,1.85,51000
2010,b'The Dead Undead',Color,Matthew R. Anderson,17,89,252,252,Vernon Wells,1000,0,Action|Horror|Sci-Fi,Johnny Pacar,737,2510,Matthew R. Anderson,1,flashback|immortality|rural setting|vampire|zombie,http://www.imdb.com/title/tt0923653/?ref_=fn_tt_tt_1,15,English,USA,R,1.1,745,3,1.85,444
2013,b'The Vatican Exorcisms',Color,Joe Marino,9,76,0,0,Anella Vastola,12,0,Horror,Piero Maggiò,332,12,Joe Marino,0,0,http://www.imdb.com/title/tt3043194/?ref_=fn_tt_tt_1,10,English,Italy,R,1.1,0,2.6,2.35,200
2009,b'Rocket Singh: Salesman of the Year',Color,Shimit Amin,14,150,6,20,Shazahn Padamsee,964,0,Comedy|Drama,Ranbir Kapoor,11010,1052,Gauhar Khan,1,boss|computer|honesty|sales|salesman,http://www.imdb.com/title/tt1434447/?ref_=fn_tt_tt_1,35,Hindi,India,0,0,22,7.5,0,773
2014,b'The Sleepwalker',Color,Mona Fastvold,16,91,2,9,Brady Corbet,321,0,Drama,Christopher Abbott,512,622,Gitte Witt,1,female nudity|male nudity|male rear nudity|nudity,http://www.imdb.com/title/tt2723576/?ref_=fn_tt_tt_1,2,English,Norway,Not Rated,1.1,287,4.9,2.35,234
1980,b'The Fog',Color,John Carpenter,212,89,0,606,Hal Holbrook,2000,21.378,Fantasy|Horror,Jamie Lee Curtis,46493,4878,Janet Leigh,0,california|fog|leper|lighthouse|ship,http://www.imdb.com/title/tt0080749/?ref_=fn_tt_tt_1,335,English,USA,R,1,826,6.8,2.35,7000
2014,b'Unfriended',Color,Levan Gabriadze,270,83,6,142,Renee Olstead,707,31.53732,Horror|Mystery|Thriller,Shelley Hennig,44329,1565,Heather Sossaman,0,blender|computer screen|secret|skype|webcam,http://www.imdb.com/title/tt3713166/?ref_=fn_tt_tt_1,309,English,USA,R,1,305,5.7,1.85,13000
1976,b'Taxi Driver',Color,Martin Scorsese,211,110,17000,595,Albert Brooks,22000,0,Crime|Drama,Robert De Niro,507063,23525,Peter Boyle,1,loner|neo noir|night shift|taxi driver|vigilante,http://www.imdb.com/title/tt0075314/?ref_=fn_tt_tt_1,881,English,USA,R,1.3,745,8.3,1.85,35000
2012,b'Chernobyl Diaries',Color,Bradley Parker,270,86,18,300,Ingrid Bolsø Berdal,1000,18.112929,Horror|Mystery|Sci-Fi|Thriller,Jesse McCartney,52642,2665,Jonathan Sadowski,0,abandoned building|chernobyl disaster|exploration|tour guide|van,http://www.imdb.com/title/tt1991245/?ref_=fn_tt_tt_1,271,English,USA,R,1,466,5,1.85,24000
2005,b'Cry_Wolf',Color,Jeff Wadlow,137,90,65,683,Gary Cole,1000,10.042266,Drama|Horror|Mystery|Thriller,Julian Morris,23021,3155,Lindy Booth,0,e mail|game|school|serial killer|student,http://www.imdb.com/title/tt0384286/?ref_=fn_tt_tt_1,220,English,USA,PG-13,1,989,5.9,2.35,816
2010,b'Blue Valentine',Color,Derek Cianfrance,377,112,310,616,Mike Vogel,33000,9.701559,Drama|Romance,Ryan Gosling,141425,35941,John Doman,0,dog hit by a car|dysfunctional family|falling in love|female in shower|unhappily married woman,http://www.imdb.com/title/tt1120985/?ref_=fn_tt_tt_1,283,English,USA,R,3.5,2000,7.4,1.66,25000
2012,b'The Devil Inside',Color,William Brent Bell,225,83,19,128,Claudiu Trandafir,403,53.245055,Horror,Fernanda Andrade,30570,988,Brian Johnson,0,critically bashed|demonic possession|exorcism|exorcist|found footage,http://www.imdb.com/title/tt1560985/?ref_=fn_tt_tt_1,290,English,USA,R,1,169,4.2,1.85,12000
2013,b'The Green Inferno',Color,Eli Roth,285,100,0,389,Richard Burgi,640,7.18667,Adventure|Horror,Daryl Sabara,21468,2082,Magda Apanowicz,0,activist|amazon|color in title|rain|rain forest,http://www.imdb.com/title/tt2403021/?ref_=fn_tt_tt_1,164,English,USA,R,6,550,5.4,2.35,12000
2015,b'Departure',Color,Andrew Steggall,29,109,0,30,Alex Lawther,202,0,Drama|Family|Romance,Juliet Stevenson,162,283,Niamh Cusack,0,france|gay|language|male masturbation|masturbation,http://www.imdb.com/title/tt2248739/?ref_=fn_tt_tt_1,5,English,UK,0,1.1,47,7,1.85,75
2012,b'The Sessions',Color,Ben Lewin,337,95,20,365,Adam Arkin,422,5.997134,Biography|Comedy|Drama|Romance,W. Earl Brown,36381,1899,Rhea Perlman,3,falling in love|iron lung|priest|sex surrogate|therapist,http://www.imdb.com/title/tt1866249/?ref_=fn_tt_tt_1,126,English,USA,R,1,374,7.2,1.85,11000
2008,"b'Food, Inc.'",Color,Robert Kenner,120,94,11,2,Eric Schlosser,37,4.417124,Documentary,Michael Pollan,42389,42,Barbara Kowalcyk,0,farming|flesh eating|food|food industry|gluttony,http://www.imdb.com/title/tt1286537/?ref_=fn_tt_tt_1,183,English,USA,PG,0,3,7.9,1.78,37000
1998,b'Next Stop Wonderland',Color,Brad Anderson,38,104,122,458,Callie Thorne,22000,3.386698,Comedy|Drama|Romance,Philip Seymour Hoffman,4195,23461,Holland Taylor,1,love|marine biologist|nurse|personal ad|plumber,http://www.imdb.com/title/tt0119778/?ref_=fn_tt_tt_1,86,English,USA,R,1,472,6.7,1.85,392
2007,b'Juno',Color,Jason Reitman,387,96,655,973,Jennifer Garner,24000,143.49284,Comedy|Drama|Romance,J.K. Simmons,414345,28817,Rainn Wilson,0,adoption|baby|friend|pregnancy|school,http://www.imdb.com/title/tt0467406/?ref_=fn_tt_tt_1,881,English,USA,PG-13,7.5,3000,7.5,1.85,10000
2013,b'20 Feet from Stardom',Color,Morgan Neville,149,91,9,13,Lou Adler,130,4.94625,Documentary|Music,Sheryl Crow,9540,198,Merry Clayton,0,backup singer|band|bechdel test passed|concert footage|singer,http://www.imdb.com/title/tt2396566/?ref_=fn_tt_tt_1,80,English,USA,PG-13,1,19,7.4,1.78,14000
1997,b'Two Girls and a Guy',Color,James Toback,54,84,56,13,Natasha Gregson Wagner,21000,1.950218,Comedy|Drama,Robert Downey Jr.,5933,21124,Angel David,3,actor|anilingus|double cross|funeral home|two timing,http://www.imdb.com/title/tt0124179/?ref_=fn_tt_tt_1,102,English,USA,R,1,104,5.6,1.85,387
1996,b'Walking and Talking',Color,Nicole Holofcener,18,86,132,584,Anne Heche,778,1.277257,Comedy|Drama|Romance,Kevin Corrigan,2629,2400,Vincent Pastore,2,briefs|cancer|cat|cult film|friend,http://www.imdb.com/title/tt0118113/?ref_=fn_tt_tt_1,32,English,UK,R,1,695,6.8,1.85,227
2000,b'The Broken Hearts Club: A Romantic Comedy',Color,Greg Berlanti,51,94,112,428,Nia Long,1000,1.744858,Comedy|Drama|Romance|Sport,Justin Theroux,6084,3085,Mary McCormack,1,friend|gay|lesbian|photographer|restaurant,http://www.imdb.com/title/tt0222850/?ref_=fn_tt_tt_1,120,English,USA,R,1,826,7,2.35,671
2015,b'Goosebumps',Color,Rob Letterman,218,103,11,543,Dylan Minnette,2000,80.02174,Adventure|Comedy|Family|Fantasy|Horror,Odeya Rush,47988,5497,Ken Marino,4,based on book|blob|ferris wheel|manuscript|monster,http://www.imdb.com/title/tt1051904/?ref_=fn_tt_tt_1,154,English,USA,PG,58,1000,6.4,2.35,35000
1998,b'Slam',Color,Marc Levin,16,100,12,6,Saul Williams,245,0.982214,Drama,Sonja Sohn,1976,295,Bonz Malone,0,gang|independent film|prison|racial slur|urban setting,http://www.imdb.com/title/tt0139615/?ref_=fn_tt_tt_1,51,English,USA,R,1,38,7.2,1.85,603
2001,b'Brigham City',Color,Richard Dutcher,12,119,13,25,Frank Gerrish,957,0.798341,Crime|Drama|Mystery,Wilford Brimley,983,1107,Rick Macy,0,fbi agent|mormon|prayer|sheriff|utah,http://www.imdb.com/title/tt0268200/?ref_=fn_tt_tt_1,63,English,USA,PG-13,1,81,7.2,1.85,100
2000,b'Fiza', Black and White,Khalid Mohamed,1,167,10,97,Manoj Bajpayee,353,0.610991,Drama|Romance,Karisma Kapoor,2715,773,Jaya Bhaduri,3,mumbai riots|politician|riot|suicide|tragic event,http://www.imdb.com/title/tt0248012/?ref_=fn_tt_tt_1,19,Hindi,India,0,1,186,6.2,2.35,92
2003,b'All the Real Girls',Color,David Gordon Green,88,108,234,463,Paul Schneider,11000,0.548712,Drama|Romance,Zooey Deschanel,9233,12385,Shea Whigham,0,best friend|lake|love|small town|womanizer,http://www.imdb.com/title/tt0299458/?ref_=fn_tt_tt_1,126,English,USA,R,2.5,552,6.9,2.35,571
1997,b'Dream with the Fishes',Color,Finn Taylor,28,97,4,301,Cathy Moriarty,611,0.464655,Comedy|Drama,David Arquette,1524,1692,Kathryn Erbe,0,dying|to do list|twenty something|underwear|voyeur,http://www.imdb.com/title/tt0119019/?ref_=fn_tt_tt_1,29,English,USA,R,1,394,7,1.85,166
2002,b'Blue Car',Color,Karen Moncrieff,44,88,22,275,Agnes Bruckner,638,0.464126,Drama,Frances Fisher,3142,1641,A.J. Buckley,0,contest|poetry|refusing to eat|starving oneself|teenage girl,http://www.imdb.com/title/tt0290145/?ref_=fn_tt_tt_1,68,English,USA,R,1,400,6.7,1.85,115
2000,b'Luminarias',Color,José Luis Valenzuela,13,100,0,268,Lupe Ontiveros,844,0.428535,Comedy|Romance,Cheech Marin,505,2289,Robert Beltran,1,divorce|friend|jewish|lent|restaurant,http://www.imdb.com/title/tt0160498/?ref_=fn_tt_tt_1,32,English,USA,R,1,625,3.6,0,24
2006,b'Wristcutters: A Love Story',Color,Goran Dukic,117,88,21,772,Patrick Fugit,1000,0.104077,Comedy|Drama|Fantasy|Romance,Leslie Bibb,46076,4720,Chase Ellison,2,afterlife|camping|death|hitchhiker|suicide,http://www.imdb.com/title/tt0477139/?ref_=fn_tt_tt_1,88,English,USA,R,1,835,7.4,1.78,11000
2014,b'I Origins',Color,Mike Cahill,140,106,135,11,Cara Seymour,7000,0.334658,Drama|Romance|Sci-Fi,Steven Yeun,75633,7098,Venida Evans,0,buddhism|evolution|eye|reincarnation|stuck in elevator,http://www.imdb.com/title/tt2884206/?ref_=fn_tt_tt_1,160,English,USA,R,0,71,7.3,2.39,32000
2003,b'The Battle of Shaker Heights',Color,Efram Potelle,29,79,2,551,Elden Henson,855,0.279282,Comedy|Drama|Romance,Shiri Appleby,3806,2489,Kathleen Quinlan,2,bully comeuppance|high school|painter|reference to led zeppelin|wetting pants,http://www.imdb.com/title/tt0357470/?ref_=fn_tt_tt_1,49,English,USA,PG-13,1,577,6.1,1.85,150
2009,b'The Lovely Bones',Color,Peter Jackson,308,135,0,310,AJ Michalka,873,43.982842,Drama|Fantasy|Thriller,Michael Imperioli,125114,2369,Tom McCarthy,1,1970s|afterlife|heaven|pedophile|rape,http://www.imdb.com/title/tt0380510/?ref_=fn_tt_tt_1,593,English,USA,PG-13,65,559,6.7,2.35,16000
2012,b'The Act of Killing',Color,Joshua Oppenheimer,248,96,50,0,Herman Koto,3,0.484221,Biography|Crime|Documentary|History,Anwar Congo,23836,6,Syamsul Arifin,1,death squad|mass killing|musical number|reference to guantanamo bay|surrealism,http://www.imdb.com/title/tt2375605/?ref_=fn_tt_tt_1,107,Indonesian,UK,Not Rated,1,3,8.2,1.85,20000
2006,b'Once in a Lifetime: The Extraordinary Story of the New York Cosmos',Color,Paul Crowder,40,97,10,5,Marv Albert,102,0.144431,Documentary|Sport,Pelé,1290,118,Ahmet Ertegun,0,new york|new york cosmos|professional sports|soccer|soccer team,http://www.imdb.com/title/tt0489247/?ref_=fn_tt_tt_1,13,English,UK,PG-13,1,7,7.3,1.85,587
2004,b'Guiana 1838',Color,Rohit Jagessar,0,120,0,0,Rufus Graham,12,0.227241,Drama,Kumar Gaurav,56,15,Aasheekaa Bathija,0,bare chested male|discipline|imperialism|whipping|white slavery,http://www.imdb.com/title/tt0428609/?ref_=fn_tt_tt_1,2,English,USA,Unrated,0,3,7.4,0,32
2000,b'Lisa Picard Is Famous',Color,Griffin Dunne,13,90,165,679,Fisher Stevens,978,0.112521,Comedy|Drama,Mira Sorvino,455,3258,Melissa Gilbert,1,actress|fame|inside joke|new york|one man show,http://www.imdb.com/title/tt0233699/?ref_=fn_tt_tt_1,16,English,USA,PG-13,0,922,5.7,0,25
2012,b'Hardflip',Color,Johnny Remo,2,112,74,891,Randy Wayne,260000,0.096734,Action|Drama,Matthew Ziff,606,263584,Raquel Elizabeth Ames,3,family relationships|loss of mother|san diego california|single mother|suicide attempt,http://www.imdb.com/title/tt1907639/?ref_=fn_tt_tt_1,5,English,USA,PG-13,1,984,5.6,1.85,706
2005,b'Chocolate: Deep Dark Secrets',Color,Vivek Agnihotri,4,160,5,219,Anil Kapoor,724,0.049,Thriller,Emraan Hashmi,1524,2024,Sunil Shetty,5,chocolate|christmas|christmas eve|death|suspect,http://www.imdb.com/title/tt0454431/?ref_=fn_tt_tt_1,30,Hindi,India,0,1.5,668,4.8,0,31
1998,b'Safe Men',Color,John Hamburg,33,88,29,117,Michael Lerner,499,0.02121,Comedy|Crime,Harvey Fierstein,2735,1141,Josh Pais,0,gangster|organized crime|robbery|rosh hashanah|safecracking,http://www.imdb.com/title/tt0120813/?ref_=fn_tt_tt_1,52,English,USA,R,1,230,6.1,1.85,157
1999,b'Speedway Junky',Color,Nickolas Perry,8,105,5,73,Patsy Kensit,590,0,Crime|Drama|Romance,Patrick Renna,1434,1042,Adrienne Frantz,2,car racing|crush|hustler|scam|watching television,http://www.imdb.com/title/tt0155197/?ref_=fn_tt_tt_1,43,English,USA,R,1,231,5.2,0,27
1996,b'The Last Big Thing',Color,Dan Zukovic,95,98,8,14,Louis Mustillo,96,0.022434,Comedy|Drama,Yul Vazquez,334,196,James Lorinz,1,actor|magazine|model|rock band|suburb,http://www.imdb.com/title/tt0161743/?ref_=fn_tt_tt_1,17,English,USA,R,0,71,6.9,1.85,43
2000,b'The Specials',Color,Craig Mazin,29,82,82,490,James Gunn,2000,0.012996,Action|Comedy|Fantasy|Sci-Fi,Judy Greer,1938,3905,Jamie Kennedy,0,action figure|press conference|superhero|superhero team|toy,http://www.imdb.com/title/tt0181836/?ref_=fn_tt_tt_1,54,English,USA,R,1,571,6,1.85,210
2009,b'16 to Life',Color,Becky Smith,3,89,32,256,Emily Baldoni,386,0,Comedy|Romance,Will Rothhaar,397,1647,Hallee Hirsh,1,birthday|digit in title|love|masturbation|teenager,http://www.imdb.com/title/tt1130087/?ref_=fn_tt_tt_1,6,English,USA,0,1,261,6.3,1.78,143
2006,b'Alone with Her', Black and White,Eric Nicholas,71,78,0,61,Ana Claudia Talancón,262,0.010018,Crime|Drama|Thriller,Jordana Spiro,3228,509,Jonathon Trent,0,female nudity|female pubic hair|masturbation|panties|pubic hair,http://www.imdb.com/title/tt0472259/?ref_=fn_tt_tt_1,31,English,USA,Not Rated,1,163,6.1,1.85,244
2015,b'Creative Control',Color,Benjamin Dickinson,36,97,4,150,Alexia Rasmussen,446,0.06248,Drama|Sci-Fi,Nora Zehetner,1048,928,Meredith Hagner,1,art exhibition|augmented reality|cocaine|nervous breakdown|speculative fiction,http://www.imdb.com/title/tt3277624/?ref_=fn_tt_tt_1,7,English,USA,R,1,171,5.5,2.39,793
1997,b'Sparkler',Color,Darren Stein,8,90,18,422,Jamie Kennedy,491,0.005494,Comedy|Drama,Frances Bay,377,2633,Veronica Cartwright,3,automobile association of america|cheating|psychic|reference to tom jones the singer|trailer park,http://www.imdb.com/title/tt0124137/?ref_=fn_tt_tt_1,13,English,USA,R,0,490,5.6,0,17
2005,b'The Helix... Loaded',Color,A. Raven Cruz,3,97,0,94,Vanilla Ice,639,0,Action|Adventure|Comedy|Fantasy|Sci-Fi,Scott Levy,534,1188,Jennifer Sky,2,cnn reporter|ellipsis in title|matrix|punctuation in title|secret agent,http://www.imdb.com/title/tt0401462/?ref_=fn_tt_tt_1,9,English,USA,R,1,361,1.9,1.78,128
2006,b'In Her Line of Fire',Color,Brian Trenchard-Smith,8,88,53,176,Mariel Hemingway,563,0.000721,Action|Drama,David Keith,783,1284,Jesse Hutch,2,camp|die hard scenario|female protagonist|island|vice president,http://www.imdb.com/title/tt0487156/?ref_=fn_tt_tt_1,12,English,Germany,R,1,288,4.1,1.85,42
2001,b'The Jimmy Show',Color,Frank Whaley,9,96,436,4,Frank Whaley,474,0.000703,Comedy|Drama,Lynn Cohen,480,920,Heather Bucha,3,based on play|character name in title,http://www.imdb.com/title/tt0271020/?ref_=fn_tt_tt_1,21,English,USA,R,1.5,436,5.4,1.85,47
2015,b'Karachi se Lahore',Color,Wajahat Rauf,6,0,3,4,Ayesha Omar,7,0,Comedy|Family,Rasheed Naz,876,19,Javed Sheikh,9,pakistan|road trip,http://www.imdb.com/title/tt4590482/?ref_=fn_tt_tt_1,15,Urdu,Pakistan,0,1,5,7,0,259
2006,b'Loving Annabelle',Color,Katherine Brooks,14,76,57,228,Kevin McCarthy,442,0,Drama|Romance,Ilene Graff,9190,1635,Laura Breckenridge,0,older woman younger woman relationship|sex with student|teacher|teacher student relationship|title directed by female,http://www.imdb.com/title/tt0323120/?ref_=fn_tt_tt_1,75,English,USA,Not Rated,1,403,6.7,1.85,501
2014,b'Hits',Color,David Cross,20,96,0,396,Matt Walsh,782,0,Comedy|Drama,Jason Ritter,1359,2607,Amy Sedaris,1,courtroom|independent film|internet|small town|youtube,http://www.imdb.com/title/tt3145220/?ref_=fn_tt_tt_1,8,English,USA,0,1,490,5.8,1.78,903
2006,b'Jimmy and Judy',Color,Randall Rubin,23,99,0,131,A.J. Buckley,363,0,Crime|Drama|Thriller,Nicole Randall Johnson,1420,997,James Eckhouse,2,police|revenge|sex|suburb|video camera,http://www.imdb.com/title/tt0425151/?ref_=fn_tt_tt_1,26,English,USA,R,1,275,6.2,0,138
2009,b'Frat Party',Color,Robert Bennett,6,90,15,106,Lauren C. Mayhew,984,0,Comedy,Randy Wayne,1612,1752,Alicia Ziegler,4,erotica|masseuse|sister sister relationship|temptation|threesome,http://www.imdb.com/title/tt1414361/?ref_=fn_tt_tt_1,28,English,USA,R,1,157,2.8,16,297
2004,b'Proud',Color,Mary Pat Kelly,2,87,3,149,Ossie Davis,767,0,Drama,Aidan Quinn,275,1593,Janet Hubert,2,0,http://www.imdb.com/title/tt0393616/?ref_=fn_tt_tt_1,22,English,USA,PG,1,282,5.8,0,141
2008,b'The Poker House',Color,Lori Petty,12,93,923,904,Chloë Grace Moretz,34000,0,Drama,Jennifer Lawrence,3943,52113,Bokeem Woodbine,3,basketball|drug abuse|interracial rape|iowa|tween girl,http://www.imdb.com/title/tt1014806/?ref_=fn_tt_tt_1,24,English,USA,R,0,17000,6.5,1.85,599
2008,b'Childless',Color,Charlie Levi,0,90,0,171,Barbara Hershey,1000,0,Drama,Joe Mantegna,33,1996,Diane Venora,5,0,http://www.imdb.com/title/tt0867270/?ref_=fn_tt_tt_1,0,English,USA,R,1,618,6.1,0,3
2012,b'Snow White: A Deadly Summer',Color,David DeCoteau,7,83,142,317,Shanley Caswell,458,0,Horror,Maureen McCormick,634,1549,Tim Abell,1,reference to snow white|sleeping bag|stepmother stepdaughter relationship|strangulation|totem pole,http://www.imdb.com/title/tt2149137/?ref_=fn_tt_tt_1,14,English,USA,PG-13,1,383,2.2,1.78,150
2014,b'Hidden Away',Color,Mikel Rueda,9,96,0,0,Germán Alcarazu,90,0,Drama|Romance,Álex Angulo,955,90,Joseba Ugalde,0,best friend|deportation|moroccan|unrequited love|xenophobia,http://www.imdb.com/title/tt3289362/?ref_=fn_tt_tt_1,7,Spanish,Spain,Unrated,0,0,7.2,2.35,68
2011,b'My Last Day Without You',Color,Stefan C. Schaefer,21,90,0,360,Marlene Forte,898,0,Comedy|Drama|Romance,Nicole Beharie,982,2116,Reg E. Cathey,1,business trip|german|love|new york|singer songwriter,http://www.imdb.com/title/tt1679248/?ref_=fn_tt_tt_1,12,English,USA,0,1,395,5.7,1.66,370
2009,b'Steppin: The Movie',Color,Michael Taliferro,0,138,105,110,Sticky Fingaz,592,0,Comedy|Music,Wesley Jonathan,293,1350,Chrystee Pharris,6,0,http://www.imdb.com/title/tt0826751/?ref_=fn_tt_tt_1,1,English,USA,PG-13,1,207,3.4,0,41
2014,"b""Doc Holliday's Revenge""",Color,David DeCoteau,1,84,142,402,Tom Berenger,10000,0,Western,William McNamara,93,11466,Randy Jay Burrell,3,1880s|cowboy|low budget film|shoot out|wild west,http://www.imdb.com/title/tt3359872/?ref_=fn_tt_tt_1,6,English,USA,PG-13,1,854,3.8,1.78,54
2012,b'Truth or Die',Color,Robert Heath,40,96,0,177,Alexander Vlahos,335,0,Horror|Mystery,David Oakes,6513,1226,Jennie Jacques,2,cabin in the woods|drinking acid|introvert|lesbian kiss|truth or dare,http://www.imdb.com/title/tt1838722/?ref_=fn_tt_tt_1,41,English,UK,Not Rated,1,334,5.6,2.35,968
2006,b'The Pet',Color,D. Stevens,6,94,6,0,Pierre Dulat,92,0,Drama|Thriller,Magi Avila,425,109,Summer Napoles,0,dominance submissiveness|female nudity|human branding|human pet|power exchange,http://www.imdb.com/title/tt0825728/?ref_=fn_tt_tt_1,24,English,USA,0,1,17,3.9,0,91
2014,b'Bang Bang Baby',Color,Jeffrey St. Jules,16,90,0,36,Chloe Rose,57,0,Drama|Musical|Sci-Fi,Boyd Banks,137,231,Kristian Bruun,2,0,http://www.imdb.com/title/tt2655734/?ref_=fn_tt_tt_1,16,English,Canada,0,1,40,5.4,0,48
2015,b'Fear Clinic',Color,Robert Hall,39,95,53,253,Kevin Gage,677,0,Horror,Angelina Armani,6256,1825,Fiona Dourif,0,bare breasts|based on web series|claustrophobia|doctor|phobia,http://www.imdb.com/title/tt2165765/?ref_=fn_tt_tt_1,19,English,USA,R,1,366,5.2,2.35,936
2013,b'Trance',Color,Danny Boyle,393,101,0,888,Spencer Wilding,3000,2.319187,Crime|Drama|Mystery|Thriller,Rosario Dawson,92640,5056,Tuppence Middleton,0,amnesia|criminal|heist|hypnotherapy|lost painting,http://www.imdb.com/title/tt1924429/?ref_=fn_tt_tt_1,212,English,UK,R,20,1000,7,2.35,23000
2013,b'Banshee Chapter',Color,Blair Erickson,78,87,0,302,Katia Winter,696,0,Horror|Thriller,Monique Candelaria,6265,1618,Michael McMillian,1,experiment|lsd|missing friend|mk ultra|radio broadcast,http://www.imdb.com/title/tt2011276/?ref_=fn_tt_tt_1,56,English,Germany,R,0.95,371,5.5,0,2000
2014,b'Ask Me Anything',Color,Allison Burnett,8,100,12,354,Gia Mantegna,529,0,Drama,Kimberly Williams-Paisley,7870,2468,Cathryn de Prume,1,bare breasts|female protagonist,http://www.imdb.com/title/tt2505294/?ref_=fn_tt_tt_1,64,English,USA,Not Rated,0.95,413,6,0,884
2007,b'And Then Came Love',Color,Richard Schenkman,6,90,29,558,Mike Colter,1000,0,Comedy|Romance,Vanessa Williams,443,2504,Eartha Kitt,1,facebook|imdb|mediaatlarge.com|mediaatlargellc|sperm donor,http://www.imdb.com/title/tt0825346/?ref_=fn_tt_tt_1,4,English,USA,0,0.989,569,4.8,0,42
2014,b'Food Chains',Color,Sanjay Rawal,9,83,0,17,Robert Kennedy Jr.,56,0,Documentary|News,Alma Martinez,265,104,Eve Ensler,0,two word title,http://www.imdb.com/title/tt2141739/?ref_=fn_tt_tt_1,3,English,USA,0,0.913,28,7.1,0,489
2011,b'L!fe Happens',Color,Kat Coiro,18,100,28,501,Geoff Stults,945,0.020186,Comedy,Justin Kirk,6025,2924,Kristen Johnston,8,friendship|los angeles california|one night stand|roommate|single mother,http://www.imdb.com/title/tt1726589/?ref_=fn_tt_tt_1,15,English,USA,R,0.93,756,5.7,2.35,995
2007,"b'4 Months, 3 Weeks and 2 Days'",Color,Cristian Mungiu,233,113,163,27,Vlad Ivanov,131,1.185783,Drama,Anamaria Marinca,44763,264,Alexandru Potocean,0,female rear nudity|friend|hotel|rainy night|towel,http://www.imdb.com/title/tt1032846/?ref_=fn_tt_tt_1,172,Romanian,Romania,Not Rated,0.59,60,7.9,1.85,14000
2015,b'The Horror Network Vol. 1',Color,Brian Dorton,10,97,171,76,Brian Dorton,1000,0,Horror,Javier Botet,139,1343,Jan Cornet,0,anthology,http://www.imdb.com/title/tt3034146/?ref_=fn_tt_tt_1,3,English,USA,0,3,171,7.3,0,52
2005,b'Hard Candy',Color,David Slade,231,104,171,0,G.J. Echternkamp,109,1.007962,Crime|Drama|Thriller,Odessa Rae,131969,117,Patrick Wilson,0,chatting|missing person poster|online dating|photographer|sexual predator,http://www.imdb.com/title/tt0424136/?ref_=fn_tt_tt_1,651,English,USA,R,0.95,8,7.1,2.35,12000
2005,b'The Quiet',Color,Jamie Babbit,65,91,91,659,David Gallagher,982,0.381186,Drama|Thriller,Katy Mixon,13485,3299,Edie Falco,0,deaf|death|dysfunctional family|godparent|secret,http://www.imdb.com/title/tt0414951/?ref_=fn_tt_tt_1,90,English,USA,R,0.9,796,6.4,2.35,698
2013,b'Fruitvale Station',Color,Ryan Coogler,327,85,0,88,Melonie Diaz,282,16.097842,Biography|Drama|Romance,Ahna O'Reilly,53919,687,Ariana Neal,0,22 year old|b.a.r.t.|bay area|birthday|police,http://www.imdb.com/title/tt2334649/?ref_=fn_tt_tt_1,168,English,USA,R,0.9,270,7.5,1.85,17000
2007,b'The Hammer',Color,Charles Herman-Wurmfeld,73,88,0,102,Rian Bishop,465,0.442638,Comedy|Romance|Sport,John Enos III,5489,897,Adam Carolla,1,birthday|boxing|coach|gym|olympics,http://www.imdb.com/title/tt0814130/?ref_=fn_tt_tt_1,23,English,USA,R,0.85,140,7.3,0,337
2013,b'Snitch',Color,Ric Roman Waugh,238,112,29,874,Harold Perrineau,12000,42.919096,Action|Drama|Thriller,Dwayne Johnson,64748,15800,Nadine Velazquez,1,cigarette smoking|dea|drugs|inspired by true events|undercover,http://www.imdb.com/title/tt0882977/?ref_=fn_tt_tt_1,122,English,USA,PG-13,15,1000,6.5,2.35,12000
2011,b'Elza',Color,Mariette Monpierre,2,78,0,0,Christophe Cherki,0,0,Drama,Stana Roumillac,19,0,Teddy Doloir,1,foreign|french,http://www.imdb.com/title/tt1852001/?ref_=fn_tt_tt_1,2,French,France,0,0.9,0,6.7,16,24
2013,b'1982',Color,Tommy Oliver,6,90,66,734,Ruby Dee,904,0,Drama,Bokeem Woodbine,122,5435,Quinton Aaron,4,number in title|semi autobiographical,http://www.imdb.com/title/tt2388621/?ref_=fn_tt_tt_1,3,English,USA,R,1,782,7.1,0,181
2002,b'Time Changer',Color,Rich Christiano,16,95,14,221,D. David Morin,284,0.015278,Drama|Fantasy|Sci-Fi,Gavin MacLeod,1742,1185,Hal Linden,1,bible|christian propaganda|christianity|time machine|zealot,http://www.imdb.com/title/tt0295725/?ref_=fn_tt_tt_1,158,English,USA,PG,0.825,234,5.6,1.85,409
2006,b'London to Brighton',Color,Paul Andrew Williams,68,85,46,141,Johnny Harris,418,0,Crime|Drama|Thriller,Lorraine Stanley,7308,926,Georgia Groome,0,bathroom|chase|girl|pimp|toilet,http://www.imdb.com/title/tt0490166/?ref_=fn_tt_tt_1,72,English,UK,R,0.5,146,7,2.35,933
2015,b'American Hero',Color,Nick Love,16,86,63,175,Christopher Berry,489,0,Action|Comedy|Drama|Sci-Fi,Eddie Griffin,2706,1278,Michelle Tabora,2,father son relationship|female nudity|mother daughter relationship|reconciliation|superhero,http://www.imdb.com/title/tt4733536/?ref_=fn_tt_tt_1,23,English,USA,0,0.99,207,4.9,0,549
2015,b'Windsor Drive',Color,Natalie Bible',7,90,8,487,Samaire Armstrong,1000,0,Mystery|Thriller,Tommy O'Reilly,169,3336,Matt Cohen,1,0,http://www.imdb.com/title/tt2311428/?ref_=fn_tt_tt_1,6,English,USA,0,0.1,806,3.2,0,312
2011,b'A Separation',Color,Asghar Farhadi,354,123,0,620,Leila Hatami,786,7.098492,Drama|Mystery,Shahab Hosseini,151812,2501,Peyman Moaadi,2,alzheimer's disease|caregiver|divorce|iran|iranian,http://www.imdb.com/title/tt1832382/?ref_=fn_tt_tt_1,264,Persian,Iran,PG-13,0.5,712,8.4,1.85,48000
2009,b'Crying with Laughter',Color,Justin Molotnikov,16,93,5,10,Stephen McCole,49,0,Thriller,Jo Hartley,190,81,Joe Cassidy,1,cocaine|edinburgh scotland|stand up comedian,http://www.imdb.com/title/tt1349478/?ref_=fn_tt_tt_1,6,English,UK,0,0,11,6.9,0,33
1993,b'Ruby in Paradise',Color,Victor Nunez,11,114,9,86,Todd Field,159,1.001437,Drama|Romance,Allison Dean,2039,423,Dorothy Lyman,1,desire|florida|identity|resort town|sales,http://www.imdb.com/title/tt0108000/?ref_=fn_tt_tt_1,28,English,USA,R,0.8,143,7.2,1.85,81
2002,b'Raising Victor Vargas',Color,Peter Sollett,59,88,6,68,Melonie Diaz,302,2.073984,Drama|Romance,Victor Rasuk,4743,663,Judy Marte,1,based on short film|manhattan new york city|urination|vomiting|watching television,http://www.imdb.com/title/tt0316188/?ref_=fn_tt_tt_1,135,English,France,R,0.8,270,7.2,1.85,219
2008,b'Harrison Montgomery',Color,Daniel Davila,5,95,0,167,Melora Walters,940,0,Drama,Martin Landau,59,1484,Diane Baker,2,abusive relationship|character name in title|magic|san francisco california|tenderloin san francisco,http://www.imdb.com/title/tt0870118/?ref_=fn_tt_tt_1,1,English,USA,0,0.85,188,7.4,1.78,18
2004,b'Live-In Maid',Color,Jorge Gaggero,25,83,0,0,Hilda Bernard,24,0,Drama,Norma Aleandro,772,29,Claudia Lapacó,0,buenos aires argentina|economics|housekeeper|maid|servant,http://www.imdb.com/title/tt0356453/?ref_=fn_tt_tt_1,11,Spanish,Argentina,Unrated,0.8,5,7.2,0,83
1999,b'Deterrence',Color,Rod Lurie,29,104,37,501,Kathryn Morris,574,0.144583,Drama|Thriller,Kevin Pollak,2256,1983,Timothy Hutton,0,colorado|diner|iraq|nuclear missile|president,http://www.imdb.com/title/tt0158583/?ref_=fn_tt_tt_1,79,English,France,R,0.8,573,6.5,1.85,130
2003,b'The Mudge Boy',Color,Michael Burke,17,94,3,181,Tom Guiry,262,0,Crime|Drama|Romance,Zachary Knighton,3480,991,Ryan Donowho,1,death|farm|fur coat|grief|misfit,http://www.imdb.com/title/tt0339419/?ref_=fn_tt_tt_1,30,English,USA,R,0.8,262,7.2,0,396
2000,b'The Young Unknowns',Color,Catherine Jelski,13,87,0,258,Eion Bailey,1000,0.058163,Drama,Leslie Bibb,122,2359,Arly Jover,0,based on play|independent film,http://www.imdb.com/title/tt0186719/?ref_=fn_tt_tt_1,3,English,USA,R,0,749,4.2,0,4
2009,b'Dead Snow',Color,Tommy Wirkola,224,91,75,13,Stig Frode Henriksen,35,0.041709,Comedy|Horror,Bjørn Sundquist,54601,116,Ane Dahl Torp,0,medical student|nazi|snow|snowmobile|zombie,http://www.imdb.com/title/tt1278340/?ref_=fn_tt_tt_1,200,Norwegian,Norway,Not Rated,0.8,16,6.4,1.85,23000
2003,b'Saints and Soldiers',Color,Ryan Little,33,90,38,69,Larry Bagby,214,1.31027,Action|Adventure|Drama|War,Corbin Allred,17725,587,Kirby Heyborne,0,ardennes forest|battle of the bulge|behind enemy lines|winter|world war two in belgium,http://www.imdb.com/title/tt0373283/?ref_=fn_tt_tt_1,157,English,USA,PG-13,0.78,115,6.8,0,1000
2012,b'Vessel',Color,Clark Baker,1,14,0,37,Alan Pietruszewski,134,0,Horror|Sci-Fi|Short|Thriller,Taylor Pigeon,292,315,Whit Spurgeon,1,alien|flight attendant|monster|pilot|tentacle,http://www.imdb.com/title/tt2164708/?ref_=fn_tt_tt_1,3,English,USA,0,0,93,6.2,0,14
2006,b'Iraq for Sale: The War Profiteers',Color,Robert Greenwald,21,75,21,0,Katy Helvenston-Wettengal,25,0,Documentary|War,Scott Helvenston,1477,25,Donna Zovko,0,american politics|armed forces|political corruption|shady|war profiteer,http://www.imdb.com/title/tt0815181/?ref_=fn_tt_tt_1,24,English,USA,0,0.75,0,7.7,1.78,274
2007,b'Aqua Teen Hunger Force Colon Movie Film for Theaters',Color,Matt Maiellaro,82,86,8,357,Fred Armisen,2000,5.518918,Action|Adventure|Animation|Comedy|Fantasy|Sci-Fi,Tina Fey,12160,3071,Chris Kattan,0,based on cult tv series|critically acclaimed|exercise machine|midnight movie|robot,http://www.imdb.com/title/tt0455326/?ref_=fn_tt_tt_1,73,English,USA,R,0.75,424,6.9,1.85,307
2012,b'Safety Not Guaranteed',Color,Colin Trevorrow,271,86,365,522,Mark Duplass,934,4.007792,Comedy|Drama|Romance,Mary Lynn Rajskub,101287,2714,Jeff Garlin,0,classified ad|intern|magazine|time machine|time travel,http://www.imdb.com/title/tt1862079/?ref_=fn_tt_tt_1,260,English,USA,R,0.75,830,7,2.35,31000
2011,b'Kevin Hart: Laugh at My Pain',Color,Leslie Small,5,89,15,95,Larry King,312,7.705974,Comedy|Documentary,Isaac C. Singleton Jr.,3543,548,Jeanette Branch,1,stand up comedy,http://www.imdb.com/title/tt1999192/?ref_=fn_tt_tt_1,8,English,USA,R,0,135,7.5,1.85,614
2002,b'Interview with the Assassin',Color,Neil Burger,31,88,168,21,Christel Khalil,108,0.047329,Drama,Raymond J. Barry,1661,243,Renee Faia,0,conspiracy theory|kennedy assassination|mock documentary|paranoia,http://www.imdb.com/title/tt0308411/?ref_=fn_tt_tt_1,31,English,USA,R,0.75,72,6.6,1.78,163
2006,b'All the Boys Love Mandy Lane',Color,Jonathan Levine,233,90,129,280,Michael Welch,935,0,Horror,Luke Grimes,25951,2170,Whitney Able,1,drugs|female nudity|party|voyeur|voyeurism,http://www.imdb.com/title/tt0490076/?ref_=fn_tt_tt_1,129,English,USA,R,0.75,611,5.6,2.35,2000
2009,b'Bled',Color,Christopher Hutson,8,95,3,118,Jennifer Lee Wiggins,717,0,Horror,Dichen Lachman,851,1117,Michele Morrow,0,artist|blood|drug|tree sap|vampire,http://www.imdb.com/title/tt0997143/?ref_=fn_tt_tt_1,30,English,USA,R,0.75,134,3.1,1.85,128
2005,b'Rize',Color,David LaChapelle,49,86,30,14,Christopher Toler,262,3.278611,Documentary|Music,Kevin Scott Richardson,2877,321,Tommy the Clown,0,clown|clowning|dance|gang|south central los angeles,http://www.imdb.com/title/tt0436724/?ref_=fn_tt_tt_1,46,English,USA,PG-13,0,23,7.1,1.33,903
2014,b'Destiny',Color,Joseph Kosinski,4,0,364,567,Lauren Cohan,22000,0,Action|Adventure|Fantasy|Sci-Fi,Peter Dinklage,3089,26578,Erick Avari,0,first person shooter,http://www.imdb.com/title/tt2983582/?ref_=fn_tt_tt_1,11,English,USA,0,0,4000,8.1,0,1000
2001,b'L.I.E.',Color,Michael Cuesta,64,97,52,36,Bruce Altman,80,1.141829,Crime|Drama,Adam LeFevre,8509,209,Walter Masterson,1,ephebophile|pederasty|pedophilia|playing hooky|shaving,http://www.imdb.com/title/tt0242587/?ref_=fn_tt_tt_1,109,English,USA,NC-17,0.7,67,7.2,1.85,420
2014,b'The Sisterhood of Night',Color,Caryn Waechter,23,104,0,195,Kara Hayward,601,0,Drama|Mystery|Thriller,Laura Fraser,1354,1581,Louis Ozawa Changchien,0,accused of witchcraft|based on short story,http://www.imdb.com/title/tt1015471/?ref_=fn_tt_tt_1,17,English,USA,PG-13,1,524,6.3,2.35,523
2009,b'B-Girl',Color,Emily Dell,8,88,0,311,Wesley Jonathan,618,0,Drama|Music|Romance,Aimee Garcia,551,2476,Drew Sidora,0,brooklyn new york city|los angeles california|teacher|trauma|violence,http://www.imdb.com/title/tt0964179/?ref_=fn_tt_tt_1,10,English,USA,PG-13,0,592,4,0,303
1998,b'Naturally Native',Color,Jennifer Wynne Farmer,2,107,0,236,Akima,752,0.010508,Drama,Irene Bedard,103,1763,Max Gail,4,cosmetics|female protagonist|native american|native american protagonist|sister sister relationship,http://www.imdb.com/title/tt0133117/?ref_=fn_tt_tt_1,6,English,USA,PG-13,0.7,282,6.5,0,102
1997,b'Hav Plenty',Color,Christopher Scott Cherot,25,84,21,48,Robinne Lee,465,2.301777,Comedy,Hill Harper,819,714,Chenoa Maxwell,2,friend|new year's eve|screwball|self discovery|social differences,http://www.imdb.com/title/tt0126938/?ref_=fn_tt_tt_1,36,English,USA,R,0.65,170,6.5,0,161
2015,b'Adulterers',Color,H.M. Coakley,8,91,0,137,Steffinnie Phrommany,696,0,Crime|Drama|Thriller,Mehcad Brooks,514,1210,Danielle Savre,3,cheating husband|female nudity|male nudity|male rear nudity|revenge,http://www.imdb.com/title/tt4044464/?ref_=fn_tt_tt_1,1,English,USA,0,0.75,320,4.9,2.35,158
2009,b'Starsuckers',Color,Chris Atkins,21,103,2,442,Harvey Weinstein,628,0,Documentary,Richard Curtis,474,1683,Elton John,0,celebrity|consumerism|fashion|media manipulation,http://www.imdb.com/title/tt1510934/?ref_=fn_tt_tt_1,8,English,UK,0,0.4,474,7.4,0,203
2014,b'The Hadza: Last of the First',Color,Bill Benenson,1,71,0,21,Dave Fennoy,1000,0,Documentary,Alfre Woodard,5,1359,Jane Goodall,1,east africa|hunter gatherer|indigenous|rift valley|swahili,http://www.imdb.com/title/tt2139721/?ref_=fn_tt_tt_1,1,English,USA,0,0.65,338,7.4,0,5
2012,b'After',Color,Ryan Smith,34,90,4,258,Madison Lintz,523,0,Fantasy|Horror|Mystery|Thriller,Sandra Ellis Lafferty,3699,1553,Karolina Wydra,0,coma|crash,http://www.imdb.com/title/tt1799508/?ref_=fn_tt_tt_1,27,English,USA,PG-13,0.65,385,5.4,2.35,1000
2000,b'Mercy Streets',Color,Jon Gunn,15,106,16,254,David A.R. White,602,0.171988,Action|Crime|Drama,Stacy Keach,448,1281,Cynthia Watros,1,church|cigarette smoking|deacon|twin brother|twins,http://www.imdb.com/title/tt0243415/?ref_=fn_tt_tt_1,16,English,USA,PG-13,0.6,266,5.6,1.85,12
2007,b'Arnolds Park',Color,Gene Teigland,0,103,0,20,Matthew Feeney,23,0.023616,Mystery|Thriller,Kendyl Joi,94,85,Tac Fitzgerald,4,0,http://www.imdb.com/title/tt1074931/?ref_=fn_tt_tt_1,4,English,USA,PG-13,0.6,20,5.6,1.78,11
1998,b'Broken Vessels',Color,Scott Ziehl,18,90,4,218,Jason London,919,0.013493,Drama,William Smith,531,2288,Brent David Fraser,0,independent film|katana sword|los angeles storm drain,http://www.imdb.com/title/tt0149964/?ref_=fn_tt_tt_1,19,English,USA,R,0.6,711,6.6,1.85,51
2013,b'Water & Power',Color,Richard Montoya,0,88,12,359,Angela Nordeng,601,0.079043,Crime|Drama,Nicholas Gonzalez,85,2241,Exie Booker,0,0,http://www.imdb.com/title/tt2052015/?ref_=fn_tt_tt_1,0,English,USA,Not Rated,0,371,6.3,0,358
2015,b'They Will Have to Kill Us First',Color,Johanna Schwartz,22,105,0,0,Garba Touré,0,0,Documentary,Aliou Touré,74,0,Khaira Arby,3,0,http://www.imdb.com/title/tt4333662/?ref_=fn_tt_tt_1,2,French,UK,0,0.4,0,7.7,0,34
2002,b'Crop Circles: Quest for Truth',Color,William Gazecki,15,115,3,0,Colin Andrews,0,0,Documentary,Karen Alexander,204,0,Francine Blake,0,crop circle|intelligence|paranormal|phenomenon|universe,http://www.imdb.com/title/tt0331225/?ref_=fn_tt_tt_1,13,English,USA,0,0.75,0,7,0,32
2014,b'Light from the Darkroom',Color,Lance McDaniel,0,90,0,271,Steven Michael Quezada,595,0,Action|Drama|Thriller,Russell Wong,6,1754,Lymari Nadal,0,china|faith|panama|photography|suspense,http://www.imdb.com/title/tt3130704/?ref_=fn_tt_tt_1,1,English,USA,PG-13,0.6,412,8,0,9
2016,b'Irreplaceable',Color,Thomas Lilti,18,102,12,2,Félix Moati,541,0,Comedy|Drama,François Cluzet,389,553,Marianne Denicourt,2,doctor|hospital|mayor|no opening credits|title at the end,http://www.imdb.com/title/tt5078326/?ref_=fn_tt_tt_1,1,French,France,0,0,8,7.2,0,36
2013,"b""The Maid's Room""",Color,Michael Walker,8,98,5,233,Annabella Sciorra,587,0,Thriller,Paula Garcés,719,1707,John Brodsky,0,0,http://www.imdb.com/title/tt2263814/?ref_=fn_tt_tt_1,9,English,USA,0,0.6,448,4.5,0,128
2011,b'The Harvest/La Cosecha',Color,U. Roberto Romano,3,80,6,0,0,0,0.002245,Documentary,0,57,0,0,0,child labor|education|hispanic|labor|migration,http://www.imdb.com/title/tt1981703/?ref_=fn_tt_tt_1,2,English,USA,0,0.56,0,7.2,0,88
1983,b'Love Letters',Color,Amy Holden Jones,4,88,11,221,Sally Kirkland,2000,0,Drama|Romance,Jamie Lee Curtis,487,2996,Amy Madigan,1,1980s|affair|female protagonist|radio|woman wearing only a man's shirt,http://www.imdb.com/title/tt0085871/?ref_=fn_tt_tt_1,9,English,USA,R,0.55,433,6.1,0,7
2015,b'Julija in alfa Romeo',Color,Blaz Zavrsnik,2,83,0,0,Spela Colja,0,0,Comedy,Dario Nozic Serini,86,0,Andrej Nahtigal,6,0,http://www.imdb.com/title/tt4374230/?ref_=fn_tt_tt_1,2,Slovenian,Slovenia,0,0.5,0,6.4,2.35,18
2013,b'Faith Connections',Color,Pan Nalin,19,115,95,0,Pant Shirt Baba,0,0,Biography|Documentary|Drama,Bhole Baba,113,0,Shriman Umeshanad Brahmachari,1,faith|ganja|kumbh mela|little boy|orphan,http://www.imdb.com/title/tt2768766/?ref_=fn_tt_tt_1,3,Hindi,India,0,0.55,0,7,1.85,126
1974,b'Benji',Color,Joe Camp,5,86,24,142,Peter Breck,407,39.5526,Adventure|Family|Romance,Frances Bavier,3411,1090,Edgar Buchanan,0,animal abuse|cat|dog|dog movie|tween girl,http://www.imdb.com/title/tt0071206/?ref_=fn_tt_tt_1,36,English,USA,G,0.5,189,6.1,1.85,816
2011,b'High Road',Color,Matt Walsh,8,87,490,201,Matt Jones,833,0,Comedy,Joe Lo Truglio,1305,2295,Abby Elliott,6,0,http://www.imdb.com/title/tt1692084/?ref_=fn_tt_tt_1,3,English,USA,R,0,523,5.4,0,244
2005,b'Mad Hot Ballroom',Color,Marilyn Agrelo,84,105,2,0,Eva Carrozza,0,8.044906,Documentary|Family|Music,Heather Berman,3156,0,Paul Daggett,2,ballroom dancing|new york city|poise|self confidence|teacher,http://www.imdb.com/title/tt0438205/?ref_=fn_tt_tt_1,65,English,USA,PG,0,0,7.5,1.85,588
2006,b'Wordplay',Color,Patrick Creadon,88,94,3,2,Bill Clinton,196,3.117666,Documentary,Ken Burns,3394,382,Bob Dole,0,comedian|crossword puzzle|editor|new york times|puzzle,http://www.imdb.com/title/tt0492506/?ref_=fn_tt_tt_1,43,English,USA,PG,0,184,7.4,1.66,694
1999,b'Beyond the Mat',Color,Barry W. Blaustein,70,108,6,43,Vince McMahon,54,2.04757,Biography|Documentary|Sport,Terry Funk,6790,194,Mick Foley,3,championship|drugs|three word title|wrestler|wrestling,http://www.imdb.com/title/tt0218043/?ref_=fn_tt_tt_1,80,English,USA,R,0.5,44,7.6,1.85,491
2002,b'The Singles Ward',Color,Kurt Hale,5,102,0,15,Lincoln Hoppe,69,1.250798,Comedy|Drama|Romance,Kirby Heyborne,1099,161,Daryn Tufts,0,church|love|marriage|mormon|single,http://www.imdb.com/title/tt0306069/?ref_=fn_tt_tt_1,53,English,USA,PG,0.5,24,6.4,0,43
2011,b'Sholem Aleichem: Laughing in the Darkness',Color,Joseph Dorman,29,93,0,59,Peter Riegert,399,0.906666,Documentary,Rachel Dratch,154,660,Jason Kravits,1,jewish identity,http://www.imdb.com/title/tt1976608/?ref_=fn_tt_tt_1,5,English,USA,Unrated,0.5,169,6.8,16,287
2003,b'The R.M.',Color,Kurt Hale,3,101,0,17,Big Budah,69,1.111615,Comedy|Crime|Family,Kirby Heyborne,651,155,Curt Doussett,0,latter day saints|missionary|pickup truck|police|video camera,http://www.imdb.com/title/tt0341540/?ref_=fn_tt_tt_1,34,English,USA,PG,0.5,34,6,0,44
1999,b'Twin Falls Idaho',Color,Michael Polish,54,111,35,482,William Katt,980,0.985341,Drama,Sasha Alexander,3479,3166,Jon Gries,0,conjoined twins|independent film|low budget film|separation|twin,http://www.imdb.com/title/tt0162830/?ref_=fn_tt_tt_1,87,English,USA,R,0.5,505,7.3,1.85,180
2004,b'Mean Creek',Color,Jacob Aaron Estes,126,90,9,595,Scott Mechlowicz,710,0.603943,Crime|Drama,Rory Culkin,26407,2655,Trevor Morgan,0,boat|bully|dare|friend|river,http://www.imdb.com/title/tt0377091/?ref_=fn_tt_tt_1,154,English,USA,R,0.5,634,7.3,1.85,1000
1997,b'Hurricane Streets', Black and White,Morgan J. Freeman,17,86,204,474,Heather Matarazzo,659,0.334041,Crime|Drama|Romance,Edie Falco,1038,2322,Lynn Cohen,3,gang|new mexico|prison|smuggling|theft,http://www.imdb.com/title/tt0119338/?ref_=fn_tt_tt_1,21,English,USA,R,0.5,529,6.5,1.85,51
2001,b'Never Again',Color,Eric Schaeffer,25,98,71,658,Bill Duke,22000,0.295468,Comedy|Romance,Peter Dinklage,709,24382,Michael McKean,1,bar|gay bar|love|mother son relationship|new york,http://www.imdb.com/title/tt0244094/?ref_=fn_tt_tt_1,34,English,USA,R,0.5,1000,6,1.85,139
2002,b'Civil Brand',Color,Neema Barnette,11,91,21,469,LisaRaye McCoy,597,0.243347,Crime|Drama|Thriller,Monica Calhoun,553,2555,Clifton Powell,3,abuse of power|friendship|prison|prison guard|title directed by female,http://www.imdb.com/title/tt0326806/?ref_=fn_tt_tt_1,24,English,USA,R,0.5,485,5.3,1.85,86
2005,b'Lonesome Jim',Color,Steve Buscemi,81,91,12000,213,Seymour Cassel,778,0.154077,Comedy|Drama,Kevin Corrigan,6884,1440,Mary Kay Place,0,bail|coma|dart board|indiana|ladder factory,http://www.imdb.com/title/tt0385056/?ref_=fn_tt_tt_1,53,English,USA,R,0.5,327,6.6,1.85,238
2012,b'Deceptive Practice: The Mysteries and Mentors of Ricky Jay',Color,Molly Bernstein,39,88,0,49,Ricky Jay,342,0.151389,Documentary,David Mamet,774,483,Dick Cavett,0,stage magician,http://www.imdb.com/title/tt2654360/?ref_=fn_tt_tt_1,7,English,USA,0,0.5,79,7.1,0,590
1991,b'Johnny Suede', Black and White,Tom DiCillo,10,97,32,329,Tina Louise,11000,0,Comedy|Music|Romance,Brad Pitt,3013,11839,Nick Cave,0,idol|musician|vomiting|watching television|wyoming,http://www.imdb.com/title/tt0104567/?ref_=fn_tt_tt_1,24,English,Switzerland,R,0.5,422,5.8,1.85,344
2007,b'Finishing the Game: The Search for a New Bruce Lee',Color,Justin Lin,35,84,681,143,Jake Sandvig,239,0.05285,Comedy,Monique Gabriela Curnen,1656,734,Joe McQueen,0,bruce lee|jeet kune do|karate|satire|spoof,http://www.imdb.com/title/tt0843850/?ref_=fn_tt_tt_1,12,English,USA,Not Rated,0.5,172,6.2,1.85,155
2010,b'Rubber',Color,Quentin Dupieux,230,82,248,196,Jack Plotnick,353,0.098017,Comedy|Fantasy|Horror,Haley Ramm,26185,1498,Cecelia Antoinette,0,desert|dump|show|spectator|tire,http://www.imdb.com/title/tt1612774/?ref_=fn_tt_tt_1,170,English,France,R,0.5,248,5.8,1.85,46000
2015,b'Home',Color,Tim Johnson,165,94,12,183,Matt Jones,17000,177.343675,Adventure|Animation|Comedy|Family|Fantasy|Sci-Fi,Jim Parsons,70136,17883,April Winchell,0,alien friendship|alien invasion|australia|flying car|mother daughter relationship,http://www.imdb.com/title/tt2224026/?ref_=fn_tt_tt_1,214,English,USA,PG,135,523,6.7,1.85,26000
2007,b'Kiss the Bride',Color,C. Jay Cox,9,100,6,325,Amber Benson,396,0.031937,Comedy|Romance,Tori Spelling,1358,2310,Garrett M. Brown,3,best friend|high school|love|secret|wedding,http://www.imdb.com/title/tt0893346/?ref_=fn_tt_tt_1,10,English,USA,R,0.5,326,5.7,1.85,60
2002,b'The Slaughter Rule',Color,Alex Smith,17,112,12,699,Clea DuVall,33000,0.013134,Drama|Sport,Ryan Gosling,2004,35294,Eddie Spears,2,cheerleader|father son relationship|football coach|loss of father|mother son relationship,http://www.imdb.com/title/tt0266971/?ref_=fn_tt_tt_1,32,English,USA,R,0.5,1000,6.1,2.35,183
2010,b'Monsters',Color,Gareth Edwards,344,94,380,113,Whitney Able,660,0.237301,Drama|Sci-Fi|Thriller,Scoot McNairy,75669,1118,Ricky Catter,0,alien|alien invasion|destroyed building|destruction|mexico,http://www.imdb.com/title/tt1470827/?ref_=fn_tt_tt_1,451,English,UK,R,0.5,280,6.4,2.35,19000
2005,b'The Californians',Color,Jonathan Parker,2,87,0,347,Joanne Whalley,584,0,Drama,Keith Carradine,299,1924,Illeana Douglas,3,based on novel,http://www.imdb.com/title/tt0377043/?ref_=fn_tt_tt_1,11,English,USA,PG,0,507,5,1.85,29
2007,b'The Living Wake',Color,Sol Tryon,28,91,0,170,Ann Dowd,472,0.012055,Comedy,Jim Gaffigan,739,1047,Matthew Cowles,2,artist|black comedy,http://www.imdb.com/title/tt0489212/?ref_=fn_tt_tt_1,10,English,USA,PG-13,0.5,185,6.5,0,339
2012,b'Detention of the Dead',Color,Alex Craig Mann,29,87,38,445,Christa B. Allen,552,0.001332,Comedy|Horror,Justin Chon,2038,2251,Max Adler,6,based on play|blood|independent film|teenager|zombie,http://www.imdb.com/title/tt1865346/?ref_=fn_tt_tt_1,20,English,USA,Not Rated,0.5,533,4.6,2.35,898
2006,b'Crazy Stone',Color,Hao Ning,11,98,0,0,Zheng Xu,4,0,Comedy|Crime,Bo Huang,2097,8,Zhonghua Chen,1,bankruptcy|crystal|father son relationship|heist|shower,http://www.imdb.com/title/tt0843270/?ref_=fn_tt_tt_1,9,Mandarin,China,0,3,4,7.7,2.35,23
2006,b'Scott Walker: 30 Century Man',Color,Stephen Kijak,48,95,3,25,Jacques Brel,30,0,Biography|Documentary|Music,Brian Eno,1006,119,Damon Albarn,0,avant garde|british pop|character name in title|musician|number in title,http://www.imdb.com/title/tt0486541/?ref_=fn_tt_tt_1,11,English,UK,0,0.5,27,7.3,1.85,808
2000,b'Everything Put Together',Color,Marc Forster,24,87,395,637,Alan Ruck,991,0,Drama,Radha Mitchell,601,3309,Megan Mullally,0,group of friends|mental breakdown|mental instability|morgue|sudden infant death syndrome,http://www.imdb.com/title/tt0228277/?ref_=fn_tt_tt_1,10,English,USA,R,0.1,946,6.6,1.85,22
2014,b'The Outrageous Sophie Tucker',Color,William Gazecki,9,96,3,205,Bruce Vilanch,387,0,Documentary,Carol Channing,38,1235,Tony Bennett,1,0,http://www.imdb.com/title/tt2825768/?ref_=fn_tt_tt_1,3,English,USA,0,0.5,244,7.2,1.33,16
2015,b'America Is Still the Place',Color,Patrick Gilles,0,90,0,569,Dylan Baker,970,0,History,Emma Caulfield,22,3359,Mike Colter,0,0,http://www.imdb.com/title/tt3417110/?ref_=fn_tt_tt_1,0,English,USA,0,0,812,7.5,0,337
2015,b'Subconscious',Color,Georgia Hilton,1,122,406,152,Tim Abell,358,0,Action|Mystery|Thriller,Mike Beckingham,292,1038,Tom Stedham,0,military|submarine|suspense|time travel|world war two,http://www.imdb.com/title/tt2909932/?ref_=fn_tt_tt_1,16,English,USA,R,0,317,2.2,0,353
2011,b'Enter Nowhere',Color,Jack Heller,26,90,0,120,Katherine Waterston,322,0,Mystery|Thriller,Shaun Sipos,5025,630,Christopher Denham,3,cabin|going in circles|pac man|stranger|woods,http://www.imdb.com/title/tt1631707/?ref_=fn_tt_tt_1,45,English,USA,R,0.5,178,6.6,0,701
2012,b'The King of Najayo',Color,Fernando Baez Mella,1,101,0,15,Christian Alvarez,159,0,Crime|Drama,Manny Perez,197,206,Claudette Lalí,1,0,http://www.imdb.com/title/tt2275671/?ref_=fn_tt_tt_1,1,Spanish,Dominican Republic,R,0.5,15,6.9,16,126
2016,b'Fight to the Finish',Color,Warren Sheppard,3,94,0,212,Randy Jay Burrell,918,0,Action|Romance|Sport,Jennifer Hale,60,2091,Vincent De Paul,0,fighting|karate,http://www.imdb.com/title/tt3152288/?ref_=fn_tt_tt_1,2,English,USA,PG-13,0.15,402,4,0,381
2016,"b""Alleluia! The Devil's Carnival""",Color,Darren Lynn Bousman,10,97,163,303,Barry Bostwick,636,0,Horror|Musical,Paul Sorvino,259,2438,Terrance Zdunich,5,carnival|devil|redemption|reference to god,http://www.imdb.com/title/tt3892618/?ref_=fn_tt_tt_1,20,English,USA,0,0.5,456,7.4,1.78,707
2014,b'The Sound and the Shadow',Color,Justin Paul Miller,1,90,0,33,Jennifer Landa,84,0,Comedy|Mystery|Thriller,Mary Kate Wiles,30,254,Felix Avitia,0,0,http://www.imdb.com/title/tt2190180/?ref_=fn_tt_tt_1,1,English,USA,R,0,41,8.3,0,70
2014,b'Born to Fly: Elizabeth Streb vs. Gravity',Color,Catherine Gund,10,82,0,0,Sarah Callan,0,0.021199,Action|Biography|Documentary|Sport,Elizabeth Streb,40,0,Laura Flanders,1,three word title,http://www.imdb.com/title/tt2246526/?ref_=fn_tt_tt_1,10,English,USA,0,0.5,0,6.8,0,44
2016,b'The Little Ponderosa Zoo',Color,Luke Dye,1,84,0,53,Jeff Delaney,385,0,Family,Mike Stanley,15,683,Jamison Stalsworth,2,0,http://www.imdb.com/title/tt3846442/?ref_=fn_tt_tt_1,1,English,USA,0,0.5,169,5.2,16,9
2013,b'Oz the Great and Powerful',Color,Sam Raimi,525,130,0,11000,Mila Kunis,44000,234.903076,Adventure|Family|Fantasy,Tim Holmes,175413,73441,James Franco,4,circus|magic|magician|oz|witch,http://www.imdb.com/title/tt1623205/?ref_=fn_tt_tt_1,511,English,USA,PG,215,15000,6.4,2.35,60000
1991,b'Straight Out of Brooklyn',Color,Matty Rich,8,91,10,10,George T. Odom,353,2.712293,Crime|Drama,Lawrence Gilliard Jr.,475,380,Matty Rich,4,domestic violence|housing project|new york city|poverty|racism,http://www.imdb.com/title/tt0102989/?ref_=fn_tt_tt_1,11,English,USA,R,0.45,12,5.9,1.85,123
2015,b'Diamond Ruff',Color,Alec Asten,1,82,5,237,Dennis L.A. White,472,0,Action,Luis Sanchez,53,1752,Fredro Starr,6,prison|prisoner|reverend|terminal illness|two word title,http://www.imdb.com/title/tt2111292/?ref_=fn_tt_tt_1,5,English,USA,R,0.5,251,4.3,0,62
2013,b'Mutual Friends',Color,Matthew Watts,3,86,0,304,Cheyenne Jackson,873,0,Comedy|Romance,Jennifer Lafleur,64,2830,Michael Stahl-David,1,bromance|manhattan new york city|new york city|photograph|surprise,http://www.imdb.com/title/tt2112209/?ref_=fn_tt_tt_1,3,English,USA,0,0.45,469,6.8,0,31
2014,b'Rise of the Entrepreneur: The Search for a Better Way',Color,Joe Kenemore,0,52,0,0,Jack Canfield,8,0,Documentary,Bob Proctor,78,10,Eric Worre,0,business|entrepreneur|network marketing,http://www.imdb.com/title/tt4273494/?ref_=fn_tt_tt_1,10,English,USA,G,0.45,2,8.2,0,460
1990,b'Metropolitan',Color,Whit Stillman,71,98,89,3,Taylor Nichols,88,2.938208,Comedy|Drama|Romance,Chris Eigeman,7143,173,Ellia Thompson,1,apartment|dancing|debutante|new york|upper class,http://www.imdb.com/title/tt0100142/?ref_=fn_tt_tt_1,52,English,USA,PG-13,0.225,74,7.5,1.66,865
2013,b'Roadside',Color,Eric England,15,81,15,93,Ace Marrero,847,0,Drama|Horror|Mystery|Thriller,Jack E. Curenton,268,1151,Alan Pietruszewski,0,dog|gun|hostage|husband wife relationship|jealousy,http://www.imdb.com/title/tt1958007/?ref_=fn_tt_tt_1,6,English,USA,0,0,94,4.1,16,61
2007,b'Paranormal Activity',Color,Oren Peli,409,84,110,21,Ashley Palmer,189,107.917283,Horror,Micah Sloat,184824,330,Amber Armstrong,0,dark force|entity|evil force|found footage|paranormal phenomenon,http://www.imdb.com/title/tt1179904/?ref_=fn_tt_tt_1,1189,English,USA,R,0.015,109,6.3,1.85,12000
1975,b'Monty Python and the Holy Grail',Color,Terry Gilliam,131,91,0,332,Michael Palin,795,1.229197,Adventure|Comedy|Fantasy,Eric Idle,382240,2158,Terry Jones,0,camelot|holy grail|king arthur|knight|lancelot,http://www.imdb.com/title/tt0071853/?ref_=fn_tt_tt_1,660,English,UK,PG,0.229575,561,8.3,1.66,14000
2006,b'Quinceaera',Color,Richard Glatzer,69,90,25,138,Jesse Garcia,231,1.689999,Drama,Emily Rios,3675,771,Alicia Sixtos,1,15th birthday|birthday|gay|party|security guard,http://www.imdb.com/title/tt0451176/?ref_=fn_tt_tt_1,48,Spanish,USA,R,0.4,200,7.1,2.35,426
2003,b'Gory Gory Hallelujah',Color,Sue Corcoran,8,96,14,6,Sue Corcoran,361,0.011798,Comedy|Fantasy|Horror|Musical,Tony Doupe,179,387,David Frederick White,2,conspiracy|feminist|hippie|motorcycle|slapstick comedy,http://www.imdb.com/title/tt0396041/?ref_=fn_tt_tt_1,18,English,USA,0,0.1,14,4.7,1.78,39
2003,b'Tarnation',Color,Jonathan Caouette,72,88,20,0,Jonathan Caouette,58,0.592014,Biography|Documentary,Greg Ayres,5709,78,Renee Leblanc,3,answering machine|home movie|lithium|schizophrenic|video diary,http://www.imdb.com/title/tt0390538/?ref_=fn_tt_tt_1,114,English,USA,Unrated,0.000218,20,7.2,1.37,754
2010,b'I Want Your Money',Color,Ray Griggs,4,92,4,12,Chris Cox,93,0.425899,Documentary,Bill Farmer,1123,168,Mike Huckabee,0,0,http://www.imdb.com/title/tt1560957/?ref_=fn_tt_tt_1,31,English,USA,PG,0.4,31,5.1,1.78,638
2014,b'Love in the Time of Monsters',Color,Matt Jackson,9,97,0,271,Paul Elia,935,0,Comedy|Horror,Kane Hodder,143,2350,Alex Sanborn,3,bigfoot|love|monster|sasquatch|tourist,http://www.imdb.com/title/tt2403415/?ref_=fn_tt_tt_1,5,English,USA,0,0.5,709,5.4,0,194
1981,b'The Beyond', Black and White,Lucio Fulci,203,82,385,22,David Warbeck,48,0.126387,Horror,Catriona MacColl,14985,123,Al Cliver,0,doctor|hell|hotel|painter|plumber,http://www.imdb.com/title/tt0082307/?ref_=fn_tt_tt_1,253,Italian,Italy,X,0.4,22,6.9,2.35,2000
2005,b'The Dark Hours',Color,Paul Fox,80,80,3,39,Jeff Seymour,108,0,Horror|Thriller,Dov Tiefenbach,4788,272,Gordon Currie,0,brain tumor|champagne|game|psychiatrist|weekend,http://www.imdb.com/title/tt0402249/?ref_=fn_tt_tt_1,52,English,Canada,R,0.5,64,6.1,1.85,166
2002,b'Fabled', Black and White,Ari Kirschenbaum,8,84,0,36,Adam LeFevre,169,0.025918,Drama|Horror|Mystery|Thriller,R. Brandon Johnson,191,312,Desmond Askew,0,0,http://www.imdb.com/title/tt0299863/?ref_=fn_tt_tt_1,10,English,USA,R,0,80,5.8,1.78,7
2004,b'Show Me',Color,Cassandra Nicolaou,10,97,0,83,Michelle Nolden,918,0,Drama|Thriller,Katharine Isabelle,369,1163,Gabriel Hogan,0,bathtub|implied incest|lesbian|squeegee|tied to a chair,http://www.imdb.com/title/tt0414510/?ref_=fn_tt_tt_1,5,French,Canada,R,0.9,100,6,1.78,12
1997,b'Trekkies',Color,Roger Nygard,43,86,3,513,DeForest Kelley,643,0.617172,Documentary,Walter Koenig,4407,2864,James Doohan,1,autograph|dentist|outer space|star trek|telephone call,http://www.imdb.com/title/tt0120370/?ref_=fn_tt_tt_1,75,English,USA,PG,0.375,606,7,0,672
1981,b'The Evil Dead',Color,Sam Raimi,304,96,0,58,Betsy Baker,634,0,Fantasy|Horror,Ted Raimi,141219,813,Ellen Sandweiss,0,cult director|cult film|evil dead|necronomicon|psychotronic film,http://www.imdb.com/title/tt0083907/?ref_=fn_tt_tt_1,740,English,USA,NC-17,0.375,66,7.6,1.37,12000
2015,b'Censored Voices',Color,Mor Loushy,23,84,0,0,0,3,0.034151,Documentary|History,Amos Oz,186,3,0,0,0,http://www.imdb.com/title/tt3457376/?ref_=fn_tt_tt_1,3,Hebrew,Israel,0,0.45,0,7.2,1.78,111
1987,b'American Ninja 2: The Confrontation',Color,Sam Firstenberg,40,90,44,93,Steve James,615,4,Action|Drama,Michael Dudikoff,6046,872,Larry Poindexter,0,blood splatter|island|motorboat|ninja|sequel to cult film,http://www.imdb.com/title/tt0092548/?ref_=fn_tt_tt_1,46,English,USA,R,0.35,96,4.7,1.85,583
2005,b'51 Birch Street',Color,Doug Block,45,90,0,0,Ellen Block,0,0.084689,Documentary,Carol Block,695,0,Mike Block,2,address as title|number in title|parents,http://www.imdb.com/title/tt0468442/?ref_=fn_tt_tt_1,16,English,Germany,Unrated,0,0,7.5,0,70
2015,b'Rotor DR1',Color,Chad Kapper,4,98,0,0,Natalie Welch,196,0,Family|Sci-Fi,Tom E. Nicholson,209,199,Christian Kapper,2,drone|playing with gun|post apocalypse|road trip|working class family,http://www.imdb.com/title/tt4162992/?ref_=fn_tt_tt_1,8,English,USA,0,0.35,3,3.4,2.35,240
1978,b'Halloween',Color,John Carpenter,318,101,0,598,Donald Pleasence,2000,47,Horror|Thriller,Jamie Lee Curtis,157863,4400,P.J. Soles,0,halloween|masked killer|michael myers|slasher|trick or treat,http://www.imdb.com/title/tt0077651/?ref_=fn_tt_tt_1,1191,English,USA,R,0.3,742,7.9,2.35,12000
2009,b'My Dog Tulip',Color,Paul Fierlinger,51,83,3,258,Peter Gerety,812,0.246574,Animation|Drama,Isabella Rossellini,1272,1370,Lynn Redgrave,0,autobiography|dog movie|german shepherd|memoir|old man,http://www.imdb.com/title/tt0843358/?ref_=fn_tt_tt_1,15,English,USA,0,0,277,6.9,1.85,675
2009,b'Dogtooth',Color,Yorgos Lanthimos,211,94,252,14,Mary Tsoni,47,0.110197,Drama|Thriller,Angeliki Papoulia,44864,126,Sissy Petropoulou,0,fellatio|isolated house|overprotective father|social isolation|unsimulated sex,http://www.imdb.com/title/tt1379182/?ref_=fn_tt_tt_1,170,Greek,Greece,Unrated,0,37,7.3,2.35,13000
1999,b'Tumbleweeds',Color,Gavin O'Connor,64,102,149,276,Janet McTeer,409,1.281176,Comedy|Drama,Kimberly J. Brown,2932,1986,Lois Smith,1,boss|fight|reference to william shakespeare|white trash|written and directed by cast member,http://www.imdb.com/title/tt0161023/?ref_=fn_tt_tt_1,73,English,USA,PG-13,0.312,277,6.7,1.85,121
1996,"b""When the Cat's Away""",Color,Cédric Klapisch,29,91,82,8,Zinedine Soualem,75,1.652472,Comedy|Romance,Simon Abkarian,2843,102,Jane Bradbury,7,cat|homosexual sex|male homosexuality|neighborhood|noisy neighbor,http://www.imdb.com/title/tt0115856/?ref_=fn_tt_tt_1,25,French,France,R,0.3,9,6.9,1.66,166
1998,b'The Big Swap',Color,Niall Johnson,4,114,7,2,Mark Caven,19,0,Drama,Kevin Howarth,270,37,Thierry Harcourt,0,breasts|female frontal nudity|jealousy|male full frontal nudity|male nudity,http://www.imdb.com/title/tt0118717/?ref_=fn_tt_tt_1,7,English,UK,0,0,16,5.6,1.33,29
2006,b'Old Joy',Color,Kelly Reichardt,88,76,129,26,Lucy,52,0.255352,Drama,Daniel London,4423,132,Will Oldham,2,cell phone|male frontal nudity|oregon|sexual ambiguity|title directed by female,http://www.imdb.com/title/tt0468526/?ref_=fn_tt_tt_1,57,English,USA,Unrated,0.3,44,6.7,1.66,594
2010,b'3 Backyards',Color,Eric Mendelsohn,20,88,5,301,Edie Falco,795,0,Drama,Embeth Davidtz,554,1884,Kathryn Erbe,0,number in title,http://www.imdb.com/title/tt1314190/?ref_=fn_tt_tt_1,23,English,USA,R,0.3,659,5.2,0,92
2005,b'Sisters in Law',Color,Florence Ayisi,27,104,0,0,Beatrice Ntuba,2,0.032631,Documentary,Vera Ngassa,291,2,0,1,0,http://www.imdb.com/title/tt0474361/?ref_=fn_tt_tt_1,8,English,Cameroon,Not Rated,0,0,7.5,0,50
2001,b'Ayurveda: Art of Being',Color,Pan Nalin,15,102,95,0,0,0,0.016892,Documentary,0,341,0,0,0,eastern philosophy|healing|india|life,http://www.imdb.com/title/tt0221809/?ref_=fn_tt_tt_1,12,English,India,0,0.3,0,7.6,1.85,379
1997,"b'First Love, Last Rites'",Color,Jesse Peretz,16,94,37,104,Eli Marienthal,318,0.040542,Drama|Romance,Robert John Burke,294,751,Natasha Gregson Wagner,0,listening to music|misfit|panties|red panties|sex,http://www.imdb.com/title/tt0128214/?ref_=fn_tt_tt_1,16,English,USA,R,0.3,157,5.5,0,26
2004,b'Fighting Tommy Riley',Color,Eddie O'Flaherty,13,109,3,25,Eddie Jones,54,0.005199,Drama|Sport,Don Wallace,720,185,Christina Chambers,0,older man younger man relationship|punching bag|school teacher|undressing|unrequited love,http://www.imdb.com/title/tt0366444/?ref_=fn_tt_tt_1,23,English,USA,R,0.2,53,6.6,2.35,30
2009,b'Royal Kill',Color,Babar Ahmed,8,90,0,32,Alexander Wraith,502,0,Action|Thriller,Lalaine,476,689,Darren Kendrick,0,assassin|female assassin|kingdom|martial arts|mission,http://www.imdb.com/title/tt0421237/?ref_=fn_tt_tt_1,18,English,USA,PG-13,0.35,119,3.2,0,53
2007,b'Across the Universe',Color,Julie Taymor,156,133,278,107,T.V. Carpio,5000,24.343673,Drama|Fantasy|Musical|Romance,Jim Sturgess,91863,5405,Robert Clohessy,0,anti war|liverpool|love|protest|song,http://www.imdb.com/title/tt0445922/?ref_=fn_tt_tt_1,524,English,USA,PG-13,45,117,7.4,2.35,14000
2015,b'The Looking Glass',Color,John D. Hancock,4,110,44,221,Elizabeth Stenholt,644,0.001711,Drama|Music,Trish Basinger,82,1440,Mary Norwood,0,0,http://www.imdb.com/title/tt2912776/?ref_=fn_tt_tt_1,1,English,USA,0,0,503,6.6,0,175
2014,b'Locker 13',Color,Bruce Dellis,10,95,0,309,Ricky Schroder,685,0.002468,Thriller,Tatyana Ali,241,2048,Jon Polito,3,digit in title|latino|life or death|philosophy|supernatural,http://www.imdb.com/title/tt1241226/?ref_=fn_tt_tt_1,5,English,USA,R,0.3,665,4.8,1.85,261
1990,b'Midnight Cabaret',0,Pece Dingo,1,94,0,87,Wilhelm von Homburg,156,0,Horror,Michael Des Barres,47,544,Thom Mathews,0,cigarette smoking|death|devil|nightmare|satanic cult,http://www.imdb.com/title/tt0100146/?ref_=fn_tt_tt_1,4,English,USA,R,0,102,4.5,0,4
2010,"b""Anderson's Cross""",Color,Jerome Elston Scott,8,98,3,248,Joanna Cassidy,500,0,Comedy|Drama|Romance,Taran Killam,95,1545,Ryan Carnes,7,divorce|marriage|mother daughter relationship|sex|teenage boy,http://www.imdb.com/title/tt0393049/?ref_=fn_tt_tt_1,7,English,USA,R,0.3,317,7.2,0,7
2015,b'Bizarre',Color,Étienne Faure,9,98,77,0,Pierre Prieur,19,0,Drama|Musical|Romance,Rumi Missabu,569,19,Raquel Nave,0,full frontal nudity|group shower|male full frontal nudity|male nudity|shower,http://www.imdb.com/title/tt3904272/?ref_=fn_tt_tt_1,1,English,France,Unrated,0.5,0,4.3,1.78,114
1981,b'Graduation Day',Color,Herb Freed,78,96,5,180,Carmen Argenziano,431,0,Horror|Mystery,Linnea Quigley,1905,1228,Vanna White,0,coach|mask|school principal|team|track,http://www.imdb.com/title/tt0082467/?ref_=fn_tt_tt_1,58,English,USA,R,0.25,338,4.5,1.85,249
2001,b'Lovely & Amazing',Color,Nicole Holofcener,71,91,132,225,Brenda Blethyn,400,4.186931,Comedy|Drama|Romance,Aunjanue Ellis,6041,1330,Raven Goodwin,3,african american|dog|homecoming queen|insecurity|surgery,http://www.imdb.com/title/tt0258273/?ref_=fn_tt_tt_1,85,English,USA,R,0.25,286,6.9,1.85,169
2010,b'Death Calls',Color,Ken Del Conte,0,90,2,99,Robert Miano,466,0,Action|Adventure|Mystery|Romance|Thriller,Hector Echavarria,30,842,Ron Roggé,2,murder|oppression|rebirth|reincarnation|revenge,http://www.imdb.com/title/tt1328873/?ref_=fn_tt_tt_1,0,English,USA,R,0.29,216,4.3,1.85,16
2002,b'Better Luck Tomorrow',Color,Justin Lin,51,98,681,13,Jason Tobin,94,3.799339,Crime|Drama|Romance,Parry Shen,8000,139,Collin Kahey,1,asian american|high school|overachiever|pubic hair|vomiting,http://www.imdb.com/title/tt0280477/?ref_=fn_tt_tt_1,138,English,USA,R,0.25,26,7.2,1.85,661
1995,b'The Incredibly True Adventure of Two Girls in Love',Color,Maria Maggenti,23,94,4,10,Laurel Holloman,360,1.977544,Comedy|Drama|Romance,Nicole Ari Parker,3513,656,Stephanie Berry,0,caught having sex|class|friend|lesbian|lesbian sex,http://www.imdb.com/title/tt0113416/?ref_=fn_tt_tt_1,36,English,USA,R,0.25,273,6.5,1.85,423
2000,b'Chuck & Buck',Color,Miguel Arteta,59,96,44,129,Mike White,625,1.0506,Comedy|Drama,Lupe Ontiveros,4662,1378,Chris Weitz,0,best friend|bisexuality|friend|gay kiss|sexuality,http://www.imdb.com/title/tt0200530/?ref_=fn_tt_tt_1,136,English,USA,R,0.25,487,6.6,1.85,170
2001,b'American Desi',Color,Piyush Dinker Pandya,9,100,0,51,Rizwan Manji,250,0.902835,Comedy|Drama|Romance,Purva Bedi,1489,454,Anil Kumar,2,college|desi|heritage|india|indian american,http://www.imdb.com/title/tt0203289/?ref_=fn_tt_tt_1,40,English,USA,Unrated,0.25,89,6.7,1.85,133
2014,"b""Amidst the Devil's Wings""",Color,Daniel Columbie,0,90,0,185,Nicholas Simmons,569,0,Action|Crime|Drama,Keri Maletto,28,1461,Barbie Castro,0,0,http://www.imdb.com/title/tt3976258/?ref_=fn_tt_tt_1,0,English,USA,0,0.3,553,4.3,0,17
1997,b'Cube',Color,Vincenzo Natali,99,90,165,319,Julian Richings,686,0.48922,Mystery|Sci-Fi|Thriller,David Hewlett,160511,1743,Nicole de Boer,0,escape|labyrinth|maze|red light|trap,http://www.imdb.com/title/tt0123755/?ref_=fn_tt_tt_1,696,English,Canada,R,0.365,648,7.3,1.85,11000
1996,b'Love and Other Catastrophes',Color,Emma-Kate Croghan,21,76,0,62,Frances O'Connor,991,0.212285,Comedy|Romance,Radha Mitchell,1727,1661,Matt Day,1,film school|love|medical student|student|university,http://www.imdb.com/title/tt0116931/?ref_=fn_tt_tt_1,21,English,Australia,R,0.25,575,6.4,0,46
1997,b'I Married a Strange Person!',Color,Bill Plympton,19,75,45,0,Bill Martone,5,0.203134,Animation|Comedy|Drama|Fantasy|Sci-Fi,Charis Michelsen,1428,7,Richard Spore,0,claim in title|exclamation point in title|punctuation in title|reference to babe ruth|sex,http://www.imdb.com/title/tt0119346/?ref_=fn_tt_tt_1,21,English,USA,R,0.25,2,7,1.85,178
2004,b'November',Color,Greg Harrison,43,78,7,142,Anne Archer,308,0.191309,Drama|Mystery|Thriller,Amir Talai,2787,1008,Nora Dunn,1,female protagonist|murder|photographer|robbery|shot to death,http://www.imdb.com/title/tt0368089/?ref_=fn_tt_tt_1,64,English,USA,R,0.15,249,5.5,1.85,98
2011,b'Like Crazy',Color,Drake Doremus,206,90,52,224,Charlie Bewley,34000,3.38821,Drama|Romance,Jennifer Lawrence,46813,34983,Finola Hughes,1,girlfriend|immigration|long distance relationship|parents|student visa,http://www.imdb.com/title/tt1758692/?ref_=fn_tt_tt_1,150,English,USA,PG-13,0.25,487,6.7,1.78,12000
2015,b'Teeth and Blood',Color,Al Franklin,0,96,0,270,Steffinnie Phrommany,471,0,Horror,Marshal Hilton,24,1399,Clint Jung,0,blood|teeth,http://www.imdb.com/title/tt1991199/?ref_=fn_tt_tt_1,2,English,USA,0,0.3,320,4.3,16,85
1999,b'Sugar Town',Color,Allison Anders,29,92,99,181,Rosanna Arquette,793,0.17784,Comedy|Music,Ally Sheedy,708,1987,John Doe,2,drugs|music producer|rock music|title directed by female|vegetarian,http://www.imdb.com/title/tt0173390/?ref_=fn_tt_tt_1,22,English,UK,R,0.25,605,6.1,0,93
2005,b'The Motel',Color,Michael Kang,27,75,269,7,Clint Jordan,100,0.047111,Comedy|Drama,Samantha Futerman,1227,127,Jackie Nova,1,absent father|asian american|friendship between men|motel|mother son relationship,http://www.imdb.com/title/tt0436607/?ref_=fn_tt_tt_1,11,Cantonese,USA,0,0,8,6.8,1.85,62
2004,b'On the Outs',Color,Lori Silverbush,26,86,5,41,Flaco Navaja,68,0,Drama,Judy Marte,603,216,Dominic Colón,3,dominican|drug dealer|prison|single mother|teenage pregnancy,http://www.imdb.com/title/tt0389235/?ref_=fn_tt_tt_1,15,English,USA,R,0,64,6.9,0,122
2007,b'Shotgun Stories',Color,Jeff Nichols,85,92,337,22,Natalie Canerday,35,0.045661,Drama|Thriller,Michael Abbott Jr.,7148,114,Travis Smith,0,bare chested male|half brother|indifference|shotgun|violence,http://www.imdb.com/title/tt0952682/?ref_=fn_tt_tt_1,32,English,USA,PG-13,0,32,7.3,2.35,773
2009,b'Exam',Color,Stuart Hazeldine,77,101,17,289,Luke Mably,766,0,Mystery|Thriller,Colin Salmon,70076,2123,Pollyanna McIntosh,0,band aid|hairpin|one day|single set production|unsubtitled foreign language,http://www.imdb.com/title/tt1258197/?ref_=fn_tt_tt_1,120,English,UK,Not Rated,0,438,6.9,2.35,14000
1997,b'The Sticky Fingers of Time', Black and White,Hilary Brougher,8,81,0,5,Samantha Buck,119,0.018195,Sci-Fi,James Urbaniak,336,154,Terumi Matthews,0,future|nonlinear timeline|time travel|title directed by female|writer,http://www.imdb.com/title/tt0127302/?ref_=fn_tt_tt_1,7,English,USA,0,0.25,24,6.3,1.85,67
2008,b'Sunday School Musical',Color,Rachel Goldenberg,5,93,7,73,Mark Hengst,349,0,Drama|Musical,Dustin Fitzsimons,602,631,Debra Lynn Hull,0,church|competition|high school|new school|pastor,http://www.imdb.com/title/tt1270792/?ref_=fn_tt_tt_1,18,English,USA,G,0,168,2.5,1.85,777
2010,b'Rust',Color,Corbin Bernsen,3,95,1000,3,Lorne Cardinal,1000,0,Drama,Corbin Bernsen,300,1056,Kirsten Collins,1,0,http://www.imdb.com/title/tt1360826/?ref_=fn_tt_tt_1,8,English,Canada,PG,0.25,53,5.7,1.78,141
2009,b'Ink',Color,Jamin Winans,66,107,63,76,Marty Lindsey,135,0,Action|Drama|Fantasy|Sci-Fi,Eme Ikwuakor,18486,457,Jessica Duffy,0,dream|self destructiveness|storyteller|time paradox|workaholic,http://www.imdb.com/title/tt1071804/?ref_=fn_tt_tt_1,215,English,USA,0,0,115,7,1.78,11000
1982,b'Butterfly',Color,Matt Cimber,15,108,32,180,June Lockhart,602,0,Crime|Drama,Stacy Keach,870,1991,Stuart Whitman,0,breasts|female frontal nudity|female rear nudity|incest|voyeur,http://www.imdb.com/title/tt0082122/?ref_=fn_tt_tt_1,18,English,USA,R,0,427,4.5,1.85,76
2013,b'UnDivided',Color,Sam Martin,1,66,0,0,Steve Duin,0,0,Documentary,Sam Adams,6,0,Jeff Jacob,2,0,http://www.imdb.com/title/tt3564748/?ref_=fn_tt_tt_1,1,English,USA,PG,0.25,0,7.8,0,53
2012,b'The Frozen',Color,Andrew Hyatt,12,95,7,89,Brit Morgan,236,0,Horror|Thriller,Noah Segan,1488,537,Sedona James,1,two word title,http://www.imdb.com/title/tt2363439/?ref_=fn_tt_tt_1,28,English,USA,PG-13,0.25,206,4.4,0,519
1998,b'The Love Letter',Color,Dan Curtis,0,99,45,224,Campbell Scott,1000,0,Fantasy|Romance,Jennifer Jason Leigh,1465,2166,Estelle Parsons,1,antique|desk|letter|love|time travel,http://www.imdb.com/title/tt0140340/?ref_=fn_tt_tt_1,56,English,USA,Unrated,0,393,7.4,1.33,515
2014,b'Horse Camp',Color,Joel Paul Reisig,1,108,431,3,Dana Blackstone,288,0,Family,Joshua Ray Bell,25,387,Annelyse Ahmad,6,0,http://www.imdb.com/title/tt3421204/?ref_=fn_tt_tt_1,1,English,USA,PG,0.25,96,6.6,0,71
2014,b'Give Me Shelter',Color,Kristin Rizzo,6,90,30,670,Robert Davi,699,0,Documentary,Esai Morales,37,3967,Elaine Hendrix,0,independent film,http://www.imdb.com/title/tt2559658/?ref_=fn_tt_tt_1,2,English,USA,0,0.25,683,8,0,199
2006,b'Little Big Top',Color,Ward Roberts,2,83,12,29,Jacob Zachar,1000,0,Comedy,Sid Haig,110,1244,Travis Betz,0,amateur|circus|clown|unconsciousness|urination,http://www.imdb.com/title/tt0469690/?ref_=fn_tt_tt_1,1,English,USA,0,0.24,185,6.5,0,72
2013,b'Along the Roadside',Color,Zoran Lisinac,17,108,0,142,Brock Baker,431,0,Comedy|Music|Romance,Matthew Emerick,330,1087,Sheldon Bailey,3,0,http://www.imdb.com/title/tt2290113/?ref_=fn_tt_tt_1,2,English,USA,0,0.25,297,7.1,1.85,231
2008,b'Bronson',Color,Nicolas Winding Refn,225,92,0,146,James Lance,27000,0.104792,Action|Biography|Crime|Drama,Tom Hardy,84817,27507,Matt King,0,male full frontal nudity|prison|prisoner|solitary confinement|violence,http://www.imdb.com/title/tt1172570/?ref_=fn_tt_tt_1,145,English,UK,R,0,161,7.1,1.85,22000
2015,b'Western Religion',Color,James O'Brien,5,105,7,494,Vivian Lamolli,814,0,Adventure|Drama|Fantasy|Thriller|Western,Mark Fantasia,146,2970,Greg Jackson,0,arizona|gambling|gunfighter|poker game|year 1879,http://www.imdb.com/title/tt3210710/?ref_=fn_tt_tt_1,4,English,USA,0,0.25,755,4,0,244
2012,b'Burn',Color,Tom Putnam,22,86,15,0,Donald Austin,2,0.1113,Documentary,Brendan Doogie Milewski,575,2,Craig Dougherty,0,abandoned building|detroit michigan|firefighter|michigan|urban setting,http://www.imdb.com/title/tt1781784/?ref_=fn_tt_tt_1,6,English,USA,Not Rated,0.225,0,7.5,2.35,801
2000,b'Urbania',Color,Jon Shear,38,106,0,131,Josh Hamilton,254,1.027119,Drama,Dan Futterman,2742,964,Matt Keeslar,1,hot dog bun|needle|new york|rat|tourist,http://www.imdb.com/title/tt0182508/?ref_=fn_tt_tt_1,73,English,USA,R,0.225,147,7,1.85,72
1979,b'Mad Max',Color,George Miller,208,93,750,28,Steve Bisley,728,0,Action|Adventure|Sci-Fi|Thriller,Hugh Keays-Byrne,152232,928,Joanne Samuel,0,biker|motorcycle|motorcycle gang|post apocalypse|woman wearing only a man's shirt,http://www.imdb.com/title/tt0079501/?ref_=fn_tt_tt_1,303,English,Australia,R,0.2,76,7,2.35,10000
2004,b'Short Cut to Nirvana: Kumbh Mela',Color,Maurizio Benazzo,15,85,0,0,Jasper Johal,66,0.381225,Documentary,The Dalai Lama,131,66,Swami Krishnanad,0,0,http://www.imdb.com/title/tt0420723/?ref_=fn_tt_tt_1,13,English,USA,Unrated,0.2,0,7.2,1.78,30
2012,b'Middle of Nowhere',Color,Ava DuVernay,37,97,151,305,David Oyelowo,1000,0.07803,Drama,Omari Hardwick,1034,3021,Lorraine Toussaint,2,0,http://www.imdb.com/title/tt1211890/?ref_=fn_tt_tt_1,10,English,USA,R,0.2,1000,6.5,2.35,569
2010,b'3',Color,Tom Tykwer,76,119,670,9,Sebastian Schipper,24,0.059774,Comedy|Drama|Romance,Devid Striesow,4212,69,Sophie Rois,0,female nudity|full frontal female nudity|male frontal nudity|menage a trois|pubic hair,http://www.imdb.com/title/tt1517177/?ref_=fn_tt_tt_1,18,German,Germany,Unrated,0,20,6.8,2.35,2000
2002,b'The Business of Fancydancing',Color,Sherman Alexie,12,103,18,61,Leo Rossi,96,0.174682,Drama|Music,William Joseph Elk III,460,314,Cynthia Geary,0,funeral|gay|native american protagonist|poet|reservation,http://www.imdb.com/title/tt0303313/?ref_=fn_tt_tt_1,14,English,USA,0,0.2,90,6.9,0,96
2008,b'Call + Response',Color,Justin Dillon,7,86,0,15,Natasha Bedingfield,178,0.215185,Documentary|History|Music,Matisyahu,48,279,Madeleine Albright,3,fair trade|human trafficking|non profit|rockumentary|slavery,http://www.imdb.com/title/tt1301130/?ref_=fn_tt_tt_1,2,English,USA,PG-13,0.2,58,7.5,0,26
2013,b'Side Effects',Color,Steven Soderbergh,450,106,0,273,David Costabile,17000,32.15441,Crime|Drama|Thriller,Channing Tatum,148334,18469,Katie Lowes,0,clinical trial|female protagonist|neuropharmacology|psychiatrist|side effect,http://www.imdb.com/title/tt2053463/?ref_=fn_tt_tt_1,274,English,USA,R,30,681,7.1,1.85,29000
2003,b'Malevolence',Color,Stevan Mena,60,90,25,10,Stevan Mena,169,0,Crime|Horror|Mystery|Thriller,R. Brandon Johnson,2413,206,Richard Glover,0,abandoned house|bank|robber|swing|witness,http://www.imdb.com/title/tt0388230/?ref_=fn_tt_tt_1,112,English,USA,R,0.2,25,5.1,1.33,198
2015,b'Shooting the Warwicks',Color,Adam Rifkin,4,95,89,45,Adam Rifkin,471,0,Comedy|Drama,Marri Savinar,81,705,Bethany Blakey,0,family relationships|husband wife relationship|nudity|reality|reality spoof,http://www.imdb.com/title/tt2690560/?ref_=fn_tt_tt_1,1,English,USA,0,0.25,89,6.2,0,47
2008,b'Baghead',Color,Jay Duplass,93,84,157,98,Jennifer Lafleur,962,0.140016,Comedy|Drama|Horror|Romance,Greta Gerwig,3507,2016,Elise Muller,0,actor|cabin|california|paper bag|vomiting,http://www.imdb.com/title/tt0923600/?ref_=fn_tt_tt_1,40,English,USA,R,0,873,6,1.85,443
2014,b'Solitude',Color,Livingston Oden,1,89,0,15,Victoria Lachelle,138,0,Comedy|Horror|Mystery|Thriller,Susan Chambers,78,192,Ali Daniels,0,0,http://www.imdb.com/title/tt3565836/?ref_=fn_tt_tt_1,1,English,USA,0,0,18,6.8,0,267
2004,b'The Case of the Grinning Cat',Color,Chris Marker,16,59,121,0,Bertrand Cantat,27,0,Documentary,Marina Vlady,352,27,Léon Schwartzenberg,0,0,http://www.imdb.com/title/tt0437123/?ref_=fn_tt_tt_1,4,French,France,0,0.15,0,7.4,1.37,44
2007,b'The Man from Earth',Color,Richard Schenkman,66,87,29,131,John Billingsley,505,0,Drama|Romance|Sci-Fi,William Katt,129799,1181,David Lee Smith,0,cro magnon|dialogue driven storyline|single set production|single setting|storytelling,http://www.imdb.com/title/tt0756683/?ref_=fn_tt_tt_1,638,English,USA,Not Rated,0.2,323,8,1.78,46000
2006,b'The Trials of Darryl Hunt',Color,Ricki Stern,11,106,15,0,Evelyn Jefferson,2,0.001111,Crime|Documentary,Darryl Hunt,771,2,John Reeves,0,false accusation|murder|north carolina|trial|wrongful conviction,http://www.imdb.com/title/tt0446055/?ref_=fn_tt_tt_1,10,English,USA,PG-13,0.2,0,7.7,1.66,246
2004,b'An American Girl Holiday',Color,Nadia Tass,6,86,20,32,Jordan Bridges,563,0,Drama|Family,Mia Farrow,1338,828,Bruce Gooch,1,courtship|friend|girl|servant|sister,http://www.imdb.com/title/tt0412366/?ref_=fn_tt_tt_1,32,English,USA,0,0.2,194,7.2,1.33,90
2008,b'Yesterday Was a Lie', Black and White,James Kerwin,25,89,0,31,Chase Masterson,236,0,Drama|Music|Mystery|Romance|Sci-Fi,John Newton,374,518,H.M. Wynant,3,claim in title|jazz|jazz singer|sexy woman|time manipulation,http://www.imdb.com/title/tt0448182/?ref_=fn_tt_tt_1,10,English,USA,PG,2.5,189,5.4,1.78,83
2012,b'Theresa Is a Mother',Color,C. Fraser Press,13,105,0,27,Robert Turano,178,0,Comedy|Drama|Music,Elaine Bromka,37,263,Matthew Gumley,0,0,http://www.imdb.com/title/tt1989646/?ref_=fn_tt_tt_1,1,English,USA,0,0.2,32,6.7,0,38
2014,b'H.',Color,Rania Attieh,18,93,0,75,Robin Bartlett,110,0,Drama|Sci-Fi|Thriller,Paul Hickert,191,338,Rebecca Dayan,0,0,http://www.imdb.com/title/tt3666210/?ref_=fn_tt_tt_1,1,English,USA,0,0,79,6.3,0,142
2012,b'Archaeology of a Woman',Color,Sharon Greytak,3,94,0,178,Alex Emanuel,433,0,Drama,Sally Kirkland,15,1112,Elaine Bromka,1,0,http://www.imdb.com/title/tt1702455/?ref_=fn_tt_tt_1,3,English,USA,0,0.2,375,8.1,1.78,66
1986,"b""She's Gotta Have It""", Black and White,Spike Lee,26,88,0,46,Joie Lee,539,7.137502,Comedy|Romance,S. Epatha Merkerson,4769,708,Tracy Camilla Johns,0,female nudity|male model|nudity|rite of passage|sex,http://www.imdb.com/title/tt0091939/?ref_=fn_tt_tt_1,26,English,USA,R,0.175,53,6.5,1.85,406
2014,b'Butterfly Girl',Color,Cary Bell,0,78,0,0,Stacie Evans,0,0,Documentary,Abigail Evans,27,0,Emily Gorell,0,0,http://www.imdb.com/title/tt2421956/?ref_=fn_tt_tt_1,1,English,USA,0,0.18,0,8.7,0,88
2015,b'The World Is Mine',Color,Nicolae Constantin Tanase,5,104,0,0,Ana Maria Guran,0,0,Drama,Iulia Ciochina,354,0,Ana Vatamanu,1,0,http://www.imdb.com/title/tt4707756/?ref_=fn_tt_tt_1,1,Romanian,Romania,0,0.168,0,6.5,0,34
2011,b'Another Earth',Color,Mike Cahill,242,92,135,259,William Mapother,574,1.316074,Drama|Romance|Sci-Fi,Robin Lord Taylor,71387,1303,Flint Beverage,1,duplicate earth|janitor|planet|solar system|synchronicity,http://www.imdb.com/title/tt1549572/?ref_=fn_tt_tt_1,228,English,USA,PG-13,0.1,399,7,1.85,21000
1971,"b""Sweet Sweetback's Baadasssss Song""",Color,Melvin Van Peebles,38,97,101,101,Mario Van Peebles,982,15.18,Crime|Drama|Thriller,John Amos,3340,1631,Melvin Van Peebles,1,black panther|hells angels|on the run|racist|racist cop,http://www.imdb.com/title/tt0067810/?ref_=fn_tt_tt_1,50,English,USA,R,0.5,535,5.5,1.37,566
2014,b'Perfect Cowboy',Color,Ken Roht,0,109,0,26,Joe Lev,270,0,Drama,Charla Cochran,8,364,Sienna Beckman,3,country singer|father son relationship|music group,http://www.imdb.com/title/tt3581098/?ref_=fn_tt_tt_1,0,English,USA,0,0.2,54,7,0,65
2000,b'Tadpole',Color,Gary Winick,91,78,56,184,Aaron Stanford,376,2.882062,Comedy|Drama|Romance,Bebe Neuwirth,5178,1144,Ron Rifkin,2,best friend|boy|french|friend|love,http://www.imdb.com/title/tt0271219/?ref_=fn_tt_tt_1,101,English,USA,PG-13,0.15,346,6.3,1.85,132
2007,b'Once',Color,John Carney,232,85,109,18,Markéta Irglová,200,9.437933,Drama|Music|Romance,Glen Hansard,90827,332,Darren Healy,0,immigrant|independent film|song|street|vacuum cleaner,http://www.imdb.com/title/tt0907657/?ref_=fn_tt_tt_1,329,English,Ireland,R,0.18,96,7.9,1.85,26000
1999,b'The Woman Chaser', Black and White,Robinson Devor,18,88,14,3,Eugene Roche,142,0.11072,Comedy,Marilyn Rising,524,168,Max Kerstein,0,car salesman|filmmaking|pulp fiction|santa claus suit|truck driver,http://www.imdb.com/title/tt0217894/?ref_=fn_tt_tt_1,22,English,USA,0,1.2,23,7.3,0,73
2015,b'Heroes of Dirt',Color,Eric Bugbee,2,98,0,21,Bill Allen,52,0,Action|Drama|Sport,Joel Moody,53,130,Lia Tucker,0,bike|bmx|drugs|troubled teen|youth,http://www.imdb.com/title/tt1934172/?ref_=fn_tt_tt_1,1,English,USA,PG-13,0,36,7.1,0,197
2015,b'Antarctic Edge: 70 South',Color,Dena Seidel,5,72,0,0,Hugh Ducklow,0,0.004914,Adventure|Documentary,Naderev Sano,123,0,Mike Brett,0,0,http://www.imdb.com/title/tt2780714/?ref_=fn_tt_tt_1,2,English,USA,0,0.15,0,7,0,215
2013,b'Aroused', Black and White,Deborah Anderson,16,66,4,232,Jesse Jane,502,0,Documentary,Lisa Ann,502,1796,Kayden Kross,0,aroused|photography|pornography documentary|pornstar,http://www.imdb.com/title/tt2403815/?ref_=fn_tt_tt_1,9,English,USA,0,0.15,366,5.3,0,207
2014,b'Top Spin',Color,Sara Newens,18,80,0,0,Xinhua Jiang,0,0.005858,Documentary,Ariel Hsing,260,0,Michael Landers,0,0,http://www.imdb.com/title/tt4219836/?ref_=fn_tt_tt_1,2,English,USA,0,0.15,0,7.1,0,116
1989,b'Roger & Me',Color,Michael Moore,40,91,909,42,Pat Boone,909,6.706368,Documentary,Michael Moore,22800,1048,Bob Eubanks,0,factory|flint michigan|general motors|michigan|quest,http://www.imdb.com/title/tt0098213/?ref_=fn_tt_tt_1,133,English,USA,R,0.16,91,7.5,1.66,667
2014,b'An American in Hollywood',Color,Sai Varadan,3,89,0,163,Hassan Johnson,196,0,Drama,J.D. Williams,100,942,Samantha Esteban,0,place name in title,http://www.imdb.com/title/tt2125430/?ref_=fn_tt_tt_1,3,English,USA,R,0.125,180,7.2,0,72
2013,b'The Brain That Sings',Color,Amal Al-Agroobi,0,62,58,0,0,0,0,Documentary|Family,0,18,0,0,1,autism|middle east|music therapy|united arab emirates,http://www.imdb.com/title/tt2638024/?ref_=fn_tt_tt_1,0,Arabic,United Arab Emirates,0,0.125,0,8.2,0,54
2005,b'The Blood of My Brother',Color,Andrew Berends,12,90,0,0,0,0,0,Documentary|War,0,102,0,0,1,american|blood|dream|patrol|tank,http://www.imdb.com/title/tt0488873/?ref_=fn_tt_tt_1,7,English,USA,0,0.12,0,6.6,1.66,14
2011,"b""Your Sister's Sister""",Color,Lynn Shelton,171,90,100,9,Mike Birbiglia,830,1.573712,Comedy|Drama,Mark Duplass,21618,973,Mel Eslyn,2,drunken sex|mashed potatoes|pancakes|tequila|title directed by female,http://www.imdb.com/title/tt1742336/?ref_=fn_tt_tt_1,62,English,USA,R,0.125,128,6.7,0,3000
2007,"b""A Dog's Breakfast""",Color,David Hewlett,8,88,686,405,David Hewlett,847,0,Comedy,Christopher Judge,3262,2364,Paul McGillion,2,dog|vegetarian,http://www.imdb.com/title/tt0796314/?ref_=fn_tt_tt_1,46,English,Canada,0,0.12,686,7,1.78,377
2007,"b""A Dog's Breakfast""",Color,David Hewlett,8,88,686,405,David Hewlett,847,0,Comedy,Christopher Judge,3262,2364,Paul McGillion,2,dog|vegetarian,http://www.imdb.com/title/tt0796314/?ref_=fn_tt_tt_1,46,English,Canada,0,0.12,686,7,1.78,377
1987,b'Hollywood Shuffle',Color,Robert Townsend,21,81,467,287,Keenen Ivory Wayans,467,5.228617,Comedy,Robert Townsend,2770,1431,Helen Martin,1,actor|african american|dream|two word title|written and directed by cast member,http://www.imdb.com/title/tt0093200/?ref_=fn_tt_tt_1,32,English,USA,R,0.1,322,7,1.85,471
1979,b'Penitentiary',Color,Jamaa Fanaka,23,99,9,10,Chuck Mitchell,116,0,Crime|Drama|Sport,Leon Isaac Kennedy,509,170,Wilbur 'Hi-Fi' White,2,blaxploitation|boxing|convict|drifter|false accusation,http://www.imdb.com/title/tt0079709/?ref_=fn_tt_tt_1,10,English,USA,R,0.1,24,5.8,1.85,157
2014,"b""Dude, Where's My Dog?!""",Color,Stephen Langford,2,82,7,50,Gabriela Castillo,143,0,Family,Kevin P. Farley,73,417,Brandon Middleton,0,0,http://www.imdb.com/title/tt3109200/?ref_=fn_tt_tt_1,4,English,USA,PG,0.02,134,3.2,1.85,178
2007,b'Closure',Color,Dan Reed,61,80,3,140,Adam Rayner,798,0,Thriller,Danny Dyer,5747,1401,Ralph Brown,1,countryside|night|party|rape|scar,http://www.imdb.com/title/tt0480011/?ref_=fn_tt_tt_1,44,English,UK,R,1.8,279,5.6,1.85,246
2013,b'Echo Dr.',Color,Patrick Ryan Sims,5,81,0,10,Hugh Mun,416,0,Action|Drama|Sci-Fi|Thriller,Claire Gordon-Harper,101,459,Johnathan Hurley,2,android|artificial intelligence|home invasion|security system|tech noir,http://www.imdb.com/title/tt2343473/?ref_=fn_tt_tt_1,1,English,USA,0,0.1,18,3.6,1.78,17
1971,b'The Night Visitor',Color,Laslo Benedek,14,106,6,13,Trevor Howard,440,0,Crime|Horror|Thriller,Liv Ullmann,544,564,Andrew Keir,1,escape|independent film|mental illness|prison|revenge,http://www.imdb.com/title/tt0066141/?ref_=fn_tt_tt_1,19,English,USA,GP,0,98,6.8,0,65
2014,b'The Past is a Grotesque Animal',Color,Jason Miller,5,77,0,0,Dottie Alexander,45,0,Biography|Documentary|Music,Jon Brion,80,45,David Barnes,0,artist|band|male rear nudity|sexuality|stage,http://www.imdb.com/title/tt3072636/?ref_=fn_tt_tt_1,1,English,USA,Unrated,0.1,0,7.6,1.78,82
2004,"b'Peace, Propaganda & the Promised Land'",Color,Sut Jhally,16,80,3,0,Seth Ackerman,103,0,Documentary,Noam Chomsky,496,103,Arik Ascherman,3,arab israeli conflict|israel|media|middle east|palestine,http://www.imdb.com/title/tt0428959/?ref_=fn_tt_tt_1,13,English,USA,0,0.07,0,8.3,0,110
1998,b'Pi', Black and White,Darren Aronofsky,138,84,0,194,Clint Mansell,1000,3.21697,Drama|Mystery|Thriller,Mark Margolis,142619,2065,Stanley B. Herman,0,mathematician|nature|numbers|pattern|using a metal detector on a beach,http://www.imdb.com/title/tt0138704/?ref_=fn_tt_tt_1,586,English,USA,R,0.06,512,7.5,1.66,24000
1997,"b""I Love You, Don't Touch Me!""",Color,Julie Davis,5,86,12,117,Meredith Scott Lynn,238,0.033598,Comedy|Romance,Jack McGee,405,623,Tim DeZarn,1,female frontal nudity|female rear nudity|title directed by female|virgin|written and directed by cast member,http://www.imdb.com/title/tt0130019/?ref_=fn_tt_tt_1,15,English,USA,R,0,166,5.4,0,97
1998,b'20 Dates',Color,Myles Berkowitz,32,87,0,153,Tom Ardavany,1000,0.536767,Biography|Comedy|Romance,Tia Carrere,1622,1362,Robert McKee,0,fake documentary|hidden camera|mockumentary|narrative|reality show,http://www.imdb.com/title/tt0138987/?ref_=fn_tt_tt_1,83,English,USA,R,0.06,184,5.3,1.85,30
2015,b'Queen Crab',Color,Brett Piper,18,80,7,3,Steve Diasparra,118,0,Action|Sci-Fi|Thriller,Michelle Simone Miller,48,138,A.J. DeLucia,0,0,http://www.imdb.com/title/tt2319456/?ref_=fn_tt_tt_1,18,English,USA,0,0.075,15,4.5,0,34
2014,b'Happy Christmas',Color,Joe Swanberg,65,82,217,442,Lena Dunham,10000,0.030084,Comedy|Drama,Anna Kendrick,5507,11642,Mark Webber,3,chicago illinois|drink|drinking|filmmaker|writer,http://www.imdb.com/title/tt2955096/?ref_=fn_tt_tt_1,23,English,USA,R,0.07,969,5.6,1.85,812
2014,b'Tiger Orange',Color,Wade Gasque,13,75,0,46,Vincent Duvall,267,0,Drama,Ty Parker,683,488,Loanne Bishop,2,coming out|father son relationship|gay|gay brother|toilet sex,http://www.imdb.com/title/tt2866824/?ref_=fn_tt_tt_1,8,English,USA,Unrated,0.1,87,6.8,1.78,182
2012,b'Supporting Characters',Color,Daniel Schechter,15,87,8,272,Kevin Corrigan,969,0,Comedy,Lena Dunham,760,2398,Alex Karpovsky,0,film editor|kiss|marriage proposal|movie screening|urination,http://www.imdb.com/title/tt1874789/?ref_=fn_tt_tt_1,4,English,USA,Not Rated,0,778,6.3,0,209
2011,b'Absentia',Color,Mike Flanagan,125,87,59,9,Courtney Bell,35,0,Drama|Horror|Mystery,Justin Gordon,13065,97,Erin Cipolletti,0,anticipate|dead in absentia|foetus|tunnel|unreliable narration,http://www.imdb.com/title/tt1610996/?ref_=fn_tt_tt_1,136,English,USA,R,0.07,28,5.8,1.78,3000
1995,b'The Brothers McMullen',Color,Edward Burns,36,98,0,73,Michael McGlone,138,10.2466,Comedy|Drama|Romance,Shari Albert,6375,388,Maxine Bahns,0,abusive father|critically acclaimed|loss of father|love|true love,http://www.imdb.com/title/tt0112585/?ref_=fn_tt_tt_1,36,English,USA,R,0.025,111,6.6,1.85,265
2013,b'The Dirties',Color,Matt Johnson,73,83,8,8,Shailene Garnett,111,0,Crime|Drama|Thriller,Paul Daniel Ayotte,3885,147,Matt Johnson,0,best friend|bully|friend|revenge|school,http://www.imdb.com/title/tt2334896/?ref_=fn_tt_tt_1,40,English,Canada,Not Rated,0,19,6.7,0,1000
1983,b'Gabriela',Color,Bruno Barreto,1,99,9,3,Sonia Braga,866,0,Comedy|Drama|Romance,Marcello Mastroianni,712,1179,Joffre Soares,0,based on novel|brazil|female underarm hair|sex in a window|star appears nude,http://www.imdb.com/title/tt0085575/?ref_=fn_tt_tt_1,9,Portuguese,Brazil,R,0,308,6.4,2.35,114
2012,b'Hayride',Color,Terron R. Parsons,13,93,9,133,Jeremy Sande,743,0,Crime|Drama|Horror,Richard Tyson,485,1527,Corlandos Scott,0,0,http://www.imdb.com/title/tt1861343/?ref_=fn_tt_tt_1,5,English,USA,Not Rated,0.06,413,3.4,1.78,284
2006,b'The Naked Ape',Color,Daniel Mellitz,0,0,0,15,Chelse Swain,1000,0,Comedy|Drama,Corbin Bernsen,128,1077,Amanda MacDonald,0,coming of age|male nudity|road trip|skinny dipping|teenager,http://www.imdb.com/title/tt0381053/?ref_=fn_tt_tt_1,3,English,USA,0,0,36,4.7,0,2
2015,b'Counting',Color,Jem Cohen,12,111,6,0,0,0,0,Documentary,0,61,0,0,0,city|city symphony|diary|essay|surveillance,http://www.imdb.com/title/tt4462082/?ref_=fn_tt_tt_1,1,English,USA,0,0.05,0,6,1.78,5
2013,b'Bending Steel',Color,Dave Carroll,10,92,0,0,0,0,0,Documentary,Chris 'Wonder' Schoeck,53,0,0,0,0,http://www.imdb.com/title/tt2181837/?ref_=fn_tt_tt_1,10,English,USA,0,0.05,0,7.9,16,33
2014,b'The Signal',Color,William Eubank,161,97,18,236,Olivia Cooke,852,0,Sci-Fi|Thriller,Lin Shaye,48236,1922,Beau Knapp,0,computer hacker|girlfriend in a coma|nosebleed|prosthetic leg|road trip,http://www.imdb.com/title/tt2910814/?ref_=fn_tt_tt_1,180,English,USA,PG-13,4,680,6.1,2.35,10000
2014,b'The Image Revolution',Color,Patrick Meaney,7,81,3,18,Greg Aronowitz,26,0,Biography|Documentary,Taliesin Jaffe,66,70,Jeff Dowd,7,comic book|comic book history|comics|spawn|walking dead,http://www.imdb.com/title/tt2294916/?ref_=fn_tt_tt_1,2,English,USA,0,0.05,20,7.4,0,83
2013,b'This Is Martin Bonner',Color,Chad Hartigan,34,83,3,69,Paul Eenhoorn,695,0,Drama,Jan Haley,733,1438,Demetrius Grosse,0,estranged daughter|friendship|nevada|prisoner|unlikely friendship,http://www.imdb.com/title/tt1798291/?ref_=fn_tt_tt_1,7,English,USA,R,0.042,571,6.6,16,234
2013,b'A True Story',Color,Malcolm Goodwin,0,96,117,281,Jon Gries,948,0,Comedy,Katrina Bowden,181,2058,Kelen Coleman,5,ellipsis in title|long title|period in title|punctuation in title|title ends with period,http://www.imdb.com/title/tt1524083/?ref_=fn_tt_tt_1,4,English,USA,0,0.045,482,5.5,2.35,72
2000,b'George Washington',Color,David Gordon Green,75,90,234,15,Eddie Rouse,552,0.241816,Drama,Paul Schneider,6246,642,Damian Jewan Lee,0,cover up|north carolina|redemption|small town|teenager,http://www.imdb.com/title/tt0262432/?ref_=fn_tt_tt_1,76,English,USA,Unrated,0.042,61,7.5,2.35,451
2014,b'Dawn of the Crescent Moon',Color,Kirk Loudon,3,95,0,279,Johnny Walter,883,0,Drama|Sci-Fi|Thriller,Barry Corbin,34,2618,Shiree Nelson,0,0,http://www.imdb.com/title/tt3157318/?ref_=fn_tt_tt_1,2,English,USA,0,0.075,507,5,0,87
2011,b'Raymond Did It',Color,Travis Legge,2,83,138,76,Patricia Raven,307,0,Horror,Elissa Dowling,192,619,Lindsay Felton,0,blood|independent film|mutilation|violence,http://www.imdb.com/title/tt1716760/?ref_=fn_tt_tt_1,6,English,USA,Unrated,0.04,114,3.2,2.35,239
2012,"b'Run, Hide, Die'",Color,Collin Joseph Neal,7,75,14,130,Thomas Brophy,252,0,Horror|Thriller,Julianne Gabert,106,638,Ronee Collins,0,0,http://www.imdb.com/title/tt2442662/?ref_=fn_tt_tt_1,5,English,USA,0,0.05,132,3.7,2.35,225
2009,b'The Exploding Girl',Color,Bradley Rust Gray,61,79,2,20,Mark Rendall,962,0.024705,Drama,Zoe Kazan,1516,1054,Jordan Scovel,0,friend|hospital|low budget film|ring|stoned,http://www.imdb.com/title/tt1294161/?ref_=fn_tt_tt_1,10,English,USA,Unrated,0,72,6.3,0,377
2007,"b""The Legend of God's Gun""",Color,Mike Bruce,3,78,6,17,Kirpatrick Thomas,32,0.243768,Western,Joseph Campanella,143,72,Christian Anderson,0,0,http://www.imdb.com/title/tt1073221/?ref_=fn_tt_tt_1,9,English,USA,R,0.03,17,4.1,2.35,13
2005,b'Mutual Appreciation', Black and White,Andrew Bujalski,52,109,26,3,Kate Dollenmayer,26,0,Comedy,Andrew Bujalski,1578,38,Justin Rice,0,friendship|guitarist|mumblecore|musician|new york,http://www.imdb.com/title/tt0446747/?ref_=fn_tt_tt_1,23,English,USA,R,0,6,6.9,1.66,91
2013,b'Her Cry: La Llorona Investigation',Color,Damir Catic,0,89,2,0,Ron Gelner,5,0,Horror,Nichole Ceballos,23,5,Parker Riggs,0,la llorona|weeping,http://www.imdb.com/title/tt2469216/?ref_=fn_tt_tt_1,2,English,USA,Not Rated,0.06,0,5.4,0,48
2009,b'Down Terrace',Color,Ben Wheatley,53,93,214,59,Tony Way,177,0.009609,Comedy|Crime|Drama,Michael Smiley,2646,365,David Schaal,4,black comedy,http://www.imdb.com/title/tt1489167/?ref_=fn_tt_tt_1,22,English,UK,R,0,95,6.5,0,535
1971,b'Pink Narcissus',Color,James Bidgood,8,65,0,0,Bobby Kendall,0,0.008231,Drama|Fantasy,Don Brooks,803,0,0,1,male frontal nudity|male pubic hair|male rear nudity|pubic hair|street hustler,http://www.imdb.com/title/tt0067580/?ref_=fn_tt_tt_1,16,English,USA,Not Rated,0.027,0,6.7,1.37,85
2002,b'Funny Ha Ha',Color,Andrew Bujalski,43,85,26,3,Kate Dollenmayer,26,0,Comedy|Drama,Andrew Bujalski,1894,40,Justin Rice,1,mumblecore,http://www.imdb.com/title/tt0327753/?ref_=fn_tt_tt_1,61,English,USA,0,0,6,6.4,1.37,108
1997,b'In the Company of Men',Color,Neil LaBute,80,97,119,7,Matt Malloy,136,2.856622,Comedy|Drama,Stacy Edwards,11550,254,Jason Dixie,0,business trip|love|misogynist|office|secretary,http://www.imdb.com/title/tt0119361/?ref_=fn_tt_tt_1,197,English,Canada,R,0.025,108,7.3,1.85,489
2014,b'Sabotage',Color,David Ayer,233,109,453,120,Martin Donovan,1000,10.499968,Action|Crime|Drama|Thriller,Mireille Enos,47502,1458,Maurice Compte,3,dea|drug cartel|kicked in the crotch|strip club|tough girl,http://www.imdb.com/title/tt1742334/?ref_=fn_tt_tt_1,212,English,USA,R,35,206,5.7,1.85,10000
2002,b'Manito',Color,Eric Eason,28,79,3,42,Panchito Gómez,93,0,Drama|Family,Franky G,493,243,Casper Martinez,0,ex convict|graduation|manhattan new york city|older brother is bad influence|washington heights manhattan new york city,http://www.imdb.com/title/tt0298050/?ref_=fn_tt_tt_1,21,English,USA,0,0.024,46,7,1.78,61
1991,b'Slacker', Black and White,Richard Linklater,61,100,0,0,Richard Linklater,5,1.227508,Comedy|Drama,Tommy Pallotta,15103,5,Jean Caffeine,0,austin texas|moon|pap smear|texas|twenty something,http://www.imdb.com/title/tt0102943/?ref_=fn_tt_tt_1,80,English,USA,R,0.023,0,7.1,1.37,2000
2015,b'Dutch Kills',Color,Joseph Mazzella,0,90,0,9,Mikaal Bates,313,0,Crime|Drama|Thriller,Tjasa Ferme,57,366,Damon Owlia,2,0,http://www.imdb.com/title/tt2759066/?ref_=fn_tt_tt_1,2,English,USA,0,0.025,25,4.8,0,33
2013,b'Dry Spell',Color,Travis Legge,1,90,138,138,Suzi Lorraine,370,0,Comedy|Romance,Kristen Seavey,114,841,Travis Legge,1,anti romantic comedy|dating|divorce|sex comedy|sex scene,http://www.imdb.com/title/tt2375036/?ref_=fn_tt_tt_1,3,English,USA,0,0.022,184,3.3,1.78,200
2003,b'Flywheel',Color,Alex Kendrick,5,120,589,4,Lisa Arnold,51,0,Drama,Shannen Fields,2986,108,Janet Lee Dapper,1,baby|car salesman|christian film|pregnancy|used car salesman,http://www.imdb.com/title/tt0425027/?ref_=fn_tt_tt_1,49,English,USA,0,0.02,49,6.9,1.85,725
2011,b'The Ridges',0,Brandon Landers,0,143,8,8,Alana Kaniewski,720,0,Drama|Horror|Thriller,Robbie Barnes,125,770,Brandon Landers,0,avatar|college|death|tron|university,http://www.imdb.com/title/tt1781935/?ref_=fn_tt_tt_1,8,English,USA,0,0.01735,19,3,0,33
2005,b'The Puffy Chair',Color,Jay Duplass,51,85,157,10,Katie Aselton,830,0.192467,Comedy|Drama|Romance,Mark Duplass,4067,1064,Bari Hyman,0,birthday|gift|motel|new york city|upholsterer,http://www.imdb.com/title/tt0436689/?ref_=fn_tt_tt_1,71,English,USA,R,0.015,224,6.6,0,297
2014,b'Stories of Our Lives', Black and White,Jim Chuchu,6,60,0,4,Olwenya Maina,147,0,Drama,Paul Ogola,70,170,Mugambi Nthiga,0,0,http://www.imdb.com/title/tt3973612/?ref_=fn_tt_tt_1,1,Swahili,Kenya,0,0.015,19,7.4,0,45
2009,b'Breaking Upwards',Color,Daryl Wein,22,88,38,211,Heather Burns,331,0.076382,Romance,Zoe Lister-Jones,1194,1546,Ebon Moss-Bachrach,2,0,http://www.imdb.com/title/tt1247644/?ref_=fn_tt_tt_1,8,English,USA,0,0.015,212,6.2,2.35,324
2011,b'All Superheroes Must Die',Color,Jason Trost,42,78,91,86,Jason Trost,407,0,Sci-Fi|Thriller,Sean Whalen,1771,674,Nick Principe,0,arch villain|game of death|kidnapping|superhero,http://www.imdb.com/title/tt1836212/?ref_=fn_tt_tt_1,35,English,USA,Unrated,0.02,91,4,2.35,835
2004,b'Clean',Color,Olivier Assayas,81,110,107,45,Béatrice Dalle,576,0.136007,Drama|Music|Romance,Maggie Cheung,3924,776,Don McKellar,1,jail|junkie|money|motel|singer,http://www.imdb.com/title/tt0388838/?ref_=fn_tt_tt_1,39,French,France,R,0.0045,133,6.9,2.35,171
2000,b'The Circle',Color,Jafar Panahi,64,90,397,0,Nargess Mamizadeh,5,0.67378,Drama,Fereshteh Sadre Orafaiy,4555,5,Mojgan Faramarzi,0,abortion|bus|hospital|prison|prostitution,http://www.imdb.com/title/tt0255094/?ref_=fn_tt_tt_1,26,Persian,Iran,Not Rated,0.01,0,7.5,1.85,697
2007,b'Tin Can Man', Black and White,Ivan Kavanagh,12,83,18,0,Michael Parle,10,0,Horror,Patrick O'Donnell,57,15,Emma Eliza Regan,0,0,http://www.imdb.com/title/tt1235811/?ref_=fn_tt_tt_1,1,English,Ireland,0,0.01,5,6.7,1.33,105
1997,b'The Cure',Color,Kiyoshi Kurosawa,78,111,62,6,Anna Nakagawa,89,0.094596,Crime|Horror|Mystery|Thriller,Kôji Yakusho,6318,115,Denden,0,breasts|interrogation|investigation|murder|watching television,http://www.imdb.com/title/tt0123948/?ref_=fn_tt_tt_1,50,Japanese,Japan,0,1,13,7.4,1.85,817
2004,b'On the Downlow',Color,Tadeo Garcia,0,84,5,12,Michael Cortez,21,0,Drama,Tatiana Suarez-Pico,156,62,Eric Ambriz,2,gang initiation|gunplay|hazing|latino|shakespeare's romeo and juliet,http://www.imdb.com/title/tt0390323/?ref_=fn_tt_tt_1,3,English,USA,0,0,20,6.1,0,22
2012,b'Sanctuary; Quite a Conundrum',Color,Thomas L. Phillips,13,82,120,84,Joe Coffey,785,0,Comedy|Horror|Thriller,Julianna Pitt,133,1111,John Lucas,0,nudity|party|pirate|swimsuit|three word title,http://www.imdb.com/title/tt2049518/?ref_=fn_tt_tt_1,8,English,USA,0,0.2,98,5.4,16,424
1995,b'Bang',Color,Ash Baron-Cohen,10,98,3,152,Stanley B. Herman,789,0,Crime|Drama,Peter Greene,438,1186,James Noble,1,corruption|homeless|homeless man|motorcycle|urban legend,http://www.imdb.com/title/tt0109266/?ref_=fn_tt_tt_1,14,English,USA,0,0,194,6.4,0,20
2004,b'Primer',Color,Shane Carruth,143,77,291,8,David Sullivan,291,0.42476,Drama|Sci-Fi|Thriller,Shane Carruth,72639,368,Casey Gooden,0,changing the future|independent film|invention|nonlinear timeline|time travel,http://www.imdb.com/title/tt0390384/?ref_=fn_tt_tt_1,371,English,USA,PG-13,0.007,45,7,1.85,19000
2005,b'Cavite',Color,Neill Dela Llana,35,80,0,0,Edgar Tancangco,0,0.070071,Thriller,Ian Gamazon,589,0,Quynn Ton,0,jihad|mindanao|philippines|security guard|squatter,http://www.imdb.com/title/tt0428303/?ref_=fn_tt_tt_1,35,English,Philippines,Not Rated,0.007,0,6.3,0,74
2005,b'The Mongol King',Color,Anthony Vallone,0,84,2,2,John Considine,45,0,Crime|Drama,Richard Jewell,36,93,Sara Stepnicka,0,jewell|mongol|nostradamus|stepnicka|vallone,http://www.imdb.com/title/tt0430371/?ref_=fn_tt_tt_1,1,English,USA,PG-13,0.00325,44,7.8,0,4
2011,b'Newlyweds',Color,Edward Burns,14,95,0,133,Caitlin FitzGerald,296,0.004584,Comedy|Drama,Kerry Bishé,1338,690,Daniella Pineda,1,written and directed by cast member,http://www.imdb.com/title/tt1880418/?ref_=fn_tt_tt_1,14,English,USA,Not Rated,0.009,205,6.4,0,413
2013,b'Signed Sealed Delivered',Color,Scott Smith,1,87,2,318,Daphne Zuniga,637,0,Comedy|Drama,Eric Mabius,629,2283,Crystal Lowe,2,fraud|postal worker|prison|theft|trial,http://www.imdb.com/title/tt3000844/?ref_=fn_tt_tt_1,6,English,Canada,0,0,470,7.7,0,84
2013,b'A Plague So Pleasant',Color,Benjamin Roberds,13,76,0,0,Maxwell Moody,0,0,Drama|Horror|Thriller,Eva Boehnke,38,0,David Chandler,0,0,http://www.imdb.com/title/tt2107644/?ref_=fn_tt_tt_1,3,English,USA,0,0.0014,0,6.3,0,16
2012,b'Shanghai Calling',Color,Daniel Hsia,14,100,0,489,Daniel Henney,946,0.010443,Comedy|Drama|Romance,Alan Ruck,1255,2386,Eliza Coupe,5,0,http://www.imdb.com/title/tt2070597/?ref_=fn_tt_tt_1,9,English,USA,PG-13,0,719,6.3,2.35,660
2004,b'My Date with Drew',Color,Jon Gunn,43,90,16,16,Brian Herzlinger,86,0.085222,Documentary,John August,4285,163,Jon Gunn,0,actress name in title|crush|date|four word title|video camera,http://www.imdb.com/title/tt0378407/?ref_=fn_tt_tt_1,84,English,USA,PG,0.0011,23,6.6,1.85,456
